2025-05-09 13:58:36,521     INFO           main: Installation information:
2025-05-09 13:58:36,521     INFO           main:   Merlin directory: /home/meelis/merlin
2025-05-09 13:58:36,521     INFO           main:   PATH:
2025-05-09 13:58:36,521     INFO           main:       /home/meelis/anaconda3/envs/mrln_et/lib
2025-05-09 13:58:36,521     INFO           main:       /home/meelis/anaconda3/envs/mrln_et/bin
2025-05-09 13:58:36,522     INFO           main:       /home/meelis/anaconda3/condabin
2025-05-09 13:58:36,522     INFO           main:       /usr/local/sbin
2025-05-09 13:58:36,522     INFO           main:       /usr/local/bin
2025-05-09 13:58:36,522     INFO           main:       /usr/sbin
2025-05-09 13:58:36,522     INFO           main:       /usr/bin
2025-05-09 13:58:36,522     INFO           main:       /sbin
2025-05-09 13:58:36,522     INFO           main:       /bin
2025-05-09 13:58:36,522     INFO           main:       /usr/games
2025-05-09 13:58:36,522     INFO           main:       /usr/local/games
2025-05-09 13:58:36,522     INFO           main:       /snap/bin
2025-05-09 13:58:36,522     INFO           main:   LD_LIBRARY_PATH:
2025-05-09 13:58:36,522     INFO           main:   Python version: 3.6.8 |Anaconda, Inc.| (default, Dec 30 2018, 01:22:34) [GCC 7.3.0]
2025-05-09 13:58:36,522     INFO           main:     PYTHONPATH:
2025-05-09 13:58:36,522     INFO           main:   Numpy version: 1.19.5
2025-05-09 13:58:36,522     INFO           main:   Theano version: 1.0.5
2025-05-09 13:58:36,522     INFO           main:     THEANO_FLAGS: device=cuda,floatX=float32,on_unused_input=ignore
2025-05-09 13:58:36,522     INFO           main:     device: cuda
2025-05-09 13:58:36,527     INFO           main: Execution information:
2025-05-09 13:58:36,529     INFO           main:   HOSTNAME: fu.eki.ee
2025-05-09 13:58:36,529     INFO           main:   USER: meelis
2025-05-09 13:58:36,529     INFO           main:   PID: 5362
2025-05-09 13:58:36,555     INFO           main: Input label dimension is 369
2025-05-09 13:58:36,566     INFO           main: preparing label data (input) using standard HTS style labels
2025-05-09 13:58:36,569     INFO         labels: loaded /home/meelis/merlin/egs/build_your_own_voice/s1/experiments/eva_laused/acoustic_model/data/label_state_align/lause00379.lab, 130 labels
2025-05-09 13:58:36,570     INFO         labels: loaded /home/meelis/merlin/egs/build_your_own_voice/s1/experiments/eva_laused/acoustic_model/data/label_state_align/lause00064.lab, 205 labels
2025-05-09 13:58:36,570     INFO         labels: loaded /home/meelis/merlin/egs/build_your_own_voice/s1/experiments/eva_laused/acoustic_model/data/label_state_align/lause00001.lab, 140 labels
2025-05-09 13:58:36,571     INFO         labels: loaded /home/meelis/merlin/egs/build_your_own_voice/s1/experiments/eva_laused/acoustic_model/data/label_state_align/lause00253.lab, 200 labels
2025-05-09 13:58:36,571     INFO         labels: loaded /home/meelis/merlin/egs/build_your_own_voice/s1/experiments/eva_laused/acoustic_model/data/label_state_align/lause00190.lab, 120 labels
2025-05-09 13:58:36,572     INFO         labels: loaded /home/meelis/merlin/egs/build_your_own_voice/s1/experiments/eva_laused/acoustic_model/data/label_state_align/lause00316.lab, 120 labels
2025-05-09 13:58:36,582     INFO         labels: loaded /home/meelis/merlin/egs/build_your_own_voice/s1/experiments/eva_laused/acoustic_model/data/label_state_align/lause00442.lab, 160 labels
2025-05-09 13:58:36,590     INFO         labels: loaded /home/meelis/merlin/egs/build_your_own_voice/s1/experiments/eva_laused/acoustic_model/data/label_state_align/lause00127.lab, 230 labels
2025-05-09 13:58:36,721     INFO         labels: loaded /home/meelis/merlin/egs/build_your_own_voice/s1/experiments/eva_laused/acoustic_model/data/label_state_align/lause00191.lab, 135 labels
2025-05-09 13:58:36,774     INFO         labels: loaded /home/meelis/merlin/egs/build_your_own_voice/s1/experiments/eva_laused/acoustic_model/data/label_state_align/lause00380.lab, 130 labels
2025-05-09 13:58:36,817     INFO         labels: loaded /home/meelis/merlin/egs/build_your_own_voice/s1/experiments/eva_laused/acoustic_model/data/label_state_align/lause00443.lab, 190 labels
2025-05-09 13:58:36,906     INFO         labels: loaded /home/meelis/merlin/egs/build_your_own_voice/s1/experiments/eva_laused/acoustic_model/data/label_state_align/lause00317.lab, 265 labels
2025-05-09 13:58:36,920     INFO         labels: loaded /home/meelis/merlin/egs/build_your_own_voice/s1/experiments/eva_laused/acoustic_model/data/label_state_align/lause00192.lab, 155 labels
2025-05-09 13:58:36,938     INFO         labels: loaded /home/meelis/merlin/egs/build_your_own_voice/s1/experiments/eva_laused/acoustic_model/data/label_state_align/lause00065.lab, 185 labels
2025-05-09 13:58:37,019     INFO         labels: loaded /home/meelis/merlin/egs/build_your_own_voice/s1/experiments/eva_laused/acoustic_model/data/label_state_align/lause00128.lab, 250 labels
2025-05-09 13:58:37,033     INFO         labels: loaded /home/meelis/merlin/egs/build_your_own_voice/s1/experiments/eva_laused/acoustic_model/data/label_state_align/lause00381.lab, 200 labels
2025-05-09 13:58:37,038     INFO         labels: loaded /home/meelis/merlin/egs/build_your_own_voice/s1/experiments/eva_laused/acoustic_model/data/label_state_align/lause00254.lab, 160 labels
2025-05-09 13:58:37,043     INFO         labels: loaded /home/meelis/merlin/egs/build_your_own_voice/s1/experiments/eva_laused/acoustic_model/data/label_state_align/lause00002.lab, 165 labels
2025-05-09 13:58:37,044     INFO         labels: loaded /home/meelis/merlin/egs/build_your_own_voice/s1/experiments/eva_laused/acoustic_model/data/label_state_align/lause00193.lab, 205 labels
2025-05-09 13:58:37,062     INFO         labels: loaded /home/meelis/merlin/egs/build_your_own_voice/s1/experiments/eva_laused/acoustic_model/data/label_state_align/lause00444.lab, 150 labels
2025-05-09 13:58:37,325     INFO         labels: loaded /home/meelis/merlin/egs/build_your_own_voice/s1/experiments/eva_laused/acoustic_model/data/label_state_align/lause00066.lab, 175 labels
2025-05-09 13:58:37,334     INFO         labels: loaded /home/meelis/merlin/egs/build_your_own_voice/s1/experiments/eva_laused/acoustic_model/data/label_state_align/lause00194.lab, 150 labels
2025-05-09 13:58:37,336     INFO         labels: loaded /home/meelis/merlin/egs/build_your_own_voice/s1/experiments/eva_laused/acoustic_model/data/label_state_align/lause00129.lab, 240 labels
2025-05-09 13:58:37,346     INFO         labels: loaded /home/meelis/merlin/egs/build_your_own_voice/s1/experiments/eva_laused/acoustic_model/data/label_state_align/lause00318.lab, 160 labels
2025-05-09 13:58:37,352     INFO         labels: loaded /home/meelis/merlin/egs/build_your_own_voice/s1/experiments/eva_laused/acoustic_model/data/label_state_align/lause00382.lab, 180 labels
2025-05-09 13:58:37,353     INFO         labels: loaded /home/meelis/merlin/egs/build_your_own_voice/s1/experiments/eva_laused/acoustic_model/data/label_state_align/lause00445.lab, 155 labels
2025-05-09 13:58:37,354     INFO         labels: loaded /home/meelis/merlin/egs/build_your_own_voice/s1/experiments/eva_laused/acoustic_model/data/label_state_align/lause00003.lab, 165 labels
2025-05-09 13:58:37,368     INFO         labels: loaded /home/meelis/merlin/egs/build_your_own_voice/s1/experiments/eva_laused/acoustic_model/data/label_state_align/lause00255.lab, 135 labels
2025-05-09 13:58:37,406     INFO         labels: loaded /home/meelis/merlin/egs/build_your_own_voice/s1/experiments/eva_laused/acoustic_model/data/label_state_align/lause00195.lab, 110 labels
2025-05-09 13:58:37,550     INFO         labels: loaded /home/meelis/merlin/egs/build_your_own_voice/s1/experiments/eva_laused/acoustic_model/data/label_state_align/lause00196.lab,  95 labels
2025-05-09 13:58:37,579     INFO         labels: loaded /home/meelis/merlin/egs/build_your_own_voice/s1/experiments/eva_laused/acoustic_model/data/label_state_align/lause00067.lab, 185 labels
2025-05-09 13:58:37,583     INFO         labels: loaded /home/meelis/merlin/egs/build_your_own_voice/s1/experiments/eva_laused/acoustic_model/data/label_state_align/lause00446.lab, 195 labels
2025-05-09 13:58:37,660     INFO         labels: loaded /home/meelis/merlin/egs/build_your_own_voice/s1/experiments/eva_laused/acoustic_model/data/label_state_align/lause00319.lab, 180 labels
2025-05-09 13:58:37,671     INFO         labels: loaded /home/meelis/merlin/egs/build_your_own_voice/s1/experiments/eva_laused/acoustic_model/data/label_state_align/lause00130.lab, 200 labels
2025-05-09 13:58:37,763     INFO         labels: loaded /home/meelis/merlin/egs/build_your_own_voice/s1/experiments/eva_laused/acoustic_model/data/label_state_align/lause00197.lab, 170 labels
2025-05-09 13:58:37,803     INFO         labels: loaded /home/meelis/merlin/egs/build_your_own_voice/s1/experiments/eva_laused/acoustic_model/data/label_state_align/lause00383.lab, 225 labels
2025-05-09 13:58:37,830     INFO         labels: loaded /home/meelis/merlin/egs/build_your_own_voice/s1/experiments/eva_laused/acoustic_model/data/label_state_align/lause00256.lab, 205 labels
2025-05-09 13:58:37,913     INFO         labels: loaded /home/meelis/merlin/egs/build_your_own_voice/s1/experiments/eva_laused/acoustic_model/data/label_state_align/lause00447.lab, 140 labels
2025-05-09 13:58:37,915     INFO         labels: loaded /home/meelis/merlin/egs/build_your_own_voice/s1/experiments/eva_laused/acoustic_model/data/label_state_align/lause00004.lab, 150 labels
2025-05-09 13:58:37,965     INFO         labels: loaded /home/meelis/merlin/egs/build_your_own_voice/s1/experiments/eva_laused/acoustic_model/data/label_state_align/lause00198.lab, 270 labels
2025-05-09 13:58:38,030     INFO         labels: loaded /home/meelis/merlin/egs/build_your_own_voice/s1/experiments/eva_laused/acoustic_model/data/label_state_align/lause00068.lab, 170 labels
2025-05-09 13:58:38,096     INFO         labels: loaded /home/meelis/merlin/egs/build_your_own_voice/s1/experiments/eva_laused/acoustic_model/data/label_state_align/lause00131.lab, 155 labels
2025-05-09 13:58:38,106     INFO         labels: loaded /home/meelis/merlin/egs/build_your_own_voice/s1/experiments/eva_laused/acoustic_model/data/label_state_align/lause00448.lab, 145 labels
2025-05-09 13:58:38,112     INFO         labels: loaded /home/meelis/merlin/egs/build_your_own_voice/s1/experiments/eva_laused/acoustic_model/data/label_state_align/lause00320.lab, 215 labels
2025-05-09 13:58:38,289     INFO         labels: loaded /home/meelis/merlin/egs/build_your_own_voice/s1/experiments/eva_laused/acoustic_model/data/label_state_align/lause00199.lab, 115 labels
2025-05-09 13:58:38,294     INFO         labels: loaded /home/meelis/merlin/egs/build_your_own_voice/s1/experiments/eva_laused/acoustic_model/data/label_state_align/lause00384.lab, 175 labels
2025-05-09 13:58:38,336     INFO         labels: loaded /home/meelis/merlin/egs/build_your_own_voice/s1/experiments/eva_laused/acoustic_model/data/label_state_align/lause00449.lab, 140 labels
2025-05-09 13:58:38,393     INFO         labels: loaded /home/meelis/merlin/egs/build_your_own_voice/s1/experiments/eva_laused/acoustic_model/data/label_state_align/lause00005.lab, 125 labels
2025-05-09 13:58:38,411     INFO         labels: loaded /home/meelis/merlin/egs/build_your_own_voice/s1/experiments/eva_laused/acoustic_model/data/label_state_align/lause00257.lab, 195 labels
2025-05-09 13:58:38,422     INFO         labels: loaded /home/meelis/merlin/egs/build_your_own_voice/s1/experiments/eva_laused/acoustic_model/data/label_state_align/lause00132.lab, 205 labels
2025-05-09 13:58:38,453     INFO         labels: loaded /home/meelis/merlin/egs/build_your_own_voice/s1/experiments/eva_laused/acoustic_model/data/label_state_align/lause00200.lab, 125 labels
2025-05-09 13:58:38,512     INFO         labels: loaded /home/meelis/merlin/egs/build_your_own_voice/s1/experiments/eva_laused/acoustic_model/data/label_state_align/lause00069.lab, 295 labels
2025-05-09 13:58:38,555     INFO         labels: loaded /home/meelis/merlin/egs/build_your_own_voice/s1/experiments/eva_laused/acoustic_model/data/label_state_align/lause00450.lab,  95 labels
2025-05-09 13:58:38,630     INFO         labels: loaded /home/meelis/merlin/egs/build_your_own_voice/s1/experiments/eva_laused/acoustic_model/data/label_state_align/lause00201.lab, 145 labels
2025-05-09 13:58:38,670     INFO         labels: loaded /home/meelis/merlin/egs/build_your_own_voice/s1/experiments/eva_laused/acoustic_model/data/label_state_align/lause00385.lab, 255 labels
2025-05-09 13:58:38,670     INFO         labels: loaded /home/meelis/merlin/egs/build_your_own_voice/s1/experiments/eva_laused/acoustic_model/data/label_state_align/lause00321.lab, 190 labels
2025-05-09 13:58:38,674     INFO         labels: loaded /home/meelis/merlin/egs/build_your_own_voice/s1/experiments/eva_laused/acoustic_model/data/label_state_align/lause00006.lab, 160 labels
2025-05-09 13:58:38,679     INFO         labels: loaded /home/meelis/merlin/egs/build_your_own_voice/s1/experiments/eva_laused/acoustic_model/data/label_state_align/lause00451.lab, 140 labels
2025-05-09 13:58:38,822     INFO         labels: loaded /home/meelis/merlin/egs/build_your_own_voice/s1/experiments/eva_laused/acoustic_model/data/label_state_align/lause00202.lab, 200 labels
2025-05-09 13:58:38,873     INFO         labels: loaded /home/meelis/merlin/egs/build_your_own_voice/s1/experiments/eva_laused/acoustic_model/data/label_state_align/lause00452.lab, 155 labels
2025-05-09 13:58:38,928     INFO         labels: loaded /home/meelis/merlin/egs/build_your_own_voice/s1/experiments/eva_laused/acoustic_model/data/label_state_align/lause00133.lab, 180 labels
2025-05-09 13:58:38,995     INFO         labels: loaded /home/meelis/merlin/egs/build_your_own_voice/s1/experiments/eva_laused/acoustic_model/data/label_state_align/lause00258.lab, 165 labels
2025-05-09 13:58:39,084     INFO         labels: loaded /home/meelis/merlin/egs/build_your_own_voice/s1/experiments/eva_laused/acoustic_model/data/label_state_align/lause00070.lab, 225 labels
2025-05-09 13:58:39,164     INFO         labels: loaded /home/meelis/merlin/egs/build_your_own_voice/s1/experiments/eva_laused/acoustic_model/data/label_state_align/lause00453.lab, 210 labels
2025-05-09 13:58:39,167     INFO         labels: loaded /home/meelis/merlin/egs/build_your_own_voice/s1/experiments/eva_laused/acoustic_model/data/label_state_align/lause00386.lab, 160 labels
2025-05-09 13:58:39,170     INFO         labels: loaded /home/meelis/merlin/egs/build_your_own_voice/s1/experiments/eva_laused/acoustic_model/data/label_state_align/lause00203.lab, 155 labels
2025-05-09 13:58:39,189     INFO         labels: loaded /home/meelis/merlin/egs/build_your_own_voice/s1/experiments/eva_laused/acoustic_model/data/label_state_align/lause00134.lab, 255 labels
2025-05-09 13:58:39,190     INFO         labels: loaded /home/meelis/merlin/egs/build_your_own_voice/s1/experiments/eva_laused/acoustic_model/data/label_state_align/lause00007.lab, 170 labels
2025-05-09 13:58:39,205     INFO         labels: loaded /home/meelis/merlin/egs/build_your_own_voice/s1/experiments/eva_laused/acoustic_model/data/label_state_align/lause00322.lab, 165 labels
2025-05-09 13:58:39,383     INFO         labels: loaded /home/meelis/merlin/egs/build_your_own_voice/s1/experiments/eva_laused/acoustic_model/data/label_state_align/lause00204.lab, 150 labels
2025-05-09 13:58:39,449     INFO         labels: loaded /home/meelis/merlin/egs/build_your_own_voice/s1/experiments/eva_laused/acoustic_model/data/label_state_align/lause00454.lab, 195 labels
2025-05-09 13:58:39,504     INFO         labels: loaded /home/meelis/merlin/egs/build_your_own_voice/s1/experiments/eva_laused/acoustic_model/data/label_state_align/lause00387.lab, 190 labels
2025-05-09 13:58:39,517     INFO         labels: loaded /home/meelis/merlin/egs/build_your_own_voice/s1/experiments/eva_laused/acoustic_model/data/label_state_align/lause00259.lab, 195 labels
2025-05-09 13:58:39,594     INFO         labels: loaded /home/meelis/merlin/egs/build_your_own_voice/s1/experiments/eva_laused/acoustic_model/data/label_state_align/lause00135.lab, 230 labels
2025-05-09 13:58:39,610     INFO         labels: loaded /home/meelis/merlin/egs/build_your_own_voice/s1/experiments/eva_laused/acoustic_model/data/label_state_align/lause00071.lab, 165 labels
2025-05-09 13:58:39,614     INFO         labels: loaded /home/meelis/merlin/egs/build_your_own_voice/s1/experiments/eva_laused/acoustic_model/data/label_state_align/lause00205.lab, 170 labels
2025-05-09 13:58:39,699     INFO         labels: loaded /home/meelis/merlin/egs/build_your_own_voice/s1/experiments/eva_laused/acoustic_model/data/label_state_align/lause00455.lab, 205 labels
2025-05-09 13:58:39,707     INFO         labels: loaded /home/meelis/merlin/egs/build_your_own_voice/s1/experiments/eva_laused/acoustic_model/data/label_state_align/lause00323.lab, 220 labels
2025-05-09 13:58:39,762     INFO         labels: loaded /home/meelis/merlin/egs/build_your_own_voice/s1/experiments/eva_laused/acoustic_model/data/label_state_align/lause00008.lab,  90 labels
2025-05-09 13:58:39,874     INFO         labels: loaded /home/meelis/merlin/egs/build_your_own_voice/s1/experiments/eva_laused/acoustic_model/data/label_state_align/lause00388.lab, 145 labels
2025-05-09 13:58:39,880     INFO         labels: loaded /home/meelis/merlin/egs/build_your_own_voice/s1/experiments/eva_laused/acoustic_model/data/label_state_align/lause00206.lab, 170 labels
2025-05-09 13:58:40,025     INFO         labels: loaded /home/meelis/merlin/egs/build_your_own_voice/s1/experiments/eva_laused/acoustic_model/data/label_state_align/lause00456.lab, 155 labels
2025-05-09 13:58:40,026     INFO         labels: loaded /home/meelis/merlin/egs/build_your_own_voice/s1/experiments/eva_laused/acoustic_model/data/label_state_align/lause00136.lab, 275 labels
2025-05-09 13:58:40,048     INFO         labels: loaded /home/meelis/merlin/egs/build_your_own_voice/s1/experiments/eva_laused/acoustic_model/data/label_state_align/lause00009.lab, 120 labels
2025-05-09 13:58:40,079     INFO         labels: loaded /home/meelis/merlin/egs/build_your_own_voice/s1/experiments/eva_laused/acoustic_model/data/label_state_align/lause00072.lab, 240 labels
2025-05-09 13:58:40,081     INFO         labels: loaded /home/meelis/merlin/egs/build_your_own_voice/s1/experiments/eva_laused/acoustic_model/data/label_state_align/lause00260.lab, 210 labels
2025-05-09 13:58:40,082     INFO         labels: loaded /home/meelis/merlin/egs/build_your_own_voice/s1/experiments/eva_laused/acoustic_model/data/label_state_align/lause00207.lab, 150 labels
2025-05-09 13:58:40,208     INFO         labels: loaded /home/meelis/merlin/egs/build_your_own_voice/s1/experiments/eva_laused/acoustic_model/data/label_state_align/lause00389.lab, 140 labels
2025-05-09 13:58:40,233     INFO         labels: loaded /home/meelis/merlin/egs/build_your_own_voice/s1/experiments/eva_laused/acoustic_model/data/label_state_align/lause00457.lab, 205 labels
2025-05-09 13:58:40,255     INFO         labels: loaded /home/meelis/merlin/egs/build_your_own_voice/s1/experiments/eva_laused/acoustic_model/data/label_state_align/lause00324.lab, 115 labels
2025-05-09 13:58:40,275     INFO         labels: loaded /home/meelis/merlin/egs/build_your_own_voice/s1/experiments/eva_laused/acoustic_model/data/label_state_align/lause00208.lab, 100 labels
2025-05-09 13:58:40,390     INFO         labels: loaded /home/meelis/merlin/egs/build_your_own_voice/s1/experiments/eva_laused/acoustic_model/data/label_state_align/lause00010.lab, 175 labels
2025-05-09 13:58:40,410     INFO         labels: loaded /home/meelis/merlin/egs/build_your_own_voice/s1/experiments/eva_laused/acoustic_model/data/label_state_align/lause00209.lab, 130 labels
2025-05-09 13:58:40,446     INFO         labels: loaded /home/meelis/merlin/egs/build_your_own_voice/s1/experiments/eva_laused/acoustic_model/data/label_state_align/lause00137.lab, 190 labels
2025-05-09 13:58:40,491     INFO         labels: loaded /home/meelis/merlin/egs/build_your_own_voice/s1/experiments/eva_laused/acoustic_model/data/label_state_align/lause00458.lab, 145 labels
2025-05-09 13:58:40,544     INFO         labels: loaded /home/meelis/merlin/egs/build_your_own_voice/s1/experiments/eva_laused/acoustic_model/data/label_state_align/lause00390.lab, 105 labels
2025-05-09 13:58:40,551     INFO         labels: loaded /home/meelis/merlin/egs/build_your_own_voice/s1/experiments/eva_laused/acoustic_model/data/label_state_align/lause00210.lab, 190 labels
2025-05-09 13:58:40,574     INFO         labels: loaded /home/meelis/merlin/egs/build_your_own_voice/s1/experiments/eva_laused/acoustic_model/data/label_state_align/lause00325.lab, 180 labels
2025-05-09 13:58:40,579     INFO         labels: loaded /home/meelis/merlin/egs/build_your_own_voice/s1/experiments/eva_laused/acoustic_model/data/label_state_align/lause00073.lab, 140 labels
2025-05-09 13:58:40,691     INFO         labels: loaded /home/meelis/merlin/egs/build_your_own_voice/s1/experiments/eva_laused/acoustic_model/data/label_state_align/lause00261.lab, 210 labels
2025-05-09 13:58:40,727     INFO         labels: loaded /home/meelis/merlin/egs/build_your_own_voice/s1/experiments/eva_laused/acoustic_model/data/label_state_align/lause00459.lab, 190 labels
2025-05-09 13:58:40,758     INFO         labels: loaded /home/meelis/merlin/egs/build_your_own_voice/s1/experiments/eva_laused/acoustic_model/data/label_state_align/lause00138.lab, 230 labels
2025-05-09 13:58:40,760     INFO         labels: loaded /home/meelis/merlin/egs/build_your_own_voice/s1/experiments/eva_laused/acoustic_model/data/label_state_align/lause00211.lab, 155 labels
2025-05-09 13:58:40,767     INFO         labels: loaded /home/meelis/merlin/egs/build_your_own_voice/s1/experiments/eva_laused/acoustic_model/data/label_state_align/lause00391.lab, 220 labels
2025-05-09 13:58:40,924     INFO         labels: loaded /home/meelis/merlin/egs/build_your_own_voice/s1/experiments/eva_laused/acoustic_model/data/label_state_align/lause00212.lab, 125 labels
2025-05-09 13:58:40,943     INFO         labels: loaded /home/meelis/merlin/egs/build_your_own_voice/s1/experiments/eva_laused/acoustic_model/data/label_state_align/lause00074.lab, 170 labels
2025-05-09 13:58:40,955     INFO         labels: loaded /home/meelis/merlin/egs/build_your_own_voice/s1/experiments/eva_laused/acoustic_model/data/label_state_align/lause00011.lab, 140 labels
2025-05-09 13:58:40,980     INFO         labels: loaded /home/meelis/merlin/egs/build_your_own_voice/s1/experiments/eva_laused/acoustic_model/data/label_state_align/lause00460.lab, 235 labels
2025-05-09 13:58:41,076     INFO         labels: loaded /home/meelis/merlin/egs/build_your_own_voice/s1/experiments/eva_laused/acoustic_model/data/label_state_align/lause00326.lab, 125 labels
2025-05-09 13:58:41,119     INFO         labels: loaded /home/meelis/merlin/egs/build_your_own_voice/s1/experiments/eva_laused/acoustic_model/data/label_state_align/lause00213.lab, 205 labels
2025-05-09 13:58:41,145     INFO         labels: loaded /home/meelis/merlin/egs/build_your_own_voice/s1/experiments/eva_laused/acoustic_model/data/label_state_align/lause00139.lab, 205 labels
2025-05-09 13:58:41,154     INFO         labels: loaded /home/meelis/merlin/egs/build_your_own_voice/s1/experiments/eva_laused/acoustic_model/data/label_state_align/lause00392.lab, 170 labels
2025-05-09 13:58:41,203     INFO         labels: loaded /home/meelis/merlin/egs/build_your_own_voice/s1/experiments/eva_laused/acoustic_model/data/label_state_align/lause00262.lab, 145 labels
2025-05-09 13:58:41,292     INFO         labels: loaded /home/meelis/merlin/egs/build_your_own_voice/s1/experiments/eva_laused/acoustic_model/data/label_state_align/lause00461.lab, 185 labels
2025-05-09 13:58:41,295     INFO         labels: loaded /home/meelis/merlin/egs/build_your_own_voice/s1/experiments/eva_laused/acoustic_model/data/label_state_align/lause00214.lab, 185 labels
2025-05-09 13:58:41,303     INFO         labels: loaded /home/meelis/merlin/egs/build_your_own_voice/s1/experiments/eva_laused/acoustic_model/data/label_state_align/lause00012.lab, 195 labels
2025-05-09 13:58:41,409     INFO         labels: loaded /home/meelis/merlin/egs/build_your_own_voice/s1/experiments/eva_laused/acoustic_model/data/label_state_align/lause00327.lab, 195 labels
2025-05-09 13:58:41,428     INFO         labels: loaded /home/meelis/merlin/egs/build_your_own_voice/s1/experiments/eva_laused/acoustic_model/data/label_state_align/lause00075.lab, 230 labels
2025-05-09 13:58:41,484     INFO         labels: loaded /home/meelis/merlin/egs/build_your_own_voice/s1/experiments/eva_laused/acoustic_model/data/label_state_align/lause00393.lab, 145 labels
2025-05-09 13:58:41,502     INFO         labels: loaded /home/meelis/merlin/egs/build_your_own_voice/s1/experiments/eva_laused/acoustic_model/data/label_state_align/lause00462.lab, 115 labels
2025-05-09 13:58:41,507     INFO         labels: loaded /home/meelis/merlin/egs/build_your_own_voice/s1/experiments/eva_laused/acoustic_model/data/label_state_align/lause00215.lab, 150 labels
2025-05-09 13:58:41,509     INFO         labels: loaded /home/meelis/merlin/egs/build_your_own_voice/s1/experiments/eva_laused/acoustic_model/data/label_state_align/lause00140.lab, 175 labels
2025-05-09 13:58:41,555     INFO         labels: loaded /home/meelis/merlin/egs/build_your_own_voice/s1/experiments/eva_laused/acoustic_model/data/label_state_align/lause00263.lab, 200 labels
2025-05-09 13:58:41,694     INFO         labels: loaded /home/meelis/merlin/egs/build_your_own_voice/s1/experiments/eva_laused/acoustic_model/data/label_state_align/lause00463.lab, 170 labels
2025-05-09 13:58:41,728     INFO         labels: loaded /home/meelis/merlin/egs/build_your_own_voice/s1/experiments/eva_laused/acoustic_model/data/label_state_align/lause00216.lab, 210 labels
2025-05-09 13:58:41,840     INFO         labels: loaded /home/meelis/merlin/egs/build_your_own_voice/s1/experiments/eva_laused/acoustic_model/data/label_state_align/lause00394.lab, 125 labels
2025-05-09 13:58:41,866     INFO         labels: loaded /home/meelis/merlin/egs/build_your_own_voice/s1/experiments/eva_laused/acoustic_model/data/label_state_align/lause00141.lab, 190 labels
2025-05-09 13:58:41,897     INFO         labels: loaded /home/meelis/merlin/egs/build_your_own_voice/s1/experiments/eva_laused/acoustic_model/data/label_state_align/lause00328.lab, 200 labels
2025-05-09 13:58:41,930     INFO         labels: loaded /home/meelis/merlin/egs/build_your_own_voice/s1/experiments/eva_laused/acoustic_model/data/label_state_align/lause00013.lab, 165 labels
2025-05-09 13:58:41,934     INFO         labels: loaded /home/meelis/merlin/egs/build_your_own_voice/s1/experiments/eva_laused/acoustic_model/data/label_state_align/lause00076.lab, 220 labels
2025-05-09 13:58:41,947     INFO         labels: loaded /home/meelis/merlin/egs/build_your_own_voice/s1/experiments/eva_laused/acoustic_model/data/label_state_align/lause00464.lab, 155 labels
2025-05-09 13:58:41,995     INFO         labels: loaded /home/meelis/merlin/egs/build_your_own_voice/s1/experiments/eva_laused/acoustic_model/data/label_state_align/lause00217.lab, 155 labels
2025-05-09 13:58:42,029     INFO         labels: loaded /home/meelis/merlin/egs/build_your_own_voice/s1/experiments/eva_laused/acoustic_model/data/label_state_align/lause00264.lab, 180 labels
2025-05-09 13:58:42,112     INFO         labels: loaded /home/meelis/merlin/egs/build_your_own_voice/s1/experiments/eva_laused/acoustic_model/data/label_state_align/lause00465.lab, 130 labels
2025-05-09 13:58:42,136     INFO         labels: loaded /home/meelis/merlin/egs/build_your_own_voice/s1/experiments/eva_laused/acoustic_model/data/label_state_align/lause00395.lab, 125 labels
2025-05-09 13:58:42,186     INFO         labels: loaded /home/meelis/merlin/egs/build_your_own_voice/s1/experiments/eva_laused/acoustic_model/data/label_state_align/lause00142.lab, 290 labels
2025-05-09 13:58:42,236     INFO         labels: loaded /home/meelis/merlin/egs/build_your_own_voice/s1/experiments/eva_laused/acoustic_model/data/label_state_align/lause00218.lab, 230 labels
2025-05-09 13:58:42,310     INFO         labels: loaded /home/meelis/merlin/egs/build_your_own_voice/s1/experiments/eva_laused/acoustic_model/data/label_state_align/lause00077.lab, 155 labels
2025-05-09 13:58:42,316     INFO         labels: loaded /home/meelis/merlin/egs/build_your_own_voice/s1/experiments/eva_laused/acoustic_model/data/label_state_align/lause00014.lab, 155 labels
2025-05-09 13:58:42,349     INFO         labels: loaded /home/meelis/merlin/egs/build_your_own_voice/s1/experiments/eva_laused/acoustic_model/data/label_state_align/lause00329.lab, 150 labels
2025-05-09 13:58:42,363     INFO         labels: loaded /home/meelis/merlin/egs/build_your_own_voice/s1/experiments/eva_laused/acoustic_model/data/label_state_align/lause00466.lab, 210 labels
2025-05-09 13:58:42,415     INFO         labels: loaded /home/meelis/merlin/egs/build_your_own_voice/s1/experiments/eva_laused/acoustic_model/data/label_state_align/lause00396.lab, 160 labels
2025-05-09 13:58:42,459     INFO         labels: loaded /home/meelis/merlin/egs/build_your_own_voice/s1/experiments/eva_laused/acoustic_model/data/label_state_align/lause00265.lab, 210 labels
2025-05-09 13:58:42,548     INFO         labels: loaded /home/meelis/merlin/egs/build_your_own_voice/s1/experiments/eva_laused/acoustic_model/data/label_state_align/lause00219.lab, 170 labels
2025-05-09 13:58:42,570     INFO         labels: loaded /home/meelis/merlin/egs/build_your_own_voice/s1/experiments/eva_laused/acoustic_model/data/label_state_align/lause00143.lab, 155 labels
2025-05-09 13:58:42,654     INFO         labels: loaded /home/meelis/merlin/egs/build_your_own_voice/s1/experiments/eva_laused/acoustic_model/data/label_state_align/lause00467.lab, 150 labels
2025-05-09 13:58:42,726     INFO         labels: loaded /home/meelis/merlin/egs/build_your_own_voice/s1/experiments/eva_laused/acoustic_model/data/label_state_align/lause00397.lab, 140 labels
2025-05-09 13:58:42,733     INFO         labels: loaded /home/meelis/merlin/egs/build_your_own_voice/s1/experiments/eva_laused/acoustic_model/data/label_state_align/lause00078.lab, 225 labels
2025-05-09 13:58:42,755     INFO         labels: loaded /home/meelis/merlin/egs/build_your_own_voice/s1/experiments/eva_laused/acoustic_model/data/label_state_align/lause00220.lab, 125 labels
2025-05-09 13:58:42,802     INFO         labels: loaded /home/meelis/merlin/egs/build_your_own_voice/s1/experiments/eva_laused/acoustic_model/data/label_state_align/lause00330.lab, 160 labels
2025-05-09 13:58:42,831     INFO         labels: loaded /home/meelis/merlin/egs/build_your_own_voice/s1/experiments/eva_laused/acoustic_model/data/label_state_align/lause00015.lab, 315 labels
2025-05-09 13:58:42,914     INFO         labels: loaded /home/meelis/merlin/egs/build_your_own_voice/s1/experiments/eva_laused/acoustic_model/data/label_state_align/lause00468.lab, 150 labels
2025-05-09 13:58:42,917     INFO         labels: loaded /home/meelis/merlin/egs/build_your_own_voice/s1/experiments/eva_laused/acoustic_model/data/label_state_align/lause00144.lab, 160 labels
2025-05-09 13:58:42,939     INFO         labels: loaded /home/meelis/merlin/egs/build_your_own_voice/s1/experiments/eva_laused/acoustic_model/data/label_state_align/lause00221.lab, 135 labels
2025-05-09 13:58:43,053     INFO         labels: loaded /home/meelis/merlin/egs/build_your_own_voice/s1/experiments/eva_laused/acoustic_model/data/label_state_align/lause00398.lab, 205 labels
2025-05-09 13:58:43,082     INFO         labels: loaded /home/meelis/merlin/egs/build_your_own_voice/s1/experiments/eva_laused/acoustic_model/data/label_state_align/lause00266.lab, 215 labels
2025-05-09 13:58:43,155     INFO         labels: loaded /home/meelis/merlin/egs/build_your_own_voice/s1/experiments/eva_laused/acoustic_model/data/label_state_align/lause00222.lab, 155 labels
2025-05-09 13:58:43,177     INFO         labels: loaded /home/meelis/merlin/egs/build_your_own_voice/s1/experiments/eva_laused/acoustic_model/data/label_state_align/lause00469.lab, 180 labels
2025-05-09 13:58:43,189     INFO         labels: loaded /home/meelis/merlin/egs/build_your_own_voice/s1/experiments/eva_laused/acoustic_model/data/label_state_align/lause00145.lab, 155 labels
2025-05-09 13:58:43,202     INFO         labels: loaded /home/meelis/merlin/egs/build_your_own_voice/s1/experiments/eva_laused/acoustic_model/data/label_state_align/lause00331.lab, 175 labels
2025-05-09 13:58:43,203     INFO         labels: loaded /home/meelis/merlin/egs/build_your_own_voice/s1/experiments/eva_laused/acoustic_model/data/label_state_align/lause00079.lab, 295 labels
2025-05-09 13:58:43,304     INFO         labels: loaded /home/meelis/merlin/egs/build_your_own_voice/s1/experiments/eva_laused/acoustic_model/data/label_state_align/lause00223.lab, 200 labels
2025-05-09 13:58:43,467     INFO         labels: loaded /home/meelis/merlin/egs/build_your_own_voice/s1/experiments/eva_laused/acoustic_model/data/label_state_align/lause00470.lab, 245 labels
2025-05-09 13:58:43,489     INFO         labels: loaded /home/meelis/merlin/egs/build_your_own_voice/s1/experiments/eva_laused/acoustic_model/data/label_state_align/lause00399.lab, 175 labels
2025-05-09 13:58:43,507     INFO         labels: loaded /home/meelis/merlin/egs/build_your_own_voice/s1/experiments/eva_laused/acoustic_model/data/label_state_align/lause00016.lab, 215 labels
2025-05-09 13:58:43,515     INFO         labels: loaded /home/meelis/merlin/egs/build_your_own_voice/s1/experiments/eva_laused/acoustic_model/data/label_state_align/lause00224.lab, 140 labels
2025-05-09 13:58:43,521     INFO         labels: loaded /home/meelis/merlin/egs/build_your_own_voice/s1/experiments/eva_laused/acoustic_model/data/label_state_align/lause00146.lab, 200 labels
2025-05-09 13:58:43,636     INFO         labels: loaded /home/meelis/merlin/egs/build_your_own_voice/s1/experiments/eva_laused/acoustic_model/data/label_state_align/lause00332.lab, 270 labels
2025-05-09 13:58:43,734     INFO         labels: loaded /home/meelis/merlin/egs/build_your_own_voice/s1/experiments/eva_laused/acoustic_model/data/label_state_align/lause00471.lab, 260 labels
2025-05-09 13:58:43,738     INFO         labels: loaded /home/meelis/merlin/egs/build_your_own_voice/s1/experiments/eva_laused/acoustic_model/data/label_state_align/lause00225.lab, 120 labels
2025-05-09 13:58:43,740     INFO         labels: loaded /home/meelis/merlin/egs/build_your_own_voice/s1/experiments/eva_laused/acoustic_model/data/label_state_align/lause00267.lab, 310 labels
2025-05-09 13:58:43,793     INFO         labels: loaded /home/meelis/merlin/egs/build_your_own_voice/s1/experiments/eva_laused/acoustic_model/data/label_state_align/lause00400.lab, 220 labels
2025-05-09 13:58:43,806     INFO         labels: loaded /home/meelis/merlin/egs/build_your_own_voice/s1/experiments/eva_laused/acoustic_model/data/label_state_align/lause00080.lab, 160 labels
2025-05-09 13:58:43,810     INFO         labels: loaded /home/meelis/merlin/egs/build_your_own_voice/s1/experiments/eva_laused/acoustic_model/data/label_state_align/lause00147.lab, 150 labels
2025-05-09 13:58:43,880     INFO         labels: loaded /home/meelis/merlin/egs/build_your_own_voice/s1/experiments/eva_laused/acoustic_model/data/label_state_align/lause00226.lab, 165 labels
2025-05-09 13:58:44,027     INFO         labels: loaded /home/meelis/merlin/egs/build_your_own_voice/s1/experiments/eva_laused/acoustic_model/data/label_state_align/lause00472.lab, 140 labels
2025-05-09 13:58:44,080     INFO         labels: loaded /home/meelis/merlin/egs/build_your_own_voice/s1/experiments/eva_laused/acoustic_model/data/label_state_align/lause00017.lab, 150 labels
2025-05-09 13:58:44,081     INFO         labels: loaded /home/meelis/merlin/egs/build_your_own_voice/s1/experiments/eva_laused/acoustic_model/data/label_state_align/lause00227.lab, 160 labels
2025-05-09 13:58:44,097     INFO         labels: loaded /home/meelis/merlin/egs/build_your_own_voice/s1/experiments/eva_laused/acoustic_model/data/label_state_align/lause00148.lab, 140 labels
2025-05-09 13:58:44,221     INFO         labels: loaded /home/meelis/merlin/egs/build_your_own_voice/s1/experiments/eva_laused/acoustic_model/data/label_state_align/lause00401.lab, 205 labels
2025-05-09 13:58:44,248     INFO         labels: loaded /home/meelis/merlin/egs/build_your_own_voice/s1/experiments/eva_laused/acoustic_model/data/label_state_align/lause00081.lab, 250 labels
2025-05-09 13:58:44,249     INFO         labels: loaded /home/meelis/merlin/egs/build_your_own_voice/s1/experiments/eva_laused/acoustic_model/data/label_state_align/lause00228.lab, 185 labels
2025-05-09 13:58:44,269     INFO         labels: loaded /home/meelis/merlin/egs/build_your_own_voice/s1/experiments/eva_laused/acoustic_model/data/label_state_align/lause00333.lab, 250 labels
2025-05-09 13:58:44,275     INFO         labels: loaded /home/meelis/merlin/egs/build_your_own_voice/s1/experiments/eva_laused/acoustic_model/data/label_state_align/lause00473.lab, 170 labels
2025-05-09 13:58:44,490     INFO         labels: loaded /home/meelis/merlin/egs/build_your_own_voice/s1/experiments/eva_laused/acoustic_model/data/label_state_align/lause00018.lab, 135 labels
2025-05-09 13:58:44,540     INFO         labels: loaded /home/meelis/merlin/egs/build_your_own_voice/s1/experiments/eva_laused/acoustic_model/data/label_state_align/lause00268.lab, 210 labels
2025-05-09 13:58:44,552     INFO         labels: loaded /home/meelis/merlin/egs/build_your_own_voice/s1/experiments/eva_laused/acoustic_model/data/label_state_align/lause00229.lab, 125 labels
2025-05-09 13:58:44,553     INFO         labels: loaded /home/meelis/merlin/egs/build_your_own_voice/s1/experiments/eva_laused/acoustic_model/data/label_state_align/lause00149.lab, 125 labels
2025-05-09 13:58:44,563     INFO         labels: loaded /home/meelis/merlin/egs/build_your_own_voice/s1/experiments/eva_laused/acoustic_model/data/label_state_align/lause00474.lab, 160 labels
2025-05-09 13:58:44,603     INFO         labels: loaded /home/meelis/merlin/egs/build_your_own_voice/s1/experiments/eva_laused/acoustic_model/data/label_state_align/lause00402.lab, 270 labels
2025-05-09 13:58:44,661     INFO         labels: loaded /home/meelis/merlin/egs/build_your_own_voice/s1/experiments/eva_laused/acoustic_model/data/label_state_align/lause00230.lab, 145 labels
2025-05-09 13:58:44,782     INFO         labels: loaded /home/meelis/merlin/egs/build_your_own_voice/s1/experiments/eva_laused/acoustic_model/data/label_state_align/lause00150.lab, 185 labels
2025-05-09 13:58:44,831     INFO         labels: loaded /home/meelis/merlin/egs/build_your_own_voice/s1/experiments/eva_laused/acoustic_model/data/label_state_align/lause00082.lab, 150 labels
2025-05-09 13:58:44,900     INFO         labels: loaded /home/meelis/merlin/egs/build_your_own_voice/s1/experiments/eva_laused/acoustic_model/data/label_state_align/lause00475.lab, 110 labels
2025-05-09 13:58:44,911     INFO         labels: loaded /home/meelis/merlin/egs/build_your_own_voice/s1/experiments/eva_laused/acoustic_model/data/label_state_align/lause00231.lab, 150 labels
2025-05-09 13:58:44,946     INFO         labels: loaded /home/meelis/merlin/egs/build_your_own_voice/s1/experiments/eva_laused/acoustic_model/data/label_state_align/lause00334.lab, 130 labels
2025-05-09 13:58:44,969     INFO         labels: loaded /home/meelis/merlin/egs/build_your_own_voice/s1/experiments/eva_laused/acoustic_model/data/label_state_align/lause00019.lab, 180 labels
2025-05-09 13:58:45,061     INFO         labels: loaded /home/meelis/merlin/egs/build_your_own_voice/s1/experiments/eva_laused/acoustic_model/data/label_state_align/lause00269.lab, 165 labels
2025-05-09 13:58:45,082     INFO         labels: loaded /home/meelis/merlin/egs/build_your_own_voice/s1/experiments/eva_laused/acoustic_model/data/label_state_align/lause00403.lab, 120 labels
2025-05-09 13:58:45,087     INFO         labels: loaded /home/meelis/merlin/egs/build_your_own_voice/s1/experiments/eva_laused/acoustic_model/data/label_state_align/lause00476.lab, 135 labels
2025-05-09 13:58:45,095     INFO         labels: loaded /home/meelis/merlin/egs/build_your_own_voice/s1/experiments/eva_laused/acoustic_model/data/label_state_align/lause00232.lab, 205 labels
2025-05-09 13:58:45,129     INFO         labels: loaded /home/meelis/merlin/egs/build_your_own_voice/s1/experiments/eva_laused/acoustic_model/data/label_state_align/lause00151.lab, 175 labels
2025-05-09 13:58:45,253     INFO         labels: loaded /home/meelis/merlin/egs/build_your_own_voice/s1/experiments/eva_laused/acoustic_model/data/label_state_align/lause00083.lab, 290 labels
2025-05-09 13:58:45,275     INFO         labels: loaded /home/meelis/merlin/egs/build_your_own_voice/s1/experiments/eva_laused/acoustic_model/data/label_state_align/lause00233.lab, 135 labels
2025-05-09 13:58:45,294     INFO         labels: loaded /home/meelis/merlin/egs/build_your_own_voice/s1/experiments/eva_laused/acoustic_model/data/label_state_align/lause00477.lab, 190 labels
2025-05-09 13:58:45,296     INFO         labels: loaded /home/meelis/merlin/egs/build_your_own_voice/s1/experiments/eva_laused/acoustic_model/data/label_state_align/lause00335.lab, 170 labels
2025-05-09 13:58:45,346     INFO         labels: loaded /home/meelis/merlin/egs/build_your_own_voice/s1/experiments/eva_laused/acoustic_model/data/label_state_align/lause00404.lab, 245 labels
2025-05-09 13:58:45,454     INFO         labels: loaded /home/meelis/merlin/egs/build_your_own_voice/s1/experiments/eva_laused/acoustic_model/data/label_state_align/lause00234.lab, 200 labels
2025-05-09 13:58:45,456     INFO         labels: loaded /home/meelis/merlin/egs/build_your_own_voice/s1/experiments/eva_laused/acoustic_model/data/label_state_align/lause00270.lab, 125 labels
2025-05-09 13:58:45,461     INFO         labels: loaded /home/meelis/merlin/egs/build_your_own_voice/s1/experiments/eva_laused/acoustic_model/data/label_state_align/lause00020.lab, 195 labels
2025-05-09 13:58:45,472     INFO         labels: loaded /home/meelis/merlin/egs/build_your_own_voice/s1/experiments/eva_laused/acoustic_model/data/label_state_align/lause00152.lab, 185 labels
2025-05-09 13:58:45,619     INFO         labels: loaded /home/meelis/merlin/egs/build_your_own_voice/s1/experiments/eva_laused/acoustic_model/data/label_state_align/lause00478.lab, 195 labels
2025-05-09 13:58:45,784     INFO         labels: loaded /home/meelis/merlin/egs/build_your_own_voice/s1/experiments/eva_laused/acoustic_model/data/label_state_align/lause00336.lab, 150 labels
2025-05-09 13:58:45,793     INFO         labels: loaded /home/meelis/merlin/egs/build_your_own_voice/s1/experiments/eva_laused/acoustic_model/data/label_state_align/lause00235.lab, 215 labels
2025-05-09 13:58:45,842     INFO         labels: loaded /home/meelis/merlin/egs/build_your_own_voice/s1/experiments/eva_laused/acoustic_model/data/label_state_align/lause00405.lab, 210 labels
2025-05-09 13:58:45,852     INFO         labels: loaded /home/meelis/merlin/egs/build_your_own_voice/s1/experiments/eva_laused/acoustic_model/data/label_state_align/lause00479.lab, 160 labels
2025-05-09 13:58:45,893     INFO         labels: loaded /home/meelis/merlin/egs/build_your_own_voice/s1/experiments/eva_laused/acoustic_model/data/label_state_align/lause00153.lab, 135 labels
2025-05-09 13:58:45,898     INFO         labels: loaded /home/meelis/merlin/egs/build_your_own_voice/s1/experiments/eva_laused/acoustic_model/data/label_state_align/lause00271.lab, 145 labels
2025-05-09 13:58:45,898     INFO         labels: loaded /home/meelis/merlin/egs/build_your_own_voice/s1/experiments/eva_laused/acoustic_model/data/label_state_align/lause00084.lab, 115 labels
2025-05-09 13:58:46,023     INFO         labels: loaded /home/meelis/merlin/egs/build_your_own_voice/s1/experiments/eva_laused/acoustic_model/data/label_state_align/lause00480.lab, 200 labels
2025-05-09 13:58:46,039     INFO         labels: loaded /home/meelis/merlin/egs/build_your_own_voice/s1/experiments/eva_laused/acoustic_model/data/label_state_align/lause00236.lab, 190 labels
2025-05-09 13:58:46,146     INFO         labels: loaded /home/meelis/merlin/egs/build_your_own_voice/s1/experiments/eva_laused/acoustic_model/data/label_state_align/lause00021.lab, 105 labels
2025-05-09 13:58:46,195     INFO         labels: loaded /home/meelis/merlin/egs/build_your_own_voice/s1/experiments/eva_laused/acoustic_model/data/label_state_align/lause00154.lab, 120 labels
2025-05-09 13:58:46,209     INFO         labels: loaded /home/meelis/merlin/egs/build_your_own_voice/s1/experiments/eva_laused/acoustic_model/data/label_state_align/lause00337.lab, 215 labels
2025-05-09 13:58:46,226     INFO         labels: loaded /home/meelis/merlin/egs/build_your_own_voice/s1/experiments/eva_laused/acoustic_model/data/label_state_align/lause00406.lab, 150 labels
2025-05-09 13:58:46,282     INFO         labels: loaded /home/meelis/merlin/egs/build_your_own_voice/s1/experiments/eva_laused/acoustic_model/data/label_state_align/lause00085.lab, 160 labels
2025-05-09 13:58:46,293     INFO         labels: loaded /home/meelis/merlin/egs/build_your_own_voice/s1/experiments/eva_laused/acoustic_model/data/label_state_align/lause00237.lab, 255 labels
2025-05-09 13:58:46,302     INFO         labels: loaded /home/meelis/merlin/egs/build_your_own_voice/s1/experiments/eva_laused/acoustic_model/data/label_state_align/lause00481.lab, 175 labels
2025-05-09 13:58:46,338     INFO         labels: loaded /home/meelis/merlin/egs/build_your_own_voice/s1/experiments/eva_laused/acoustic_model/data/label_state_align/lause00272.lab, 165 labels
2025-05-09 13:58:46,489     INFO         labels: loaded /home/meelis/merlin/egs/build_your_own_voice/s1/experiments/eva_laused/acoustic_model/data/label_state_align/lause00022.lab, 155 labels
2025-05-09 13:58:46,519     INFO         labels: loaded /home/meelis/merlin/egs/build_your_own_voice/s1/experiments/eva_laused/acoustic_model/data/label_state_align/lause00155.lab, 120 labels
2025-05-09 13:58:46,534     INFO         labels: loaded /home/meelis/merlin/egs/build_your_own_voice/s1/experiments/eva_laused/acoustic_model/data/label_state_align/lause00407.lab, 155 labels
2025-05-09 13:58:46,608     INFO         labels: loaded /home/meelis/merlin/egs/build_your_own_voice/s1/experiments/eva_laused/acoustic_model/data/label_state_align/lause00482.lab, 185 labels
2025-05-09 13:58:46,626     INFO         labels: loaded /home/meelis/merlin/egs/build_your_own_voice/s1/experiments/eva_laused/acoustic_model/data/label_state_align/lause00238.lab, 230 labels
2025-05-09 13:58:46,629     INFO         labels: loaded /home/meelis/merlin/egs/build_your_own_voice/s1/experiments/eva_laused/acoustic_model/data/label_state_align/lause00338.lab, 160 labels
2025-05-09 13:58:46,754     INFO         labels: loaded /home/meelis/merlin/egs/build_your_own_voice/s1/experiments/eva_laused/acoustic_model/data/label_state_align/lause00086.lab, 185 labels
2025-05-09 13:58:46,794     INFO         labels: loaded /home/meelis/merlin/egs/build_your_own_voice/s1/experiments/eva_laused/acoustic_model/data/label_state_align/lause00156.lab, 140 labels
2025-05-09 13:58:46,847     INFO         labels: loaded /home/meelis/merlin/egs/build_your_own_voice/s1/experiments/eva_laused/acoustic_model/data/label_state_align/lause00483.lab, 130 labels
2025-05-09 13:58:46,858     INFO         labels: loaded /home/meelis/merlin/egs/build_your_own_voice/s1/experiments/eva_laused/acoustic_model/data/label_state_align/lause00408.lab, 100 labels
2025-05-09 13:58:46,865     INFO         labels: loaded /home/meelis/merlin/egs/build_your_own_voice/s1/experiments/eva_laused/acoustic_model/data/label_state_align/lause00273.lab, 145 labels
2025-05-09 13:58:46,891     INFO         labels: loaded /home/meelis/merlin/egs/build_your_own_voice/s1/experiments/eva_laused/acoustic_model/data/label_state_align/lause00239.lab, 145 labels
2025-05-09 13:58:46,926     INFO         labels: loaded /home/meelis/merlin/egs/build_your_own_voice/s1/experiments/eva_laused/acoustic_model/data/label_state_align/lause00023.lab, 145 labels
2025-05-09 13:58:46,945     INFO         labels: loaded /home/meelis/merlin/egs/build_your_own_voice/s1/experiments/eva_laused/acoustic_model/data/label_state_align/lause00484.lab, 140 labels
2025-05-09 13:58:47,053     INFO         labels: loaded /home/meelis/merlin/egs/build_your_own_voice/s1/experiments/eva_laused/acoustic_model/data/label_state_align/lause00240.lab, 145 labels
2025-05-09 13:58:47,102     INFO         labels: loaded /home/meelis/merlin/egs/build_your_own_voice/s1/experiments/eva_laused/acoustic_model/data/label_state_align/lause00157.lab, 235 labels
2025-05-09 13:58:47,120     INFO         labels: loaded /home/meelis/merlin/egs/build_your_own_voice/s1/experiments/eva_laused/acoustic_model/data/label_state_align/lause00409.lab, 165 labels
2025-05-09 13:58:47,122     INFO         labels: loaded /home/meelis/merlin/egs/build_your_own_voice/s1/experiments/eva_laused/acoustic_model/data/label_state_align/lause00339.lab, 135 labels
2025-05-09 13:58:47,133     INFO         labels: loaded /home/meelis/merlin/egs/build_your_own_voice/s1/experiments/eva_laused/acoustic_model/data/label_state_align/lause00087.lab, 145 labels
2025-05-09 13:58:47,167     INFO         labels: loaded /home/meelis/merlin/egs/build_your_own_voice/s1/experiments/eva_laused/acoustic_model/data/label_state_align/lause00485.lab, 160 labels
2025-05-09 13:58:47,205     INFO         labels: loaded /home/meelis/merlin/egs/build_your_own_voice/s1/experiments/eva_laused/acoustic_model/data/label_state_align/lause00241.lab, 220 labels
2025-05-09 13:58:47,206     INFO         labels: loaded /home/meelis/merlin/egs/build_your_own_voice/s1/experiments/eva_laused/acoustic_model/data/label_state_align/lause00274.lab, 135 labels
2025-05-09 13:58:47,215     INFO         labels: loaded /home/meelis/merlin/egs/build_your_own_voice/s1/experiments/eva_laused/acoustic_model/data/label_state_align/lause00024.lab, 110 labels
2025-05-09 13:58:47,467     INFO         labels: loaded /home/meelis/merlin/egs/build_your_own_voice/s1/experiments/eva_laused/acoustic_model/data/label_state_align/lause00486.lab, 150 labels
2025-05-09 13:58:47,481     INFO         labels: loaded /home/meelis/merlin/egs/build_your_own_voice/s1/experiments/eva_laused/acoustic_model/data/label_state_align/lause00410.lab, 130 labels
2025-05-09 13:58:47,527     INFO         labels: loaded /home/meelis/merlin/egs/build_your_own_voice/s1/experiments/eva_laused/acoustic_model/data/label_state_align/lause00340.lab, 170 labels
2025-05-09 13:58:47,557     INFO         labels: loaded /home/meelis/merlin/egs/build_your_own_voice/s1/experiments/eva_laused/acoustic_model/data/label_state_align/lause00242.lab, 190 labels
2025-05-09 13:58:47,570     INFO         labels: loaded /home/meelis/merlin/egs/build_your_own_voice/s1/experiments/eva_laused/acoustic_model/data/label_state_align/lause00158.lab, 190 labels
2025-05-09 13:58:47,579     INFO         labels: loaded /home/meelis/merlin/egs/build_your_own_voice/s1/experiments/eva_laused/acoustic_model/data/label_state_align/lause00025.lab, 130 labels
2025-05-09 13:58:47,590     INFO         labels: loaded /home/meelis/merlin/egs/build_your_own_voice/s1/experiments/eva_laused/acoustic_model/data/label_state_align/lause00088.lab, 140 labels
2025-05-09 13:58:47,609     INFO         labels: loaded /home/meelis/merlin/egs/build_your_own_voice/s1/experiments/eva_laused/acoustic_model/data/label_state_align/lause00487.lab, 200 labels
2025-05-09 13:58:47,611     INFO         labels: loaded /home/meelis/merlin/egs/build_your_own_voice/s1/experiments/eva_laused/acoustic_model/data/label_state_align/lause00275.lab, 240 labels
2025-05-09 13:58:47,763     INFO         labels: loaded /home/meelis/merlin/egs/build_your_own_voice/s1/experiments/eva_laused/acoustic_model/data/label_state_align/lause00411.lab, 155 labels
2025-05-09 13:58:47,764     INFO         labels: loaded /home/meelis/merlin/egs/build_your_own_voice/s1/experiments/eva_laused/acoustic_model/data/label_state_align/lause00243.lab, 195 labels
2025-05-09 13:58:47,845     INFO         labels: loaded /home/meelis/merlin/egs/build_your_own_voice/s1/experiments/eva_laused/acoustic_model/data/label_state_align/lause00488.lab, 175 labels
2025-05-09 13:58:47,902     INFO         labels: loaded /home/meelis/merlin/egs/build_your_own_voice/s1/experiments/eva_laused/acoustic_model/data/label_state_align/lause00159.lab, 165 labels
2025-05-09 13:58:47,903     INFO         labels: loaded /home/meelis/merlin/egs/build_your_own_voice/s1/experiments/eva_laused/acoustic_model/data/label_state_align/lause00026.lab, 170 labels
2025-05-09 13:58:47,936     INFO         labels: loaded /home/meelis/merlin/egs/build_your_own_voice/s1/experiments/eva_laused/acoustic_model/data/label_state_align/lause00341.lab, 185 labels
2025-05-09 13:58:47,949     INFO         labels: loaded /home/meelis/merlin/egs/build_your_own_voice/s1/experiments/eva_laused/acoustic_model/data/label_state_align/lause00244.lab, 170 labels
2025-05-09 13:58:47,988     INFO         labels: loaded /home/meelis/merlin/egs/build_your_own_voice/s1/experiments/eva_laused/acoustic_model/data/label_state_align/lause00089.lab, 185 labels
2025-05-09 13:58:48,065     INFO         labels: loaded /home/meelis/merlin/egs/build_your_own_voice/s1/experiments/eva_laused/acoustic_model/data/label_state_align/lause00489.lab, 170 labels
2025-05-09 13:58:48,071     INFO         labels: loaded /home/meelis/merlin/egs/build_your_own_voice/s1/experiments/eva_laused/acoustic_model/data/label_state_align/lause00412.lab, 125 labels
2025-05-09 13:58:48,111     INFO         labels: loaded /home/meelis/merlin/egs/build_your_own_voice/s1/experiments/eva_laused/acoustic_model/data/label_state_align/lause00245.lab, 130 labels
2025-05-09 13:58:48,188     INFO         labels: loaded /home/meelis/merlin/egs/build_your_own_voice/s1/experiments/eva_laused/acoustic_model/data/label_state_align/lause00160.lab, 130 labels
2025-05-09 13:58:48,260     INFO         labels: loaded /home/meelis/merlin/egs/build_your_own_voice/s1/experiments/eva_laused/acoustic_model/data/label_state_align/lause00246.lab, 165 labels
2025-05-09 13:58:48,261     INFO         labels: loaded /home/meelis/merlin/egs/build_your_own_voice/s1/experiments/eva_laused/acoustic_model/data/label_state_align/lause00276.lab, 145 labels
2025-05-09 13:58:48,264     INFO         labels: loaded /home/meelis/merlin/egs/build_your_own_voice/s1/experiments/eva_laused/acoustic_model/data/label_state_align/lause00490.lab, 200 labels
2025-05-09 13:58:48,290     INFO         labels: loaded /home/meelis/merlin/egs/build_your_own_voice/s1/experiments/eva_laused/acoustic_model/data/label_state_align/lause00413.lab,  85 labels
2025-05-09 13:58:48,298     INFO         labels: loaded /home/meelis/merlin/egs/build_your_own_voice/s1/experiments/eva_laused/acoustic_model/data/label_state_align/lause00027.lab, 175 labels
2025-05-09 13:58:48,373     INFO         labels: loaded /home/meelis/merlin/egs/build_your_own_voice/s1/experiments/eva_laused/acoustic_model/data/label_state_align/lause00090.lab, 115 labels
2025-05-09 13:58:48,402     INFO         labels: loaded /home/meelis/merlin/egs/build_your_own_voice/s1/experiments/eva_laused/acoustic_model/data/label_state_align/lause00342.lab, 160 labels
2025-05-09 13:58:48,422     INFO         labels: loaded /home/meelis/merlin/egs/build_your_own_voice/s1/experiments/eva_laused/acoustic_model/data/label_state_align/lause00247.lab, 220 labels
2025-05-09 13:58:48,460     INFO         labels: loaded /home/meelis/merlin/egs/build_your_own_voice/s1/experiments/eva_laused/acoustic_model/data/label_state_align/lause00491.lab, 120 labels
2025-05-09 13:58:48,481     INFO         labels: loaded /home/meelis/merlin/egs/build_your_own_voice/s1/experiments/eva_laused/acoustic_model/data/label_state_align/lause00414.lab, 185 labels
2025-05-09 13:58:48,493     INFO         labels: loaded /home/meelis/merlin/egs/build_your_own_voice/s1/experiments/eva_laused/acoustic_model/data/label_state_align/lause00161.lab, 190 labels
2025-05-09 13:58:48,625     INFO         labels: loaded /home/meelis/merlin/egs/build_your_own_voice/s1/experiments/eva_laused/acoustic_model/data/label_state_align/lause00277.lab, 150 labels
2025-05-09 13:58:48,635     INFO         labels: loaded /home/meelis/merlin/egs/build_your_own_voice/s1/experiments/eva_laused/acoustic_model/data/label_state_align/lause00492.lab, 140 labels
2025-05-09 13:58:48,655     INFO         labels: loaded /home/meelis/merlin/egs/build_your_own_voice/s1/experiments/eva_laused/acoustic_model/data/label_state_align/lause00248.lab, 285 labels
2025-05-09 13:58:48,680     INFO         labels: loaded /home/meelis/merlin/egs/build_your_own_voice/s1/experiments/eva_laused/acoustic_model/data/label_state_align/lause00091.lab, 155 labels
2025-05-09 13:58:48,733     INFO         labels: loaded /home/meelis/merlin/egs/build_your_own_voice/s1/experiments/eva_laused/acoustic_model/data/label_state_align/lause00343.lab, 235 labels
2025-05-09 13:58:48,754     INFO         labels: loaded /home/meelis/merlin/egs/build_your_own_voice/s1/experiments/eva_laused/acoustic_model/data/label_state_align/lause00028.lab, 150 labels
2025-05-09 13:58:48,826     INFO         labels: loaded /home/meelis/merlin/egs/build_your_own_voice/s1/experiments/eva_laused/acoustic_model/data/label_state_align/lause00162.lab, 175 labels
2025-05-09 13:58:48,871     INFO         labels: loaded /home/meelis/merlin/egs/build_your_own_voice/s1/experiments/eva_laused/acoustic_model/data/label_state_align/lause00415.lab, 145 labels
2025-05-09 13:58:48,874     INFO         labels: loaded /home/meelis/merlin/egs/build_your_own_voice/s1/experiments/eva_laused/acoustic_model/data/label_state_align/lause00493.lab, 215 labels
2025-05-09 13:58:48,959     INFO         labels: loaded /home/meelis/merlin/egs/build_your_own_voice/s1/experiments/eva_laused/acoustic_model/data/label_state_align/lause00249.lab, 145 labels
2025-05-09 13:58:48,990     INFO         labels: loaded /home/meelis/merlin/egs/build_your_own_voice/s1/experiments/eva_laused/acoustic_model/data/label_state_align/lause00278.lab, 220 labels
2025-05-09 13:58:49,139     INFO         labels: loaded /home/meelis/merlin/egs/build_your_own_voice/s1/experiments/eva_laused/acoustic_model/data/label_state_align/lause00250.lab, 170 labels
2025-05-09 13:58:49,144     INFO         labels: loaded /home/meelis/merlin/egs/build_your_own_voice/s1/experiments/eva_laused/acoustic_model/data/label_state_align/lause00092.lab, 120 labels
2025-05-09 13:58:49,153     INFO         labels: loaded /home/meelis/merlin/egs/build_your_own_voice/s1/experiments/eva_laused/acoustic_model/data/label_state_align/lause00029.lab, 170 labels
2025-05-09 13:58:49,155     INFO         labels: loaded /home/meelis/merlin/egs/build_your_own_voice/s1/experiments/eva_laused/acoustic_model/data/label_state_align/lause00494.lab, 180 labels
2025-05-09 13:58:49,156     INFO         labels: loaded /home/meelis/merlin/egs/build_your_own_voice/s1/experiments/eva_laused/acoustic_model/data/label_state_align/lause00163.lab, 205 labels
2025-05-09 13:58:49,169     INFO         labels: loaded /home/meelis/merlin/egs/build_your_own_voice/s1/experiments/eva_laused/acoustic_model/data/label_state_align/lause00416.lab, 210 labels
2025-05-09 13:58:49,271     INFO         labels: loaded /home/meelis/merlin/egs/build_your_own_voice/s1/experiments/eva_laused/acoustic_model/data/label_state_align/lause00344.lab, 215 labels
2025-05-09 13:58:49,275     INFO         labels: loaded /home/meelis/merlin/egs/build_your_own_voice/s1/experiments/eva_laused/acoustic_model/data/label_state_align/lause00251.lab, 115 labels
2025-05-09 13:58:49,350     INFO         labels: loaded /home/meelis/merlin/egs/build_your_own_voice/s1/experiments/eva_laused/acoustic_model/data/label_state_align/lause00495.lab, 300 labels
2025-05-09 13:58:49,494     INFO         labels: loaded /home/meelis/merlin/egs/build_your_own_voice/s1/experiments/eva_laused/acoustic_model/data/label_state_align/lause00093.lab, 145 labels
2025-05-09 13:58:49,506     INFO         labels: loaded /home/meelis/merlin/egs/build_your_own_voice/s1/experiments/eva_laused/acoustic_model/data/label_state_align/lause00252.lab, 270 labels
2025-05-09 13:58:49,550     INFO         labels: loaded /home/meelis/merlin/egs/build_your_own_voice/s1/experiments/eva_laused/acoustic_model/data/label_state_align/lause00164.lab, 165 labels
2025-05-09 13:58:49,597     INFO         labels: loaded /home/meelis/merlin/egs/build_your_own_voice/s1/experiments/eva_laused/acoustic_model/data/label_state_align/lause00030.lab, 170 labels
2025-05-09 13:58:49,605     INFO         labels: loaded /home/meelis/merlin/egs/build_your_own_voice/s1/experiments/eva_laused/acoustic_model/data/label_state_align/lause00279.lab, 165 labels
2025-05-09 13:58:49,607     INFO         labels: loaded /home/meelis/merlin/egs/build_your_own_voice/s1/experiments/eva_laused/acoustic_model/data/label_state_align/lause00417.lab, 245 labels
2025-05-09 13:58:49,689     INFO         labels: loaded /home/meelis/merlin/egs/build_your_own_voice/s1/experiments/eva_laused/acoustic_model/data/label_state_align/lause00496.lab, 260 labels
2025-05-09 13:58:49,805     INFO         labels: loaded /home/meelis/merlin/egs/build_your_own_voice/s1/experiments/eva_laused/acoustic_model/data/label_state_align/lause00505.lab, 135 labels
2025-05-09 13:58:49,823     INFO         labels: loaded /home/meelis/merlin/egs/build_your_own_voice/s1/experiments/eva_laused/acoustic_model/data/label_state_align/lause00345.lab, 170 labels
2025-05-09 13:58:49,823     INFO         labels: loaded /home/meelis/merlin/egs/build_your_own_voice/s1/experiments/eva_laused/acoustic_model/data/label_state_align/lause00094.lab, 160 labels
2025-05-09 13:58:49,843     INFO         labels: loaded /home/meelis/merlin/egs/build_your_own_voice/s1/experiments/eva_laused/acoustic_model/data/label_state_align/lause00165.lab, 110 labels
2025-05-09 13:58:49,933     INFO         labels: loaded /home/meelis/merlin/egs/build_your_own_voice/s1/experiments/eva_laused/acoustic_model/data/label_state_align/lause00506.lab, 170 labels
2025-05-09 13:58:49,982     INFO         labels: loaded /home/meelis/merlin/egs/build_your_own_voice/s1/experiments/eva_laused/acoustic_model/data/label_state_align/lause00418.lab, 125 labels
2025-05-09 13:58:50,011     INFO         labels: loaded /home/meelis/merlin/egs/build_your_own_voice/s1/experiments/eva_laused/acoustic_model/data/label_state_align/lause00031.lab, 135 labels
2025-05-09 13:58:50,047     INFO         labels: loaded /home/meelis/merlin/egs/build_your_own_voice/s1/experiments/eva_laused/acoustic_model/data/label_state_align/lause00497.lab, 175 labels
2025-05-09 13:58:50,066     INFO         labels: loaded /home/meelis/merlin/egs/build_your_own_voice/s1/experiments/eva_laused/acoustic_model/data/label_state_align/lause00280.lab, 265 labels
2025-05-09 13:58:50,079     INFO         labels: loaded /home/meelis/merlin/egs/build_your_own_voice/s1/experiments/eva_laused/acoustic_model/data/label_state_align/lause00166.lab, 155 labels
2025-05-09 13:58:50,090     INFO         labels: loaded /home/meelis/merlin/egs/build_your_own_voice/s1/experiments/eva_laused/acoustic_model/data/label_state_align/lause00507.lab, 165 labels
2025-05-09 13:58:50,224     INFO         labels: loaded /home/meelis/merlin/egs/build_your_own_voice/s1/experiments/eva_laused/acoustic_model/data/label_state_align/lause00095.lab, 190 labels
2025-05-09 13:58:50,300     INFO         labels: loaded /home/meelis/merlin/egs/build_your_own_voice/s1/experiments/eva_laused/acoustic_model/data/label_state_align/lause00498.lab, 190 labels
2025-05-09 13:58:50,321     INFO         labels: loaded /home/meelis/merlin/egs/build_your_own_voice/s1/experiments/eva_laused/acoustic_model/data/label_state_align/lause00508.lab, 255 labels
2025-05-09 13:58:50,334     INFO         labels: loaded /home/meelis/merlin/egs/build_your_own_voice/s1/experiments/eva_laused/acoustic_model/data/label_state_align/lause00346.lab, 195 labels
2025-05-09 13:58:50,335     INFO         labels: loaded /home/meelis/merlin/egs/build_your_own_voice/s1/experiments/eva_laused/acoustic_model/data/label_state_align/lause00419.lab, 165 labels
2025-05-09 13:58:50,396     INFO         labels: loaded /home/meelis/merlin/egs/build_your_own_voice/s1/experiments/eva_laused/acoustic_model/data/label_state_align/lause00167.lab, 155 labels
2025-05-09 13:58:50,494     INFO         labels: loaded /home/meelis/merlin/egs/build_your_own_voice/s1/experiments/eva_laused/acoustic_model/data/label_state_align/lause00032.lab, 260 labels
2025-05-09 13:58:50,579     INFO         labels: loaded /home/meelis/merlin/egs/build_your_own_voice/s1/experiments/eva_laused/acoustic_model/data/label_state_align/lause00499.lab, 210 labels
2025-05-09 13:58:50,634     INFO         labels: loaded /home/meelis/merlin/egs/build_your_own_voice/s1/experiments/eva_laused/acoustic_model/data/label_state_align/lause00509.lab, 250 labels
2025-05-09 13:58:50,703     INFO         labels: loaded /home/meelis/merlin/egs/build_your_own_voice/s1/experiments/eva_laused/acoustic_model/data/label_state_align/lause00096.lab, 155 labels
2025-05-09 13:58:50,709     INFO         labels: loaded /home/meelis/merlin/egs/build_your_own_voice/s1/experiments/eva_laused/acoustic_model/data/label_state_align/lause00281.lab, 165 labels
2025-05-09 13:58:50,709     INFO         labels: loaded /home/meelis/merlin/egs/build_your_own_voice/s1/experiments/eva_laused/acoustic_model/data/label_state_align/lause00168.lab, 175 labels
2025-05-09 13:58:50,711     INFO         labels: loaded /home/meelis/merlin/egs/build_your_own_voice/s1/experiments/eva_laused/acoustic_model/data/label_state_align/lause00420.lab, 190 labels
2025-05-09 13:58:50,838     INFO         labels: loaded /home/meelis/merlin/egs/build_your_own_voice/s1/experiments/eva_laused/acoustic_model/data/label_state_align/lause00500.lab, 125 labels
2025-05-09 13:58:50,896     INFO         labels: loaded /home/meelis/merlin/egs/build_your_own_voice/s1/experiments/eva_laused/acoustic_model/data/label_state_align/lause00347.lab, 135 labels
2025-05-09 13:58:51,011     INFO         labels: loaded /home/meelis/merlin/egs/build_your_own_voice/s1/experiments/eva_laused/acoustic_model/data/label_state_align/lause00501.lab, 150 labels
2025-05-09 13:58:51,018     INFO         labels: loaded /home/meelis/merlin/egs/build_your_own_voice/s1/experiments/eva_laused/acoustic_model/data/label_state_align/lause00510.lab, 155 labels
2025-05-09 13:58:51,049     INFO         labels: loaded /home/meelis/merlin/egs/build_your_own_voice/s1/experiments/eva_laused/acoustic_model/data/label_state_align/lause00169.lab, 170 labels
2025-05-09 13:58:51,135     INFO         labels: loaded /home/meelis/merlin/egs/build_your_own_voice/s1/experiments/eva_laused/acoustic_model/data/label_state_align/lause00421.lab, 200 labels
2025-05-09 13:58:51,151     INFO         labels: loaded /home/meelis/merlin/egs/build_your_own_voice/s1/experiments/eva_laused/acoustic_model/data/label_state_align/lause00097.lab, 125 labels
2025-05-09 13:58:51,185     INFO         labels: loaded /home/meelis/merlin/egs/build_your_own_voice/s1/experiments/eva_laused/acoustic_model/data/label_state_align/lause00282.lab, 120 labels
2025-05-09 13:58:51,234     INFO         labels: loaded /home/meelis/merlin/egs/build_your_own_voice/s1/experiments/eva_laused/acoustic_model/data/label_state_align/lause00033.lab, 165 labels
2025-05-09 13:58:51,265     INFO         labels: loaded /home/meelis/merlin/egs/build_your_own_voice/s1/experiments/eva_laused/acoustic_model/data/label_state_align/lause00502.lab, 165 labels
2025-05-09 13:58:51,282     INFO         labels: loaded /home/meelis/merlin/egs/build_your_own_voice/s1/experiments/eva_laused/acoustic_model/data/label_state_align/lause00348.lab,  90 labels
2025-05-09 13:58:51,284     INFO         labels: loaded /home/meelis/merlin/egs/build_your_own_voice/s1/experiments/eva_laused/acoustic_model/data/label_state_align/lause00511.lab, 120 labels
2025-05-09 13:58:51,413     INFO         labels: loaded /home/meelis/merlin/egs/build_your_own_voice/s1/experiments/eva_laused/acoustic_model/data/label_state_align/lause00170.lab, 210 labels
2025-05-09 13:58:51,439     INFO         labels: loaded /home/meelis/merlin/egs/build_your_own_voice/s1/experiments/eva_laused/acoustic_model/data/label_state_align/lause00512.lab, 140 labels
2025-05-09 13:58:51,506     INFO         labels: loaded /home/meelis/merlin/egs/build_your_own_voice/s1/experiments/eva_laused/acoustic_model/data/label_state_align/lause00098.lab, 210 labels
2025-05-09 13:58:51,524     INFO         labels: loaded /home/meelis/merlin/egs/build_your_own_voice/s1/experiments/eva_laused/acoustic_model/data/label_state_align/lause00503.lab, 135 labels
2025-05-09 13:58:51,531     INFO         labels: loaded /home/meelis/merlin/egs/build_your_own_voice/s1/experiments/eva_laused/acoustic_model/data/label_state_align/lause00349.lab, 110 labels
2025-05-09 13:58:51,535     INFO         labels: loaded /home/meelis/merlin/egs/build_your_own_voice/s1/experiments/eva_laused/acoustic_model/data/label_state_align/lause00283.lab, 125 labels
2025-05-09 13:58:51,541     INFO         labels: loaded /home/meelis/merlin/egs/build_your_own_voice/s1/experiments/eva_laused/acoustic_model/data/label_state_align/lause00422.lab, 185 labels
2025-05-09 13:58:51,601     INFO         labels: loaded /home/meelis/merlin/egs/build_your_own_voice/s1/experiments/eva_laused/acoustic_model/data/label_state_align/lause00513.lab, 135 labels
2025-05-09 13:58:51,751     INFO         labels: loaded /home/meelis/merlin/egs/build_your_own_voice/s1/experiments/eva_laused/acoustic_model/data/label_state_align/lause00504.lab, 145 labels
2025-05-09 13:58:51,772     INFO         labels: loaded /home/meelis/merlin/egs/build_your_own_voice/s1/experiments/eva_laused/acoustic_model/data/label_state_align/lause00514.lab, 190 labels
2025-05-09 13:58:51,775     INFO         labels: loaded /home/meelis/merlin/egs/build_your_own_voice/s1/experiments/eva_laused/acoustic_model/data/label_state_align/lause00034.lab, 135 labels
2025-05-09 13:58:51,805     INFO         labels: loaded /home/meelis/merlin/egs/build_your_own_voice/s1/experiments/eva_laused/acoustic_model/data/label_state_align/lause00171.lab, 125 labels
2025-05-09 13:58:51,827     INFO         labels: loaded /home/meelis/merlin/egs/build_your_own_voice/s1/experiments/eva_laused/acoustic_model/data/label_state_align/lause00350.lab, 230 labels
2025-05-09 13:58:51,893     INFO         labels: loaded /home/meelis/merlin/egs/build_your_own_voice/s1/experiments/eva_laused/acoustic_model/data/label_state_align/lause00568.lab,  95 labels
2025-05-09 13:58:51,930     INFO         labels: loaded /home/meelis/merlin/egs/build_your_own_voice/s1/experiments/eva_laused/acoustic_model/data/label_state_align/lause00423.lab, 190 labels
2025-05-09 13:58:51,966     INFO         labels: loaded /home/meelis/merlin/egs/build_your_own_voice/s1/experiments/eva_laused/acoustic_model/data/label_state_align/lause00099.lab, 130 labels
2025-05-09 13:58:51,995     INFO         labels: loaded /home/meelis/merlin/egs/build_your_own_voice/s1/experiments/eva_laused/acoustic_model/data/label_state_align/lause00284.lab, 140 labels
2025-05-09 13:58:52,012     INFO         labels: loaded /home/meelis/merlin/egs/build_your_own_voice/s1/experiments/eva_laused/acoustic_model/data/label_state_align/lause00515.lab, 245 labels
2025-05-09 13:58:52,044     INFO         labels: loaded /home/meelis/merlin/egs/build_your_own_voice/s1/experiments/eva_laused/acoustic_model/data/label_state_align/lause00569.lab, 210 labels
2025-05-09 13:58:52,117     INFO         labels: loaded /home/meelis/merlin/egs/build_your_own_voice/s1/experiments/eva_laused/acoustic_model/data/label_state_align/lause00035.lab, 200 labels
2025-05-09 13:58:52,119     INFO         labels: loaded /home/meelis/merlin/egs/build_your_own_voice/s1/experiments/eva_laused/acoustic_model/data/label_state_align/lause00172.lab, 220 labels
2025-05-09 13:58:52,207     INFO         labels: loaded /home/meelis/merlin/egs/build_your_own_voice/s1/experiments/eva_laused/acoustic_model/data/label_state_align/lause00516.lab, 210 labels
2025-05-09 13:58:52,249     INFO         labels: loaded /home/meelis/merlin/egs/build_your_own_voice/s1/experiments/eva_laused/acoustic_model/data/label_state_align/lause00424.lab, 150 labels
2025-05-09 13:58:52,262     INFO         labels: loaded /home/meelis/merlin/egs/build_your_own_voice/s1/experiments/eva_laused/acoustic_model/data/label_state_align/lause00351.lab, 185 labels
2025-05-09 13:58:52,273     INFO         labels: loaded /home/meelis/merlin/egs/build_your_own_voice/s1/experiments/eva_laused/acoustic_model/data/label_state_align/lause00570.lab, 155 labels
2025-05-09 13:58:52,366     INFO         labels: loaded /home/meelis/merlin/egs/build_your_own_voice/s1/experiments/eva_laused/acoustic_model/data/label_state_align/lause00100.lab, 110 labels
2025-05-09 13:58:52,385     INFO         labels: loaded /home/meelis/merlin/egs/build_your_own_voice/s1/experiments/eva_laused/acoustic_model/data/label_state_align/lause00285.lab, 215 labels
2025-05-09 13:58:52,443     INFO         labels: loaded /home/meelis/merlin/egs/build_your_own_voice/s1/experiments/eva_laused/acoustic_model/data/label_state_align/lause00517.lab, 235 labels
2025-05-09 13:58:52,528     INFO         labels: loaded /home/meelis/merlin/egs/build_your_own_voice/s1/experiments/eva_laused/acoustic_model/data/label_state_align/lause00571.lab, 165 labels
2025-05-09 13:58:52,562     INFO         labels: loaded /home/meelis/merlin/egs/build_your_own_voice/s1/experiments/eva_laused/acoustic_model/data/label_state_align/lause00173.lab, 145 labels
2025-05-09 13:58:52,573     INFO         labels: loaded /home/meelis/merlin/egs/build_your_own_voice/s1/experiments/eva_laused/acoustic_model/data/label_state_align/lause00036.lab, 155 labels
2025-05-09 13:58:52,582     INFO         labels: loaded /home/meelis/merlin/egs/build_your_own_voice/s1/experiments/eva_laused/acoustic_model/data/label_state_align/lause00425.lab, 115 labels
2025-05-09 13:58:52,740     INFO         labels: loaded /home/meelis/merlin/egs/build_your_own_voice/s1/experiments/eva_laused/acoustic_model/data/label_state_align/lause00352.lab, 210 labels
2025-05-09 13:58:52,745     INFO         labels: loaded /home/meelis/merlin/egs/build_your_own_voice/s1/experiments/eva_laused/acoustic_model/data/label_state_align/lause00101.lab, 195 labels
2025-05-09 13:58:52,770     INFO         labels: loaded /home/meelis/merlin/egs/build_your_own_voice/s1/experiments/eva_laused/acoustic_model/data/label_state_align/lause00572.lab, 210 labels
2025-05-09 13:58:52,802     INFO         labels: loaded /home/meelis/merlin/egs/build_your_own_voice/s1/experiments/eva_laused/acoustic_model/data/label_state_align/lause00518.lab, 170 labels
2025-05-09 13:58:52,843     INFO         labels: loaded /home/meelis/merlin/egs/build_your_own_voice/s1/experiments/eva_laused/acoustic_model/data/label_state_align/lause00174.lab, 175 labels
2025-05-09 13:58:52,901     INFO         labels: loaded /home/meelis/merlin/egs/build_your_own_voice/s1/experiments/eva_laused/acoustic_model/data/label_state_align/lause00426.lab, 125 labels
2025-05-09 13:58:52,966     INFO         labels: loaded /home/meelis/merlin/egs/build_your_own_voice/s1/experiments/eva_laused/acoustic_model/data/label_state_align/lause00286.lab, 135 labels
2025-05-09 13:58:53,013     INFO         labels: loaded /home/meelis/merlin/egs/build_your_own_voice/s1/experiments/eva_laused/acoustic_model/data/label_state_align/lause00519.lab, 175 labels
2025-05-09 13:58:53,024     INFO         labels: loaded /home/meelis/merlin/egs/build_your_own_voice/s1/experiments/eva_laused/acoustic_model/data/label_state_align/lause00037.lab, 170 labels
2025-05-09 13:58:53,083     INFO         labels: loaded /home/meelis/merlin/egs/build_your_own_voice/s1/experiments/eva_laused/acoustic_model/data/label_state_align/lause00573.lab, 210 labels
2025-05-09 13:58:53,220     INFO         labels: loaded /home/meelis/merlin/egs/build_your_own_voice/s1/experiments/eva_laused/acoustic_model/data/label_state_align/lause00353.lab, 140 labels
2025-05-09 13:58:53,231     INFO         labels: loaded /home/meelis/merlin/egs/build_your_own_voice/s1/experiments/eva_laused/acoustic_model/data/label_state_align/lause00427.lab, 225 labels
2025-05-09 13:58:53,237     INFO         labels: loaded /home/meelis/merlin/egs/build_your_own_voice/s1/experiments/eva_laused/acoustic_model/data/label_state_align/lause00175.lab, 140 labels
2025-05-09 13:58:53,238     INFO         labels: loaded /home/meelis/merlin/egs/build_your_own_voice/s1/experiments/eva_laused/acoustic_model/data/label_state_align/lause00520.lab, 245 labels
2025-05-09 13:58:53,300     INFO         labels: loaded /home/meelis/merlin/egs/build_your_own_voice/s1/experiments/eva_laused/acoustic_model/data/label_state_align/lause00102.lab, 145 labels
2025-05-09 13:58:53,373     INFO         labels: loaded /home/meelis/merlin/egs/build_your_own_voice/s1/experiments/eva_laused/acoustic_model/data/label_state_align/lause00287.lab, 205 labels
2025-05-09 13:58:53,376     INFO         labels: loaded /home/meelis/merlin/egs/build_your_own_voice/s1/experiments/eva_laused/acoustic_model/data/label_state_align/lause00574.lab, 125 labels
2025-05-09 13:58:53,495     INFO         labels: loaded /home/meelis/merlin/egs/build_your_own_voice/s1/experiments/eva_laused/acoustic_model/data/label_state_align/lause00038.lab, 195 labels
2025-05-09 13:58:53,533     INFO         labels: loaded /home/meelis/merlin/egs/build_your_own_voice/s1/experiments/eva_laused/acoustic_model/data/label_state_align/lause00521.lab, 165 labels
2025-05-09 13:58:53,541     INFO         labels: loaded /home/meelis/merlin/egs/build_your_own_voice/s1/experiments/eva_laused/acoustic_model/data/label_state_align/lause00176.lab, 225 labels
2025-05-09 13:58:53,581     INFO         labels: loaded /home/meelis/merlin/egs/build_your_own_voice/s1/experiments/eva_laused/acoustic_model/data/label_state_align/lause00575.lab, 160 labels
2025-05-09 13:58:53,616     INFO         labels: loaded /home/meelis/merlin/egs/build_your_own_voice/s1/experiments/eva_laused/acoustic_model/data/label_state_align/lause00428.lab, 195 labels
2025-05-09 13:58:53,627     INFO         labels: loaded /home/meelis/merlin/egs/build_your_own_voice/s1/experiments/eva_laused/acoustic_model/data/label_state_align/lause00354.lab, 145 labels
2025-05-09 13:58:53,715     INFO         labels: loaded /home/meelis/merlin/egs/build_your_own_voice/s1/experiments/eva_laused/acoustic_model/data/label_state_align/lause00522.lab, 155 labels
2025-05-09 13:58:53,721     INFO         labels: loaded /home/meelis/merlin/egs/build_your_own_voice/s1/experiments/eva_laused/acoustic_model/data/label_state_align/lause00103.lab, 195 labels
2025-05-09 13:58:53,829     INFO         labels: loaded /home/meelis/merlin/egs/build_your_own_voice/s1/experiments/eva_laused/acoustic_model/data/label_state_align/lause00523.lab, 160 labels
2025-05-09 13:58:53,831     INFO         labels: loaded /home/meelis/merlin/egs/build_your_own_voice/s1/experiments/eva_laused/acoustic_model/data/label_state_align/lause00576.lab, 170 labels
2025-05-09 13:58:53,841     INFO         labels: loaded /home/meelis/merlin/egs/build_your_own_voice/s1/experiments/eva_laused/acoustic_model/data/label_state_align/lause00177.lab, 170 labels
2025-05-09 13:58:53,924     INFO         labels: loaded /home/meelis/merlin/egs/build_your_own_voice/s1/experiments/eva_laused/acoustic_model/data/label_state_align/lause00288.lab, 205 labels
2025-05-09 13:58:53,924     INFO         labels: loaded /home/meelis/merlin/egs/build_your_own_voice/s1/experiments/eva_laused/acoustic_model/data/label_state_align/lause00429.lab, 145 labels
2025-05-09 13:58:54,042     INFO         labels: loaded /home/meelis/merlin/egs/build_your_own_voice/s1/experiments/eva_laused/acoustic_model/data/label_state_align/lause00355.lab, 220 labels
2025-05-09 13:58:54,058     INFO         labels: loaded /home/meelis/merlin/egs/build_your_own_voice/s1/experiments/eva_laused/acoustic_model/data/label_state_align/lause00577.lab, 250 labels
2025-05-09 13:58:54,059     INFO         labels: loaded /home/meelis/merlin/egs/build_your_own_voice/s1/experiments/eva_laused/acoustic_model/data/label_state_align/lause00524.lab, 115 labels
2025-05-09 13:58:54,062     INFO         labels: loaded /home/meelis/merlin/egs/build_your_own_voice/s1/experiments/eva_laused/acoustic_model/data/label_state_align/lause00039.lab, 220 labels
2025-05-09 13:58:54,097     INFO         labels: loaded /home/meelis/merlin/egs/build_your_own_voice/s1/experiments/eva_laused/acoustic_model/data/label_state_align/lause00178.lab, 160 labels
2025-05-09 13:58:54,218     INFO         labels: loaded /home/meelis/merlin/egs/build_your_own_voice/s1/experiments/eva_laused/acoustic_model/data/label_state_align/lause00104.lab, 130 labels
2025-05-09 13:58:54,311     INFO         labels: loaded /home/meelis/merlin/egs/build_your_own_voice/s1/experiments/eva_laused/acoustic_model/data/label_state_align/lause00525.lab, 190 labels
2025-05-09 13:58:54,321     INFO         labels: loaded /home/meelis/merlin/egs/build_your_own_voice/s1/experiments/eva_laused/acoustic_model/data/label_state_align/lause00430.lab, 225 labels
2025-05-09 13:58:54,387     INFO         labels: loaded /home/meelis/merlin/egs/build_your_own_voice/s1/experiments/eva_laused/acoustic_model/data/label_state_align/lause00578.lab, 110 labels
2025-05-09 13:58:54,405     INFO         labels: loaded /home/meelis/merlin/egs/build_your_own_voice/s1/experiments/eva_laused/acoustic_model/data/label_state_align/lause00179.lab, 285 labels
2025-05-09 13:58:54,432     INFO         labels: loaded /home/meelis/merlin/egs/build_your_own_voice/s1/experiments/eva_laused/acoustic_model/data/label_state_align/lause00289.lab, 160 labels
2025-05-09 13:58:54,551     INFO         labels: loaded /home/meelis/merlin/egs/build_your_own_voice/s1/experiments/eva_laused/acoustic_model/data/label_state_align/lause00579.lab, 190 labels
2025-05-09 13:58:54,556     INFO         labels: loaded /home/meelis/merlin/egs/build_your_own_voice/s1/experiments/eva_laused/acoustic_model/data/label_state_align/lause00526.lab, 155 labels
2025-05-09 13:58:54,586     INFO         labels: loaded /home/meelis/merlin/egs/build_your_own_voice/s1/experiments/eva_laused/acoustic_model/data/label_state_align/lause00356.lab, 205 labels
2025-05-09 13:58:54,626     INFO         labels: loaded /home/meelis/merlin/egs/build_your_own_voice/s1/experiments/eva_laused/acoustic_model/data/label_state_align/lause00105.lab, 175 labels
2025-05-09 13:58:54,757     INFO         labels: loaded /home/meelis/merlin/egs/build_your_own_voice/s1/experiments/eva_laused/acoustic_model/data/label_state_align/lause00527.lab, 145 labels
2025-05-09 13:58:54,784     INFO         labels: loaded /home/meelis/merlin/egs/build_your_own_voice/s1/experiments/eva_laused/acoustic_model/data/label_state_align/lause00040.lab, 100 labels
2025-05-09 13:58:54,801     INFO         labels: loaded /home/meelis/merlin/egs/build_your_own_voice/s1/experiments/eva_laused/acoustic_model/data/label_state_align/lause00580.lab, 215 labels
2025-05-09 13:58:54,823     INFO         labels: loaded /home/meelis/merlin/egs/build_your_own_voice/s1/experiments/eva_laused/acoustic_model/data/label_state_align/lause00431.lab, 245 labels
2025-05-09 13:58:54,884     INFO         labels: loaded /home/meelis/merlin/egs/build_your_own_voice/s1/experiments/eva_laused/acoustic_model/data/label_state_align/lause00180.lab, 100 labels
2025-05-09 13:58:54,892     INFO         labels: loaded /home/meelis/merlin/egs/build_your_own_voice/s1/experiments/eva_laused/acoustic_model/data/label_state_align/lause00290.lab, 150 labels
2025-05-09 13:58:54,915     INFO         labels: loaded /home/meelis/merlin/egs/build_your_own_voice/s1/experiments/eva_laused/acoustic_model/data/label_state_align/lause00528.lab, 145 labels
2025-05-09 13:58:54,993     INFO         labels: loaded /home/meelis/merlin/egs/build_your_own_voice/s1/experiments/eva_laused/acoustic_model/data/label_state_align/lause00106.lab, 155 labels
2025-05-09 13:58:55,070     INFO         labels: loaded /home/meelis/merlin/egs/build_your_own_voice/s1/experiments/eva_laused/acoustic_model/data/label_state_align/lause00041.lab, 140 labels
2025-05-09 13:58:55,079     INFO         labels: loaded /home/meelis/merlin/egs/build_your_own_voice/s1/experiments/eva_laused/acoustic_model/data/label_state_align/lause00357.lab, 255 labels
2025-05-09 13:58:55,086     INFO         labels: loaded /home/meelis/merlin/egs/build_your_own_voice/s1/experiments/eva_laused/acoustic_model/data/label_state_align/lause00581.lab, 200 labels
2025-05-09 13:58:55,118     INFO         labels: loaded /home/meelis/merlin/egs/build_your_own_voice/s1/experiments/eva_laused/acoustic_model/data/label_state_align/lause00529.lab, 170 labels
2025-05-09 13:58:55,159     INFO         labels: loaded /home/meelis/merlin/egs/build_your_own_voice/s1/experiments/eva_laused/acoustic_model/data/label_state_align/lause00181.lab, 180 labels
2025-05-09 13:58:55,273     INFO         labels: loaded /home/meelis/merlin/egs/build_your_own_voice/s1/experiments/eva_laused/acoustic_model/data/label_state_align/lause00530.lab, 190 labels
2025-05-09 13:58:55,275     INFO         labels: loaded /home/meelis/merlin/egs/build_your_own_voice/s1/experiments/eva_laused/acoustic_model/data/label_state_align/lause00432.lab, 180 labels
2025-05-09 13:58:55,340     INFO         labels: loaded /home/meelis/merlin/egs/build_your_own_voice/s1/experiments/eva_laused/acoustic_model/data/label_state_align/lause00291.lab, 155 labels
2025-05-09 13:58:55,420     INFO         labels: loaded /home/meelis/merlin/egs/build_your_own_voice/s1/experiments/eva_laused/acoustic_model/data/label_state_align/lause00107.lab, 150 labels
2025-05-09 13:58:55,438     INFO         labels: loaded /home/meelis/merlin/egs/build_your_own_voice/s1/experiments/eva_laused/acoustic_model/data/label_state_align/lause00582.lab, 230 labels
2025-05-09 13:58:55,473     INFO         labels: loaded /home/meelis/merlin/egs/build_your_own_voice/s1/experiments/eva_laused/acoustic_model/data/label_state_align/lause00182.lab, 150 labels
2025-05-09 13:58:55,506     INFO         labels: loaded /home/meelis/merlin/egs/build_your_own_voice/s1/experiments/eva_laused/acoustic_model/data/label_state_align/lause00042.lab, 210 labels
2025-05-09 13:58:55,510     INFO         labels: loaded /home/meelis/merlin/egs/build_your_own_voice/s1/experiments/eva_laused/acoustic_model/data/label_state_align/lause00531.lab, 150 labels
2025-05-09 13:58:55,655     INFO         labels: loaded /home/meelis/merlin/egs/build_your_own_voice/s1/experiments/eva_laused/acoustic_model/data/label_state_align/lause00433.lab, 185 labels
2025-05-09 13:58:55,670     INFO         labels: loaded /home/meelis/merlin/egs/build_your_own_voice/s1/experiments/eva_laused/acoustic_model/data/label_state_align/lause00358.lab, 200 labels
2025-05-09 13:58:55,713     INFO         labels: loaded /home/meelis/merlin/egs/build_your_own_voice/s1/experiments/eva_laused/acoustic_model/data/label_state_align/lause00583.lab, 180 labels
2025-05-09 13:58:55,732     INFO         labels: loaded /home/meelis/merlin/egs/build_your_own_voice/s1/experiments/eva_laused/acoustic_model/data/label_state_align/lause00532.lab, 155 labels
2025-05-09 13:58:55,778     INFO         labels: loaded /home/meelis/merlin/egs/build_your_own_voice/s1/experiments/eva_laused/acoustic_model/data/label_state_align/lause00183.lab, 180 labels
2025-05-09 13:58:55,815     INFO         labels: loaded /home/meelis/merlin/egs/build_your_own_voice/s1/experiments/eva_laused/acoustic_model/data/label_state_align/lause00292.lab, 110 labels
2025-05-09 13:58:55,836     INFO         labels: loaded /home/meelis/merlin/egs/build_your_own_voice/s1/experiments/eva_laused/acoustic_model/data/label_state_align/lause00108.lab,  80 labels
2025-05-09 13:58:55,930     INFO         labels: loaded /home/meelis/merlin/egs/build_your_own_voice/s1/experiments/eva_laused/acoustic_model/data/label_state_align/lause00533.lab, 190 labels
2025-05-09 13:58:55,974     INFO         labels: loaded /home/meelis/merlin/egs/build_your_own_voice/s1/experiments/eva_laused/acoustic_model/data/label_state_align/lause00584.lab, 165 labels
2025-05-09 13:58:56,045     INFO         labels: loaded /home/meelis/merlin/egs/build_your_own_voice/s1/experiments/eva_laused/acoustic_model/data/label_state_align/lause00434.lab, 200 labels
2025-05-09 13:58:56,106     INFO         labels: loaded /home/meelis/merlin/egs/build_your_own_voice/s1/experiments/eva_laused/acoustic_model/data/label_state_align/lause00109.lab, 200 labels
2025-05-09 13:58:56,124     INFO         labels: loaded /home/meelis/merlin/egs/build_your_own_voice/s1/experiments/eva_laused/acoustic_model/data/label_state_align/lause00043.lab, 200 labels
2025-05-09 13:58:56,141     INFO         labels: loaded /home/meelis/merlin/egs/build_your_own_voice/s1/experiments/eva_laused/acoustic_model/data/label_state_align/lause00359.lab, 115 labels
2025-05-09 13:58:56,153     INFO         labels: loaded /home/meelis/merlin/egs/build_your_own_voice/s1/experiments/eva_laused/acoustic_model/data/label_state_align/lause00293.lab, 145 labels
2025-05-09 13:58:56,176     INFO         labels: loaded /home/meelis/merlin/egs/build_your_own_voice/s1/experiments/eva_laused/acoustic_model/data/label_state_align/lause00184.lab, 155 labels
2025-05-09 13:58:56,212     INFO         labels: loaded /home/meelis/merlin/egs/build_your_own_voice/s1/experiments/eva_laused/acoustic_model/data/label_state_align/lause00534.lab, 225 labels
2025-05-09 13:58:56,269     INFO         labels: loaded /home/meelis/merlin/egs/build_your_own_voice/s1/experiments/eva_laused/acoustic_model/data/label_state_align/lause00585.lab, 180 labels
2025-05-09 13:58:56,432     INFO         labels: loaded /home/meelis/merlin/egs/build_your_own_voice/s1/experiments/eva_laused/acoustic_model/data/label_state_align/lause00435.lab, 210 labels
2025-05-09 13:58:56,475     INFO         labels: loaded /home/meelis/merlin/egs/build_your_own_voice/s1/experiments/eva_laused/acoustic_model/data/label_state_align/lause00360.lab, 165 labels
2025-05-09 13:58:56,506     INFO         labels: loaded /home/meelis/merlin/egs/build_your_own_voice/s1/experiments/eva_laused/acoustic_model/data/label_state_align/lause00535.lab, 170 labels
2025-05-09 13:58:56,597     INFO         labels: loaded /home/meelis/merlin/egs/build_your_own_voice/s1/experiments/eva_laused/acoustic_model/data/label_state_align/lause00185.lab, 230 labels
2025-05-09 13:58:56,603     INFO         labels: loaded /home/meelis/merlin/egs/build_your_own_voice/s1/experiments/eva_laused/acoustic_model/data/label_state_align/lause00586.lab, 200 labels
2025-05-09 13:58:56,610     INFO         labels: loaded /home/meelis/merlin/egs/build_your_own_voice/s1/experiments/eva_laused/acoustic_model/data/label_state_align/lause00110.lab, 130 labels
2025-05-09 13:58:56,620     INFO         labels: loaded /home/meelis/merlin/egs/build_your_own_voice/s1/experiments/eva_laused/acoustic_model/data/label_state_align/lause00294.lab, 130 labels
2025-05-09 13:58:56,623     INFO         labels: loaded /home/meelis/merlin/egs/build_your_own_voice/s1/experiments/eva_laused/acoustic_model/data/label_state_align/lause00536.lab, 140 labels
2025-05-09 13:58:56,629     INFO         labels: loaded /home/meelis/merlin/egs/build_your_own_voice/s1/experiments/eva_laused/acoustic_model/data/label_state_align/lause00044.lab, 190 labels
2025-05-09 13:58:56,835     INFO         labels: loaded /home/meelis/merlin/egs/build_your_own_voice/s1/experiments/eva_laused/acoustic_model/data/label_state_align/lause00537.lab, 180 labels
2025-05-09 13:58:56,873     INFO         labels: loaded /home/meelis/merlin/egs/build_your_own_voice/s1/experiments/eva_laused/acoustic_model/data/label_state_align/lause00436.lab, 160 labels
2025-05-09 13:58:56,891     INFO         labels: loaded /home/meelis/merlin/egs/build_your_own_voice/s1/experiments/eva_laused/acoustic_model/data/label_state_align/lause00587.lab, 145 labels
2025-05-09 13:58:56,958     INFO         labels: loaded /home/meelis/merlin/egs/build_your_own_voice/s1/experiments/eva_laused/acoustic_model/data/label_state_align/lause00186.lab, 275 labels
2025-05-09 13:58:56,960     INFO         labels: loaded /home/meelis/merlin/egs/build_your_own_voice/s1/experiments/eva_laused/acoustic_model/data/label_state_align/lause00361.lab, 255 labels
2025-05-09 13:58:56,986     INFO         labels: loaded /home/meelis/merlin/egs/build_your_own_voice/s1/experiments/eva_laused/acoustic_model/data/label_state_align/lause00295.lab, 140 labels
2025-05-09 13:58:57,009     INFO         labels: loaded /home/meelis/merlin/egs/build_your_own_voice/s1/experiments/eva_laused/acoustic_model/data/label_state_align/lause00111.lab, 120 labels
2025-05-09 13:58:57,017     INFO         labels: loaded /home/meelis/merlin/egs/build_your_own_voice/s1/experiments/eva_laused/acoustic_model/data/label_state_align/lause00538.lab, 215 labels
2025-05-09 13:58:57,043     INFO         labels: loaded /home/meelis/merlin/egs/build_your_own_voice/s1/experiments/eva_laused/acoustic_model/data/label_state_align/lause00588.lab, 150 labels
2025-05-09 13:58:57,154     INFO         labels: loaded /home/meelis/merlin/egs/build_your_own_voice/s1/experiments/eva_laused/acoustic_model/data/label_state_align/lause00437.lab, 185 labels
2025-05-09 13:58:57,202     INFO         labels: loaded /home/meelis/merlin/egs/build_your_own_voice/s1/experiments/eva_laused/acoustic_model/data/label_state_align/lause00045.lab, 135 labels
2025-05-09 13:58:57,225     INFO         labels: loaded /home/meelis/merlin/egs/build_your_own_voice/s1/experiments/eva_laused/acoustic_model/data/label_state_align/lause00589.lab, 120 labels
2025-05-09 13:58:57,247     INFO         labels: loaded /home/meelis/merlin/egs/build_your_own_voice/s1/experiments/eva_laused/acoustic_model/data/label_state_align/lause00539.lab, 120 labels
2025-05-09 13:58:57,289     INFO         labels: loaded /home/meelis/merlin/egs/build_your_own_voice/s1/experiments/eva_laused/acoustic_model/data/label_state_align/lause00296.lab, 210 labels
2025-05-09 13:58:57,307     INFO         labels: loaded /home/meelis/merlin/egs/build_your_own_voice/s1/experiments/eva_laused/acoustic_model/data/label_state_align/lause00112.lab, 160 labels
2025-05-09 13:58:57,356     INFO         labels: loaded /home/meelis/merlin/egs/build_your_own_voice/s1/experiments/eva_laused/acoustic_model/data/label_state_align/lause00187.lab, 160 labels
2025-05-09 13:58:57,400     INFO         labels: loaded /home/meelis/merlin/egs/build_your_own_voice/s1/experiments/eva_laused/acoustic_model/data/label_state_align/lause00540.lab, 175 labels
2025-05-09 13:58:57,443     INFO         labels: loaded /home/meelis/merlin/egs/build_your_own_voice/s1/experiments/eva_laused/acoustic_model/data/label_state_align/lause00590.lab, 115 labels
2025-05-09 13:58:57,464     INFO         labels: loaded /home/meelis/merlin/egs/build_your_own_voice/s1/experiments/eva_laused/acoustic_model/data/label_state_align/lause00362.lab, 150 labels
2025-05-09 13:58:57,486     INFO         labels: loaded /home/meelis/merlin/egs/build_your_own_voice/s1/experiments/eva_laused/acoustic_model/data/label_state_align/lause00438.lab, 125 labels
2025-05-09 13:58:57,507     INFO         labels: loaded /home/meelis/merlin/egs/build_your_own_voice/s1/experiments/eva_laused/acoustic_model/data/label_state_align/lause00046.lab, 135 labels
2025-05-09 13:58:58,037     INFO         labels: loaded /home/meelis/merlin/egs/build_your_own_voice/s1/experiments/eva_laused/acoustic_model/data/label_state_align/lause00591.lab, 130 labels
2025-05-09 13:58:58,037     INFO         labels: loaded /home/meelis/merlin/egs/build_your_own_voice/s1/experiments/eva_laused/acoustic_model/data/label_state_align/lause00541.lab, 170 labels
2025-05-09 13:58:58,073     INFO         labels: loaded /home/meelis/merlin/egs/build_your_own_voice/s1/experiments/eva_laused/acoustic_model/data/label_state_align/lause00439.lab, 130 labels
2025-05-09 13:58:58,088     INFO         labels: loaded /home/meelis/merlin/egs/build_your_own_voice/s1/experiments/eva_laused/acoustic_model/data/label_state_align/lause00113.lab, 300 labels
2025-05-09 13:58:58,095     INFO         labels: loaded /home/meelis/merlin/egs/build_your_own_voice/s1/experiments/eva_laused/acoustic_model/data/label_state_align/lause00542.lab, 135 labels
2025-05-09 13:58:58,096     INFO         labels: loaded /home/meelis/merlin/egs/build_your_own_voice/s1/experiments/eva_laused/acoustic_model/data/label_state_align/lause00592.lab, 260 labels
2025-05-09 13:58:58,097     INFO         labels: loaded /home/meelis/merlin/egs/build_your_own_voice/s1/experiments/eva_laused/acoustic_model/data/label_state_align/lause00440.lab, 170 labels
2025-05-09 13:58:58,099     INFO         labels: loaded /home/meelis/merlin/egs/build_your_own_voice/s1/experiments/eva_laused/acoustic_model/data/label_state_align/lause00188.lab, 145 labels
2025-05-09 13:58:58,132     INFO         labels: loaded /home/meelis/merlin/egs/build_your_own_voice/s1/experiments/eva_laused/acoustic_model/data/label_state_align/lause00047.lab, 195 labels
2025-05-09 13:58:58,137     INFO         labels: loaded /home/meelis/merlin/egs/build_your_own_voice/s1/experiments/eva_laused/acoustic_model/data/label_state_align/lause00297.lab, 215 labels
2025-05-09 13:58:58,138     INFO         labels: loaded /home/meelis/merlin/egs/build_your_own_voice/s1/experiments/eva_laused/acoustic_model/data/label_state_align/lause00363.lab, 195 labels
2025-05-09 13:58:58,298     INFO         labels: loaded /home/meelis/merlin/egs/build_your_own_voice/s1/experiments/eva_laused/acoustic_model/data/label_state_align/lause00543.lab, 155 labels
2025-05-09 13:58:58,338     INFO         labels: loaded /home/meelis/merlin/egs/build_your_own_voice/s1/experiments/eva_laused/acoustic_model/data/label_state_align/lause00189.lab, 195 labels
2025-05-09 13:58:58,350     INFO         labels: loaded /home/meelis/merlin/egs/build_your_own_voice/s1/experiments/eva_laused/acoustic_model/data/label_state_align/lause00441.lab, 115 labels
2025-05-09 13:58:58,359     INFO         labels: loaded /home/meelis/merlin/egs/build_your_own_voice/s1/experiments/eva_laused/acoustic_model/data/label_state_align/lause00593.lab, 195 labels
2025-05-09 13:58:58,403     INFO         labels: loaded /home/meelis/merlin/egs/build_your_own_voice/s1/experiments/eva_laused/acoustic_model/data/label_state_align/lause00114.lab, 330 labels
2025-05-09 13:58:58,554     INFO         labels: loaded /home/meelis/merlin/egs/build_your_own_voice/s1/experiments/eva_laused/acoustic_model/data/label_state_align/lause00544.lab, 155 labels
2025-05-09 13:58:58,640     INFO         labels: loaded /home/meelis/merlin/egs/build_your_own_voice/s1/experiments/eva_laused/acoustic_model/data/label_state_align/lause00364.lab, 200 labels
2025-05-09 13:58:58,690     INFO         labels: loaded /home/meelis/merlin/egs/build_your_own_voice/s1/experiments/eva_laused/acoustic_model/data/label_state_align/lause00694.lab, 215 labels
2025-05-09 13:58:58,695     INFO         labels: loaded /home/meelis/merlin/egs/build_your_own_voice/s1/experiments/eva_laused/acoustic_model/data/label_state_align/lause00048.lab, 185 labels
2025-05-09 13:58:58,698     INFO         labels: loaded /home/meelis/merlin/egs/build_your_own_voice/s1/experiments/eva_laused/acoustic_model/data/label_state_align/lause00631.lab, 250 labels
2025-05-09 13:58:58,715     INFO         labels: loaded /home/meelis/merlin/egs/build_your_own_voice/s1/experiments/eva_laused/acoustic_model/data/label_state_align/lause00594.lab, 180 labels
2025-05-09 13:58:58,742     INFO         labels: loaded /home/meelis/merlin/egs/build_your_own_voice/s1/experiments/eva_laused/acoustic_model/data/label_state_align/lause00298.lab, 190 labels
2025-05-09 13:58:58,809     INFO         labels: loaded /home/meelis/merlin/egs/build_your_own_voice/s1/experiments/eva_laused/acoustic_model/data/label_state_align/lause00545.lab, 175 labels
2025-05-09 13:58:59,073     INFO         labels: loaded /home/meelis/merlin/egs/build_your_own_voice/s1/experiments/eva_laused/acoustic_model/data/label_state_align/lause00115.lab, 190 labels
2025-05-09 13:58:59,094     INFO         labels: loaded /home/meelis/merlin/egs/build_your_own_voice/s1/experiments/eva_laused/acoustic_model/data/label_state_align/lause00546.lab, 135 labels
2025-05-09 13:58:59,097     INFO         labels: loaded /home/meelis/merlin/egs/build_your_own_voice/s1/experiments/eva_laused/acoustic_model/data/label_state_align/lause00595.lab, 175 labels
2025-05-09 13:58:59,099     INFO         labels: loaded /home/meelis/merlin/egs/build_your_own_voice/s1/experiments/eva_laused/acoustic_model/data/label_state_align/lause00695.lab, 135 labels
2025-05-09 13:58:59,151     INFO         labels: loaded /home/meelis/merlin/egs/build_your_own_voice/s1/experiments/eva_laused/acoustic_model/data/label_state_align/lause00365.lab, 170 labels
2025-05-09 13:58:59,246     INFO         labels: loaded /home/meelis/merlin/egs/build_your_own_voice/s1/experiments/eva_laused/acoustic_model/data/label_state_align/lause00632.lab, 185 labels
2025-05-09 13:58:59,291     INFO         labels: loaded /home/meelis/merlin/egs/build_your_own_voice/s1/experiments/eva_laused/acoustic_model/data/label_state_align/lause00547.lab, 170 labels
2025-05-09 13:58:59,291     INFO         labels: loaded /home/meelis/merlin/egs/build_your_own_voice/s1/experiments/eva_laused/acoustic_model/data/label_state_align/lause00299.lab, 245 labels
2025-05-09 13:58:59,295     INFO         labels: loaded /home/meelis/merlin/egs/build_your_own_voice/s1/experiments/eva_laused/acoustic_model/data/label_state_align/lause00049.lab, 160 labels
2025-05-09 13:58:59,301     INFO         labels: loaded /home/meelis/merlin/egs/build_your_own_voice/s1/experiments/eva_laused/acoustic_model/data/label_state_align/lause00596.lab, 155 labels
2025-05-09 13:58:59,463     INFO         labels: loaded /home/meelis/merlin/egs/build_your_own_voice/s1/experiments/eva_laused/acoustic_model/data/label_state_align/lause00696.lab, 250 labels
2025-05-09 13:58:59,471     INFO         labels: loaded /home/meelis/merlin/egs/build_your_own_voice/s1/experiments/eva_laused/acoustic_model/data/label_state_align/lause00597.lab, 210 labels
2025-05-09 13:58:59,499     INFO         labels: loaded /home/meelis/merlin/egs/build_your_own_voice/s1/experiments/eva_laused/acoustic_model/data/label_state_align/lause00548.lab, 200 labels
2025-05-09 13:58:59,524     INFO         labels: loaded /home/meelis/merlin/egs/build_your_own_voice/s1/experiments/eva_laused/acoustic_model/data/label_state_align/lause00366.lab, 300 labels
2025-05-09 13:58:59,538     INFO         labels: loaded /home/meelis/merlin/egs/build_your_own_voice/s1/experiments/eva_laused/acoustic_model/data/label_state_align/lause00116.lab, 145 labels
2025-05-09 13:58:59,545     INFO         labels: loaded /home/meelis/merlin/egs/build_your_own_voice/s1/experiments/eva_laused/acoustic_model/data/label_state_align/lause00633.lab,  95 labels
2025-05-09 13:58:59,747     INFO         labels: loaded /home/meelis/merlin/egs/build_your_own_voice/s1/experiments/eva_laused/acoustic_model/data/label_state_align/lause00549.lab, 160 labels
2025-05-09 13:58:59,755     INFO         labels: loaded /home/meelis/merlin/egs/build_your_own_voice/s1/experiments/eva_laused/acoustic_model/data/label_state_align/lause00598.lab, 190 labels
2025-05-09 13:58:59,760     INFO         labels: loaded /home/meelis/merlin/egs/build_your_own_voice/s1/experiments/eva_laused/acoustic_model/data/label_state_align/lause00050.lab, 185 labels
2025-05-09 13:58:59,789     INFO         labels: loaded /home/meelis/merlin/egs/build_your_own_voice/s1/experiments/eva_laused/acoustic_model/data/label_state_align/lause00634.lab, 260 labels
2025-05-09 13:58:59,865     INFO         labels: loaded /home/meelis/merlin/egs/build_your_own_voice/s1/experiments/eva_laused/acoustic_model/data/label_state_align/lause00697.lab, 180 labels
2025-05-09 13:58:59,896     INFO         labels: loaded /home/meelis/merlin/egs/build_your_own_voice/s1/experiments/eva_laused/acoustic_model/data/label_state_align/lause00550.lab, 140 labels
2025-05-09 13:58:59,921     INFO         labels: loaded /home/meelis/merlin/egs/build_your_own_voice/s1/experiments/eva_laused/acoustic_model/data/label_state_align/lause00117.lab, 250 labels
2025-05-09 13:58:59,954     INFO         labels: loaded /home/meelis/merlin/egs/build_your_own_voice/s1/experiments/eva_laused/acoustic_model/data/label_state_align/lause00599.lab, 150 labels
2025-05-09 13:59:00,035     INFO         labels: loaded /home/meelis/merlin/egs/build_your_own_voice/s1/experiments/eva_laused/acoustic_model/data/label_state_align/lause00300.lab, 240 labels
2025-05-09 13:59:00,134     INFO         labels: loaded /home/meelis/merlin/egs/build_your_own_voice/s1/experiments/eva_laused/acoustic_model/data/label_state_align/lause00551.lab, 140 labels
2025-05-09 13:59:00,186     INFO         labels: loaded /home/meelis/merlin/egs/build_your_own_voice/s1/experiments/eva_laused/acoustic_model/data/label_state_align/lause00698.lab, 150 labels
2025-05-09 13:59:00,190     INFO         labels: loaded /home/meelis/merlin/egs/build_your_own_voice/s1/experiments/eva_laused/acoustic_model/data/label_state_align/lause00367.lab, 190 labels
2025-05-09 13:59:00,210     INFO         labels: loaded /home/meelis/merlin/egs/build_your_own_voice/s1/experiments/eva_laused/acoustic_model/data/label_state_align/lause00635.lab, 155 labels
2025-05-09 13:59:00,228     INFO         labels: loaded /home/meelis/merlin/egs/build_your_own_voice/s1/experiments/eva_laused/acoustic_model/data/label_state_align/lause00600.lab, 220 labels
2025-05-09 13:59:00,303     INFO         labels: loaded /home/meelis/merlin/egs/build_your_own_voice/s1/experiments/eva_laused/acoustic_model/data/label_state_align/lause00051.lab, 180 labels
2025-05-09 13:59:00,370     INFO         labels: loaded /home/meelis/merlin/egs/build_your_own_voice/s1/experiments/eva_laused/acoustic_model/data/label_state_align/lause00552.lab, 235 labels
2025-05-09 13:59:00,477     INFO         labels: loaded /home/meelis/merlin/egs/build_your_own_voice/s1/experiments/eva_laused/acoustic_model/data/label_state_align/lause00699.lab, 145 labels
2025-05-09 13:59:00,488     INFO         labels: loaded /home/meelis/merlin/egs/build_your_own_voice/s1/experiments/eva_laused/acoustic_model/data/label_state_align/lause00636.lab, 250 labels
2025-05-09 13:59:00,508     INFO         labels: loaded /home/meelis/merlin/egs/build_your_own_voice/s1/experiments/eva_laused/acoustic_model/data/label_state_align/lause00601.lab, 135 labels
2025-05-09 13:59:00,533     INFO         labels: loaded /home/meelis/merlin/egs/build_your_own_voice/s1/experiments/eva_laused/acoustic_model/data/label_state_align/lause00118.lab, 155 labels
2025-05-09 13:59:00,688     INFO         labels: loaded /home/meelis/merlin/egs/build_your_own_voice/s1/experiments/eva_laused/acoustic_model/data/label_state_align/lause00301.lab, 175 labels
2025-05-09 13:59:00,690     INFO         labels: loaded /home/meelis/merlin/egs/build_your_own_voice/s1/experiments/eva_laused/acoustic_model/data/label_state_align/lause00602.lab, 185 labels
2025-05-09 13:59:00,704     INFO         labels: loaded /home/meelis/merlin/egs/build_your_own_voice/s1/experiments/eva_laused/acoustic_model/data/label_state_align/lause00553.lab, 180 labels
2025-05-09 13:59:00,792     INFO         labels: loaded /home/meelis/merlin/egs/build_your_own_voice/s1/experiments/eva_laused/acoustic_model/data/label_state_align/lause00368.lab, 195 labels
2025-05-09 13:59:00,819     INFO         labels: loaded /home/meelis/merlin/egs/build_your_own_voice/s1/experiments/eva_laused/acoustic_model/data/label_state_align/lause00700.lab, 130 labels
2025-05-09 13:59:00,846     INFO         labels: loaded /home/meelis/merlin/egs/build_your_own_voice/s1/experiments/eva_laused/acoustic_model/data/label_state_align/lause00052.lab, 245 labels
2025-05-09 13:59:00,896     INFO         labels: loaded /home/meelis/merlin/egs/build_your_own_voice/s1/experiments/eva_laused/acoustic_model/data/label_state_align/lause00554.lab, 135 labels
2025-05-09 13:59:00,913     INFO         labels: loaded /home/meelis/merlin/egs/build_your_own_voice/s1/experiments/eva_laused/acoustic_model/data/label_state_align/lause00637.lab, 135 labels
2025-05-09 13:59:00,922     INFO         labels: loaded /home/meelis/merlin/egs/build_your_own_voice/s1/experiments/eva_laused/acoustic_model/data/label_state_align/lause00119.lab, 165 labels
2025-05-09 13:59:00,957     INFO         labels: loaded /home/meelis/merlin/egs/build_your_own_voice/s1/experiments/eva_laused/acoustic_model/data/label_state_align/lause00603.lab, 145 labels
2025-05-09 13:59:01,136     INFO         labels: loaded /home/meelis/merlin/egs/build_your_own_voice/s1/experiments/eva_laused/acoustic_model/data/label_state_align/lause00555.lab, 155 labels
2025-05-09 13:59:01,136     INFO         labels: loaded /home/meelis/merlin/egs/build_your_own_voice/s1/experiments/eva_laused/acoustic_model/data/label_state_align/lause00701.lab, 130 labels
2025-05-09 13:59:01,155     INFO         labels: loaded /home/meelis/merlin/egs/build_your_own_voice/s1/experiments/eva_laused/acoustic_model/data/label_state_align/lause00604.lab, 110 labels
2025-05-09 13:59:01,197     INFO         labels: loaded /home/meelis/merlin/egs/build_your_own_voice/s1/experiments/eva_laused/acoustic_model/data/label_state_align/lause00638.lab, 215 labels
2025-05-09 13:59:01,236     INFO         labels: loaded /home/meelis/merlin/egs/build_your_own_voice/s1/experiments/eva_laused/acoustic_model/data/label_state_align/lause00369.lab, 165 labels
2025-05-09 13:59:01,289     INFO         labels: loaded /home/meelis/merlin/egs/build_your_own_voice/s1/experiments/eva_laused/acoustic_model/data/label_state_align/lause00302.lab, 210 labels
2025-05-09 13:59:01,338     INFO         labels: loaded /home/meelis/merlin/egs/build_your_own_voice/s1/experiments/eva_laused/acoustic_model/data/label_state_align/lause00120.lab, 180 labels
2025-05-09 13:59:01,358     INFO         labels: loaded /home/meelis/merlin/egs/build_your_own_voice/s1/experiments/eva_laused/acoustic_model/data/label_state_align/lause00556.lab, 130 labels
2025-05-09 13:59:01,358     INFO         labels: loaded /home/meelis/merlin/egs/build_your_own_voice/s1/experiments/eva_laused/acoustic_model/data/label_state_align/lause00605.lab, 175 labels
2025-05-09 13:59:01,448     INFO         labels: loaded /home/meelis/merlin/egs/build_your_own_voice/s1/experiments/eva_laused/acoustic_model/data/label_state_align/lause00702.lab,  95 labels
2025-05-09 13:59:01,530     INFO         labels: loaded /home/meelis/merlin/egs/build_your_own_voice/s1/experiments/eva_laused/acoustic_model/data/label_state_align/lause00053.lab, 170 labels
2025-05-09 13:59:01,530     INFO         labels: loaded /home/meelis/merlin/egs/build_your_own_voice/s1/experiments/eva_laused/acoustic_model/data/label_state_align/lause00557.lab, 165 labels
2025-05-09 13:59:01,654     INFO         labels: loaded /home/meelis/merlin/egs/build_your_own_voice/s1/experiments/eva_laused/acoustic_model/data/label_state_align/lause00639.lab, 150 labels
2025-05-09 13:59:01,677     INFO         labels: loaded /home/meelis/merlin/egs/build_your_own_voice/s1/experiments/eva_laused/acoustic_model/data/label_state_align/lause00370.lab, 230 labels
2025-05-09 13:59:01,681     INFO         labels: loaded /home/meelis/merlin/egs/build_your_own_voice/s1/experiments/eva_laused/acoustic_model/data/label_state_align/lause00606.lab, 170 labels
2025-05-09 13:59:01,758     INFO         labels: loaded /home/meelis/merlin/egs/build_your_own_voice/s1/experiments/eva_laused/acoustic_model/data/label_state_align/lause00558.lab, 120 labels
2025-05-09 13:59:01,759     INFO         labels: loaded /home/meelis/merlin/egs/build_your_own_voice/s1/experiments/eva_laused/acoustic_model/data/label_state_align/lause00121.lab, 185 labels
2025-05-09 13:59:01,778     INFO         labels: loaded /home/meelis/merlin/egs/build_your_own_voice/s1/experiments/eva_laused/acoustic_model/data/label_state_align/lause00703.lab, 180 labels
2025-05-09 13:59:01,831     INFO         labels: loaded /home/meelis/merlin/egs/build_your_own_voice/s1/experiments/eva_laused/acoustic_model/data/label_state_align/lause00607.lab, 170 labels
2025-05-09 13:59:01,840     INFO         labels: loaded /home/meelis/merlin/egs/build_your_own_voice/s1/experiments/eva_laused/acoustic_model/data/label_state_align/lause00303.lab, 145 labels
2025-05-09 13:59:01,938     INFO         labels: loaded /home/meelis/merlin/egs/build_your_own_voice/s1/experiments/eva_laused/acoustic_model/data/label_state_align/lause00559.lab, 160 labels
2025-05-09 13:59:01,946     INFO         labels: loaded /home/meelis/merlin/egs/build_your_own_voice/s1/experiments/eva_laused/acoustic_model/data/label_state_align/lause00640.lab, 165 labels
2025-05-09 13:59:01,986     INFO         labels: loaded /home/meelis/merlin/egs/build_your_own_voice/s1/experiments/eva_laused/acoustic_model/data/label_state_align/lause00054.lab, 185 labels
2025-05-09 13:59:02,136     INFO         labels: loaded /home/meelis/merlin/egs/build_your_own_voice/s1/experiments/eva_laused/acoustic_model/data/label_state_align/lause00608.lab,  90 labels
2025-05-09 13:59:02,140     INFO         labels: loaded /home/meelis/merlin/egs/build_your_own_voice/s1/experiments/eva_laused/acoustic_model/data/label_state_align/lause00704.lab, 140 labels
2025-05-09 13:59:02,140     INFO         labels: loaded /home/meelis/merlin/egs/build_your_own_voice/s1/experiments/eva_laused/acoustic_model/data/label_state_align/lause00371.lab, 140 labels
2025-05-09 13:59:02,149     INFO         labels: loaded /home/meelis/merlin/egs/build_your_own_voice/s1/experiments/eva_laused/acoustic_model/data/label_state_align/lause00560.lab, 160 labels
2025-05-09 13:59:02,241     INFO         labels: loaded /home/meelis/merlin/egs/build_your_own_voice/s1/experiments/eva_laused/acoustic_model/data/label_state_align/lause00122.lab, 190 labels
2025-05-09 13:59:02,266     INFO         labels: loaded /home/meelis/merlin/egs/build_your_own_voice/s1/experiments/eva_laused/acoustic_model/data/label_state_align/lause00609.lab, 135 labels
2025-05-09 13:59:02,354     INFO         labels: loaded /home/meelis/merlin/egs/build_your_own_voice/s1/experiments/eva_laused/acoustic_model/data/label_state_align/lause00641.lab, 175 labels
2025-05-09 13:59:02,375     INFO         labels: loaded /home/meelis/merlin/egs/build_your_own_voice/s1/experiments/eva_laused/acoustic_model/data/label_state_align/lause00561.lab, 125 labels
2025-05-09 13:59:02,381     INFO         labels: loaded /home/meelis/merlin/egs/build_your_own_voice/s1/experiments/eva_laused/acoustic_model/data/label_state_align/lause00304.lab, 145 labels
2025-05-09 13:59:02,439     INFO         labels: loaded /home/meelis/merlin/egs/build_your_own_voice/s1/experiments/eva_laused/acoustic_model/data/label_state_align/lause00055.lab, 200 labels
2025-05-09 13:59:02,460     INFO         labels: loaded /home/meelis/merlin/egs/build_your_own_voice/s1/experiments/eva_laused/acoustic_model/data/label_state_align/lause00705.lab, 140 labels
2025-05-09 13:59:02,471     INFO         labels: loaded /home/meelis/merlin/egs/build_your_own_voice/s1/experiments/eva_laused/acoustic_model/data/label_state_align/lause00372.lab, 175 labels
2025-05-09 13:59:02,480     INFO         labels: loaded /home/meelis/merlin/egs/build_your_own_voice/s1/experiments/eva_laused/acoustic_model/data/label_state_align/lause00610.lab, 140 labels
2025-05-09 13:59:02,494     INFO         labels: loaded /home/meelis/merlin/egs/build_your_own_voice/s1/experiments/eva_laused/acoustic_model/data/label_state_align/lause00562.lab, 110 labels
2025-05-09 13:59:02,666     INFO         labels: loaded /home/meelis/merlin/egs/build_your_own_voice/s1/experiments/eva_laused/acoustic_model/data/label_state_align/lause00563.lab, 145 labels
2025-05-09 13:59:02,729     INFO         labels: loaded /home/meelis/merlin/egs/build_your_own_voice/s1/experiments/eva_laused/acoustic_model/data/label_state_align/lause00611.lab, 180 labels
2025-05-09 13:59:02,737     INFO         labels: loaded /home/meelis/merlin/egs/build_your_own_voice/s1/experiments/eva_laused/acoustic_model/data/label_state_align/lause00642.lab, 145 labels
2025-05-09 13:59:02,740     INFO         labels: loaded /home/meelis/merlin/egs/build_your_own_voice/s1/experiments/eva_laused/acoustic_model/data/label_state_align/lause00123.lab, 175 labels
2025-05-09 13:59:02,746     INFO         labels: loaded /home/meelis/merlin/egs/build_your_own_voice/s1/experiments/eva_laused/acoustic_model/data/label_state_align/lause00706.lab, 150 labels
2025-05-09 13:59:02,761     INFO         labels: loaded /home/meelis/merlin/egs/build_your_own_voice/s1/experiments/eva_laused/acoustic_model/data/label_state_align/lause00305.lab, 160 labels
2025-05-09 13:59:02,781     INFO         labels: loaded /home/meelis/merlin/egs/build_your_own_voice/s1/experiments/eva_laused/acoustic_model/data/label_state_align/lause00564.lab, 170 labels
2025-05-09 13:59:02,959     INFO         labels: loaded /home/meelis/merlin/egs/build_your_own_voice/s1/experiments/eva_laused/acoustic_model/data/label_state_align/lause00612.lab, 145 labels
2025-05-09 13:59:02,971     INFO         labels: loaded /home/meelis/merlin/egs/build_your_own_voice/s1/experiments/eva_laused/acoustic_model/data/label_state_align/lause00373.lab, 145 labels
2025-05-09 13:59:02,985     INFO         labels: loaded /home/meelis/merlin/egs/build_your_own_voice/s1/experiments/eva_laused/acoustic_model/data/label_state_align/lause00056.lab, 120 labels
2025-05-09 13:59:03,057     INFO         labels: loaded /home/meelis/merlin/egs/build_your_own_voice/s1/experiments/eva_laused/acoustic_model/data/label_state_align/lause00565.lab, 170 labels
2025-05-09 13:59:03,088     INFO         labels: loaded /home/meelis/merlin/egs/build_your_own_voice/s1/experiments/eva_laused/acoustic_model/data/label_state_align/lause00643.lab, 180 labels
2025-05-09 13:59:03,089     INFO         labels: loaded /home/meelis/merlin/egs/build_your_own_voice/s1/experiments/eva_laused/acoustic_model/data/label_state_align/lause00707.lab, 220 labels
2025-05-09 13:59:03,111     INFO         labels: loaded /home/meelis/merlin/egs/build_your_own_voice/s1/experiments/eva_laused/acoustic_model/data/label_state_align/lause00124.lab, 175 labels
2025-05-09 13:59:03,143     INFO         labels: loaded /home/meelis/merlin/egs/build_your_own_voice/s1/experiments/eva_laused/acoustic_model/data/label_state_align/lause00613.lab, 215 labels
2025-05-09 13:59:03,172     INFO         labels: loaded /home/meelis/merlin/egs/build_your_own_voice/s1/experiments/eva_laused/acoustic_model/data/label_state_align/lause00306.lab, 225 labels
2025-05-09 13:59:03,330     INFO         labels: loaded /home/meelis/merlin/egs/build_your_own_voice/s1/experiments/eva_laused/acoustic_model/data/label_state_align/lause00566.lab, 120 labels
2025-05-09 13:59:03,353     INFO         labels: loaded /home/meelis/merlin/egs/build_your_own_voice/s1/experiments/eva_laused/acoustic_model/data/label_state_align/lause00057.lab, 135 labels
2025-05-09 13:59:03,390     INFO         labels: loaded /home/meelis/merlin/egs/build_your_own_voice/s1/experiments/eva_laused/acoustic_model/data/label_state_align/lause00567.lab, 120 labels
2025-05-09 13:59:03,392     INFO         labels: loaded /home/meelis/merlin/egs/build_your_own_voice/s1/experiments/eva_laused/acoustic_model/data/label_state_align/lause00644.lab, 200 labels
2025-05-09 13:59:03,398     INFO         labels: loaded /home/meelis/merlin/egs/build_your_own_voice/s1/experiments/eva_laused/acoustic_model/data/label_state_align/lause00374.lab, 185 labels
2025-05-09 13:59:03,406     INFO         labels: loaded /home/meelis/merlin/egs/build_your_own_voice/s1/experiments/eva_laused/acoustic_model/data/label_state_align/lause00614.lab, 190 labels
2025-05-09 13:59:03,443     INFO         labels: loaded /home/meelis/merlin/egs/build_your_own_voice/s1/experiments/eva_laused/acoustic_model/data/label_state_align/lause00125.lab, 210 labels
2025-05-09 13:59:03,475     INFO         labels: loaded /home/meelis/merlin/egs/build_your_own_voice/s1/experiments/eva_laused/acoustic_model/data/label_state_align/lause00708.lab, 165 labels
2025-05-09 13:59:03,521     INFO         labels: loaded /home/meelis/merlin/egs/build_your_own_voice/s1/experiments/eva_laused/acoustic_model/data/label_state_align/lause00757.lab, 230 labels
2025-05-09 13:59:03,525     INFO         labels: loaded /home/meelis/merlin/egs/build_your_own_voice/s1/experiments/eva_laused/acoustic_model/data/label_state_align/lause00058.lab, 205 labels
2025-05-09 13:59:03,543     INFO         labels: loaded /home/meelis/merlin/egs/build_your_own_voice/s1/experiments/eva_laused/acoustic_model/data/label_state_align/lause00615.lab, 240 labels
2025-05-09 13:59:03,563     INFO         labels: loaded /home/meelis/merlin/egs/build_your_own_voice/s1/experiments/eva_laused/acoustic_model/data/label_state_align/lause00307.lab, 130 labels
2025-05-09 13:59:03,710     INFO         labels: loaded /home/meelis/merlin/egs/build_your_own_voice/s1/experiments/eva_laused/acoustic_model/data/label_state_align/lause00645.lab, 225 labels
2025-05-09 13:59:03,784     INFO         labels: loaded /home/meelis/merlin/egs/build_your_own_voice/s1/experiments/eva_laused/acoustic_model/data/label_state_align/lause00758.lab, 145 labels
2025-05-09 13:59:03,818     INFO         labels: loaded /home/meelis/merlin/egs/build_your_own_voice/s1/experiments/eva_laused/acoustic_model/data/label_state_align/lause00709.lab, 200 labels
2025-05-09 13:59:03,842     INFO         labels: loaded /home/meelis/merlin/egs/build_your_own_voice/s1/experiments/eva_laused/acoustic_model/data/label_state_align/lause00375.lab, 210 labels
2025-05-09 13:59:03,920     INFO         labels: loaded /home/meelis/merlin/egs/build_your_own_voice/s1/experiments/eva_laused/acoustic_model/data/label_state_align/lause00616.lab, 100 labels
2025-05-09 13:59:03,944     INFO         labels: loaded /home/meelis/merlin/egs/build_your_own_voice/s1/experiments/eva_laused/acoustic_model/data/label_state_align/lause00759.lab, 165 labels
2025-05-09 13:59:03,954     INFO         labels: loaded /home/meelis/merlin/egs/build_your_own_voice/s1/experiments/eva_laused/acoustic_model/data/label_state_align/lause00126.lab, 195 labels
2025-05-09 13:59:03,962     INFO         labels: loaded /home/meelis/merlin/egs/build_your_own_voice/s1/experiments/eva_laused/acoustic_model/data/label_state_align/lause00308.lab, 140 labels
2025-05-09 13:59:04,025     INFO         labels: loaded /home/meelis/merlin/egs/build_your_own_voice/s1/experiments/eva_laused/acoustic_model/data/label_state_align/lause00617.lab, 270 labels
2025-05-09 13:59:04,037     INFO         labels: loaded /home/meelis/merlin/egs/build_your_own_voice/s1/experiments/eva_laused/acoustic_model/data/label_state_align/lause00646.lab, 135 labels
2025-05-09 13:59:04,077     INFO         labels: loaded /home/meelis/merlin/egs/build_your_own_voice/s1/experiments/eva_laused/acoustic_model/data/label_state_align/lause00059.lab, 170 labels
2025-05-09 13:59:04,080     INFO         labels: loaded /home/meelis/merlin/egs/build_your_own_voice/s1/experiments/eva_laused/acoustic_model/data/label_state_align/lause00760.lab, 205 labels
2025-05-09 13:59:04,092     INFO         labels: loaded /home/meelis/merlin/egs/build_your_own_voice/s1/experiments/eva_laused/acoustic_model/data/label_state_align/lause00710.lab, 240 labels
2025-05-09 13:59:04,321     INFO         labels: loaded /home/meelis/merlin/egs/build_your_own_voice/s1/experiments/eva_laused/acoustic_model/data/label_state_align/lause00376.lab, 240 labels
2025-05-09 13:59:04,322     INFO         labels: loaded /home/meelis/merlin/egs/build_your_own_voice/s1/experiments/eva_laused/acoustic_model/data/label_state_align/lause00309.lab, 205 labels
2025-05-09 13:59:04,330     INFO         labels: loaded /home/meelis/merlin/egs/build_your_own_voice/s1/experiments/eva_laused/acoustic_model/data/label_state_align/lause00820.lab, 195 labels
2025-05-09 13:59:04,332     INFO         labels: loaded /home/meelis/merlin/egs/build_your_own_voice/s1/experiments/eva_laused/acoustic_model/data/label_state_align/lause00647.lab, 155 labels
2025-05-09 13:59:04,335     INFO         labels: loaded /home/meelis/merlin/egs/build_your_own_voice/s1/experiments/eva_laused/acoustic_model/data/label_state_align/lause00618.lab, 175 labels
2025-05-09 13:59:04,353     INFO         labels: loaded /home/meelis/merlin/egs/build_your_own_voice/s1/experiments/eva_laused/acoustic_model/data/label_state_align/lause00761.lab, 160 labels
2025-05-09 13:59:04,483     INFO         labels: loaded /home/meelis/merlin/egs/build_your_own_voice/s1/experiments/eva_laused/acoustic_model/data/label_state_align/lause00711.lab, 125 labels
2025-05-09 13:59:04,513     INFO         labels: loaded /home/meelis/merlin/egs/build_your_own_voice/s1/experiments/eva_laused/acoustic_model/data/label_state_align/lause00060.lab, 155 labels
2025-05-09 13:59:04,602     INFO         labels: loaded /home/meelis/merlin/egs/build_your_own_voice/s1/experiments/eva_laused/acoustic_model/data/label_state_align/lause00762.lab, 225 labels
2025-05-09 13:59:04,612     INFO         labels: loaded /home/meelis/merlin/egs/build_your_own_voice/s1/experiments/eva_laused/acoustic_model/data/label_state_align/lause00619.lab, 180 labels
2025-05-09 13:59:04,625     INFO         labels: loaded /home/meelis/merlin/egs/build_your_own_voice/s1/experiments/eva_laused/acoustic_model/data/label_state_align/lause00648.lab, 220 labels
2025-05-09 13:59:04,763     INFO         labels: loaded /home/meelis/merlin/egs/build_your_own_voice/s1/experiments/eva_laused/acoustic_model/data/label_state_align/lause00310.lab, 160 labels
2025-05-09 13:59:04,766     INFO         labels: loaded /home/meelis/merlin/egs/build_your_own_voice/s1/experiments/eva_laused/acoustic_model/data/label_state_align/lause00712.lab, 105 labels
2025-05-09 13:59:04,769     INFO         labels: loaded /home/meelis/merlin/egs/build_your_own_voice/s1/experiments/eva_laused/acoustic_model/data/label_state_align/lause00763.lab, 220 labels
2025-05-09 13:59:04,796     INFO         labels: loaded /home/meelis/merlin/egs/build_your_own_voice/s1/experiments/eva_laused/acoustic_model/data/label_state_align/lause00620.lab, 135 labels
2025-05-09 13:59:04,814     INFO         labels: loaded /home/meelis/merlin/egs/build_your_own_voice/s1/experiments/eva_laused/acoustic_model/data/label_state_align/lause00377.lab, 160 labels
2025-05-09 13:59:04,816     INFO         labels: loaded /home/meelis/merlin/egs/build_your_own_voice/s1/experiments/eva_laused/acoustic_model/data/label_state_align/lause00061.lab, 125 labels
2025-05-09 13:59:04,863     INFO         labels: loaded /home/meelis/merlin/egs/build_your_own_voice/s1/experiments/eva_laused/acoustic_model/data/label_state_align/lause00821.lab, 200 labels
2025-05-09 13:59:04,934     INFO         labels: loaded /home/meelis/merlin/egs/build_your_own_voice/s1/experiments/eva_laused/acoustic_model/data/label_state_align/lause00649.lab, 200 labels
2025-05-09 13:59:04,936     INFO         labels: loaded /home/meelis/merlin/egs/build_your_own_voice/s1/experiments/eva_laused/acoustic_model/data/label_state_align/lause00621.lab, 135 labels
2025-05-09 13:59:04,944     INFO         labels: loaded /home/meelis/merlin/egs/build_your_own_voice/s1/experiments/eva_laused/acoustic_model/data/label_state_align/lause00764.lab, 255 labels
2025-05-09 13:59:04,954     INFO         labels: loaded /home/meelis/merlin/egs/build_your_own_voice/s1/experiments/eva_laused/acoustic_model/data/label_state_align/lause00713.lab, 110 labels
2025-05-09 13:59:05,070     INFO         labels: loaded /home/meelis/merlin/egs/build_your_own_voice/s1/experiments/eva_laused/acoustic_model/data/label_state_align/lause00622.lab, 105 labels
2025-05-09 13:59:05,112     INFO         labels: loaded /home/meelis/merlin/egs/build_your_own_voice/s1/experiments/eva_laused/acoustic_model/data/label_state_align/lause00311.lab, 135 labels
2025-05-09 13:59:05,113     INFO         labels: loaded /home/meelis/merlin/egs/build_your_own_voice/s1/experiments/eva_laused/acoustic_model/data/label_state_align/lause00378.lab, 170 labels
2025-05-09 13:59:05,135     INFO         labels: loaded /home/meelis/merlin/egs/build_your_own_voice/s1/experiments/eva_laused/acoustic_model/data/label_state_align/lause00765.lab, 185 labels
2025-05-09 13:59:05,152     INFO         labels: loaded /home/meelis/merlin/egs/build_your_own_voice/s1/experiments/eva_laused/acoustic_model/data/label_state_align/lause00062.lab, 225 labels
2025-05-09 13:59:05,177     INFO         labels: loaded /home/meelis/merlin/egs/build_your_own_voice/s1/experiments/eva_laused/acoustic_model/data/label_state_align/lause00714.lab, 165 labels
2025-05-09 13:59:05,205     INFO         labels: loaded /home/meelis/merlin/egs/build_your_own_voice/s1/experiments/eva_laused/acoustic_model/data/label_state_align/lause00822.lab, 155 labels
2025-05-09 13:59:05,209     INFO         labels: loaded /home/meelis/merlin/egs/build_your_own_voice/s1/experiments/eva_laused/acoustic_model/data/label_state_align/lause00623.lab, 195 labels
2025-05-09 13:59:05,232     INFO         labels: loaded /home/meelis/merlin/egs/build_your_own_voice/s1/experiments/eva_laused/acoustic_model/data/label_state_align/lause00650.lab, 185 labels
2025-05-09 13:59:05,263     INFO         labels: loaded /home/meelis/merlin/egs/build_your_own_voice/s1/experiments/eva_laused/acoustic_model/data/label_state_align/lause00766.lab, 130 labels
2025-05-09 13:59:05,445     INFO         labels: loaded /home/meelis/merlin/egs/build_your_own_voice/s1/experiments/eva_laused/acoustic_model/data/label_state_align/lause00312.lab, 300 labels
2025-05-09 13:59:05,447     INFO         labels: loaded /home/meelis/merlin/egs/build_your_own_voice/s1/experiments/eva_laused/acoustic_model/data/label_state_align/lause00767.lab, 215 labels
2025-05-09 13:59:05,448     INFO         labels: loaded /home/meelis/merlin/egs/build_your_own_voice/s1/experiments/eva_laused/acoustic_model/data/label_state_align/lause00624.lab, 145 labels
2025-05-09 13:59:05,461     INFO         labels: loaded /home/meelis/merlin/egs/build_your_own_voice/s1/experiments/eva_laused/acoustic_model/data/label_state_align/lause00715.lab, 135 labels
2025-05-09 13:59:05,496     INFO         labels: loaded /home/meelis/merlin/egs/build_your_own_voice/s1/experiments/eva_laused/acoustic_model/data/label_state_align/lause00883.lab, 175 labels
2025-05-09 13:59:05,564     INFO         labels: loaded /home/meelis/merlin/egs/build_your_own_voice/s1/experiments/eva_laused/acoustic_model/data/label_state_align/lause00063.lab, 150 labels
2025-05-09 13:59:05,564     INFO         labels: loaded /home/meelis/merlin/egs/build_your_own_voice/s1/experiments/eva_laused/acoustic_model/data/label_state_align/lause00823.lab, 135 labels
2025-05-09 13:59:05,572     INFO         labels: loaded /home/meelis/merlin/egs/build_your_own_voice/s1/experiments/eva_laused/acoustic_model/data/label_state_align/lause00651.lab, 115 labels
2025-05-09 13:59:05,591     INFO         labels: loaded /home/meelis/merlin/egs/build_your_own_voice/s1/experiments/eva_laused/acoustic_model/data/label_state_align/lause00768.lab, 120 labels
2025-05-09 13:59:05,680     INFO         labels: loaded /home/meelis/merlin/egs/build_your_own_voice/s1/experiments/eva_laused/acoustic_model/data/label_state_align/lause00625.lab, 190 labels
2025-05-09 13:59:05,728     INFO         labels: loaded /home/meelis/merlin/egs/build_your_own_voice/s1/experiments/eva_laused/acoustic_model/data/label_state_align/lause00769.lab, 125 labels
2025-05-09 13:59:05,735     INFO         labels: loaded /home/meelis/merlin/egs/build_your_own_voice/s1/experiments/eva_laused/acoustic_model/data/label_state_align/lause00716.lab, 175 labels
2025-05-09 13:59:05,844     INFO         labels: loaded /home/meelis/merlin/egs/build_your_own_voice/s1/experiments/eva_laused/acoustic_model/data/label_state_align/lause00626.lab, 185 labels
2025-05-09 13:59:05,885     INFO         labels: loaded /home/meelis/merlin/egs/build_your_own_voice/s1/experiments/eva_laused/acoustic_model/data/label_state_align/lause00884.lab, 185 labels
2025-05-09 13:59:05,907     INFO         labels: loaded /home/meelis/merlin/egs/build_your_own_voice/s1/experiments/eva_laused/acoustic_model/data/label_state_align/lause00946.lab, 155 labels
2025-05-09 13:59:05,909     INFO         labels: loaded /home/meelis/merlin/egs/build_your_own_voice/s1/experiments/eva_laused/acoustic_model/data/label_state_align/lause00770.lab, 210 labels
2025-05-09 13:59:05,917     INFO         labels: loaded /home/meelis/merlin/egs/build_your_own_voice/s1/experiments/eva_laused/acoustic_model/data/label_state_align/lause00652.lab, 195 labels
2025-05-09 13:59:05,989     INFO         labels: loaded /home/meelis/merlin/egs/build_your_own_voice/s1/experiments/eva_laused/acoustic_model/data/label_state_align/lause00717.lab, 125 labels
2025-05-09 13:59:05,995     INFO         labels: loaded /home/meelis/merlin/egs/build_your_own_voice/s1/experiments/eva_laused/acoustic_model/data/label_state_align/lause00771.lab, 190 labels
2025-05-09 13:59:05,997     INFO         labels: loaded /home/meelis/merlin/egs/build_your_own_voice/s1/experiments/eva_laused/acoustic_model/data/label_state_align/lause00824.lab, 220 labels
2025-05-09 13:59:06,002     INFO         labels: loaded /home/meelis/merlin/egs/build_your_own_voice/s1/experiments/eva_laused/acoustic_model/data/label_state_align/lause00313.lab, 145 labels
2025-05-09 13:59:06,041     INFO         labels: loaded /home/meelis/merlin/egs/build_your_own_voice/s1/experiments/eva_laused/acoustic_model/data/label_state_align/lause00627.lab, 165 labels
2025-05-09 13:59:06,179     INFO         labels: loaded /home/meelis/merlin/egs/build_your_own_voice/s1/experiments/eva_laused/acoustic_model/data/label_state_align/lause00947.lab, 130 labels
2025-05-09 13:59:06,188     INFO         labels: loaded /home/meelis/merlin/egs/build_your_own_voice/s1/experiments/eva_laused/acoustic_model/data/label_state_align/lause00772.lab, 245 labels
2025-05-09 13:59:06,204     INFO         labels: loaded /home/meelis/merlin/egs/build_your_own_voice/s1/experiments/eva_laused/acoustic_model/data/label_state_align/lause00653.lab, 240 labels
2025-05-09 13:59:06,205     INFO         labels: loaded /home/meelis/merlin/egs/build_your_own_voice/s1/experiments/eva_laused/acoustic_model/data/label_state_align/lause00718.lab, 235 labels
2025-05-09 13:59:06,205     INFO         labels: loaded /home/meelis/merlin/egs/build_your_own_voice/s1/experiments/eva_laused/acoustic_model/data/label_state_align/lause00885.lab, 160 labels
2025-05-09 13:59:06,244     INFO         labels: loaded /home/meelis/merlin/egs/build_your_own_voice/s1/experiments/eva_laused/acoustic_model/data/label_state_align/lause00628.lab, 165 labels
2025-05-09 13:59:06,279     INFO         labels: loaded /home/meelis/merlin/egs/build_your_own_voice/s1/experiments/eva_laused/acoustic_model/data/label_state_align/lause00773.lab, 120 labels
2025-05-09 13:59:06,332     INFO         labels: loaded /home/meelis/merlin/egs/build_your_own_voice/s1/experiments/eva_laused/acoustic_model/data/label_state_align/lause00314.lab, 280 labels
2025-05-09 13:59:06,335     INFO         labels: loaded /home/meelis/merlin/egs/build_your_own_voice/s1/experiments/eva_laused/acoustic_model/data/label_state_align/lause00825.lab, 280 labels
2025-05-09 13:59:06,381     INFO         labels: loaded /home/meelis/merlin/egs/build_your_own_voice/s1/experiments/eva_laused/acoustic_model/data/label_state_align/lause00629.lab, 215 labels
2025-05-09 13:59:06,425     INFO         labels: loaded /home/meelis/merlin/egs/build_your_own_voice/s1/experiments/eva_laused/acoustic_model/data/label_state_align/lause00774.lab, 225 labels
2025-05-09 13:59:06,484     INFO         labels: loaded /home/meelis/merlin/egs/build_your_own_voice/s1/experiments/eva_laused/acoustic_model/data/label_state_align/lause00886.lab, 140 labels
2025-05-09 13:59:06,484     INFO         labels: loaded /home/meelis/merlin/egs/build_your_own_voice/s1/experiments/eva_laused/acoustic_model/data/label_state_align/lause00719.lab, 150 labels
2025-05-09 13:59:06,485     INFO         labels: loaded /home/meelis/merlin/egs/build_your_own_voice/s1/experiments/eva_laused/acoustic_model/data/label_state_align/lause00654.lab, 140 labels
2025-05-09 13:59:06,522     INFO         labels: loaded /home/meelis/merlin/egs/build_your_own_voice/s1/experiments/eva_laused/acoustic_model/data/label_state_align/lause00948.lab, 200 labels
2025-05-09 13:59:06,533     INFO         labels: loaded /home/meelis/merlin/egs/build_your_own_voice/s1/experiments/eva_laused/acoustic_model/data/label_state_align/lause00630.lab, 175 labels
2025-05-09 13:59:06,564     INFO         labels: loaded /home/meelis/merlin/egs/build_your_own_voice/s1/experiments/eva_laused/acoustic_model/data/label_state_align/lause00775.lab, 280 labels
2025-05-09 13:59:06,744     INFO         labels: loaded /home/meelis/merlin/egs/build_your_own_voice/s1/experiments/eva_laused/acoustic_model/data/label_state_align/lause00826.lab, 120 labels
2025-05-09 13:59:06,744     INFO         labels: loaded /home/meelis/merlin/egs/build_your_own_voice/s1/experiments/eva_laused/acoustic_model/data/label_state_align/lause00720.lab, 170 labels
2025-05-09 13:59:06,751     INFO         labels: loaded /home/meelis/merlin/egs/build_your_own_voice/s1/experiments/eva_laused/acoustic_model/data/label_state_align/lause00655.lab, 170 labels
2025-05-09 13:59:06,773     INFO         labels: loaded /home/meelis/merlin/egs/build_your_own_voice/s1/experiments/eva_laused/acoustic_model/data/label_state_align/lause01009.lab, 125 labels
2025-05-09 13:59:06,798     INFO         labels: loaded /home/meelis/merlin/egs/build_your_own_voice/s1/experiments/eva_laused/acoustic_model/data/label_state_align/lause00776.lab, 165 labels
2025-05-09 13:59:06,809     INFO         labels: loaded /home/meelis/merlin/egs/build_your_own_voice/s1/experiments/eva_laused/acoustic_model/data/label_state_align/lause00887.lab, 215 labels
2025-05-09 13:59:06,837     INFO         labels: loaded /home/meelis/merlin/egs/build_your_own_voice/s1/experiments/eva_laused/acoustic_model/data/label_state_align/lause00315.lab, 150 labels
2025-05-09 13:59:06,896     INFO         labels: loaded /home/meelis/merlin/egs/build_your_own_voice/s1/experiments/eva_laused/acoustic_model/data/label_state_align/lause00777.lab, 255 labels
2025-05-09 13:59:06,951     INFO         labels: loaded /home/meelis/merlin/egs/build_your_own_voice/s1/experiments/eva_laused/acoustic_model/data/label_state_align/lause01010.lab, 160 labels
2025-05-09 13:59:07,011     INFO         labels: loaded /home/meelis/merlin/egs/build_your_own_voice/s1/experiments/eva_laused/acoustic_model/data/label_state_align/lause00827.lab, 165 labels
2025-05-09 13:59:07,013     INFO         labels: loaded /home/meelis/merlin/egs/build_your_own_voice/s1/experiments/eva_laused/acoustic_model/data/label_state_align/lause00721.lab, 150 labels
2025-05-09 13:59:07,014     INFO         labels: loaded /home/meelis/merlin/egs/build_your_own_voice/s1/experiments/eva_laused/acoustic_model/data/label_state_align/lause00656.lab, 205 labels
2025-05-09 13:59:07,017     INFO         labels: loaded /home/meelis/merlin/egs/build_your_own_voice/s1/experiments/eva_laused/acoustic_model/data/label_state_align/lause00778.lab, 215 labels
2025-05-09 13:59:07,018     INFO         labels: loaded /home/meelis/merlin/egs/build_your_own_voice/s1/experiments/eva_laused/acoustic_model/data/label_state_align/lause01011.lab, 165 labels
2025-05-09 13:59:07,109     INFO         labels: loaded /home/meelis/merlin/egs/build_your_own_voice/s1/experiments/eva_laused/acoustic_model/data/label_state_align/lause01074.lab, 250 labels
2025-05-09 13:59:07,110     INFO         labels: loaded /home/meelis/merlin/egs/build_your_own_voice/s1/experiments/eva_laused/acoustic_model/data/label_state_align/lause00888.lab, 145 labels
2025-05-09 13:59:07,123     INFO         labels: loaded /home/meelis/merlin/egs/build_your_own_voice/s1/experiments/eva_laused/acoustic_model/data/label_state_align/lause00949.lab, 170 labels
2025-05-09 13:59:07,132     INFO         labels: loaded /home/meelis/merlin/egs/build_your_own_voice/s1/experiments/eva_laused/acoustic_model/data/label_state_align/lause01012.lab, 120 labels
2025-05-09 13:59:07,134     INFO         labels: loaded /home/meelis/merlin/egs/build_your_own_voice/s1/experiments/eva_laused/acoustic_model/data/label_state_align/lause00779.lab, 220 labels
2025-05-09 13:59:07,199     INFO         labels: loaded /home/meelis/merlin/egs/build_your_own_voice/s1/experiments/eva_laused/acoustic_model/data/label_state_align/lause00722.lab, 170 labels
2025-05-09 13:59:07,289     INFO         labels: loaded /home/meelis/merlin/egs/build_your_own_voice/s1/experiments/eva_laused/acoustic_model/data/label_state_align/lause01013.lab, 140 labels
2025-05-09 13:59:07,335     INFO         labels: loaded /home/meelis/merlin/egs/build_your_own_voice/s1/experiments/eva_laused/acoustic_model/data/label_state_align/lause00657.lab, 180 labels
2025-05-09 13:59:07,342     INFO         labels: loaded /home/meelis/merlin/egs/build_your_own_voice/s1/experiments/eva_laused/acoustic_model/data/label_state_align/lause00828.lab, 180 labels
2025-05-09 13:59:07,363     INFO         labels: loaded /home/meelis/merlin/egs/build_your_own_voice/s1/experiments/eva_laused/acoustic_model/data/label_state_align/lause00780.lab, 195 labels
2025-05-09 13:59:07,371     INFO         labels: loaded /home/meelis/merlin/egs/build_your_own_voice/s1/experiments/eva_laused/acoustic_model/data/label_state_align/lause00889.lab, 190 labels
2025-05-09 13:59:07,500     INFO         labels: loaded /home/meelis/merlin/egs/build_your_own_voice/s1/experiments/eva_laused/acoustic_model/data/label_state_align/lause01014.lab, 130 labels
2025-05-09 13:59:07,515     INFO         labels: loaded /home/meelis/merlin/egs/build_your_own_voice/s1/experiments/eva_laused/acoustic_model/data/label_state_align/lause00723.lab, 190 labels
2025-05-09 13:59:07,576     INFO         labels: loaded /home/meelis/merlin/egs/build_your_own_voice/s1/experiments/eva_laused/acoustic_model/data/label_state_align/lause00781.lab, 200 labels
2025-05-09 13:59:07,649     INFO         labels: loaded /home/meelis/merlin/egs/build_your_own_voice/s1/experiments/eva_laused/acoustic_model/data/label_state_align/lause00950.lab, 230 labels
2025-05-09 13:59:07,681     INFO         labels: loaded /home/meelis/merlin/egs/build_your_own_voice/s1/experiments/eva_laused/acoustic_model/data/label_state_align/lause01015.lab, 120 labels
2025-05-09 13:59:07,703     INFO         labels: loaded /home/meelis/merlin/egs/build_your_own_voice/s1/experiments/eva_laused/acoustic_model/data/label_state_align/lause00658.lab, 130 labels
2025-05-09 13:59:07,715     INFO         labels: loaded /home/meelis/merlin/egs/build_your_own_voice/s1/experiments/eva_laused/acoustic_model/data/label_state_align/lause01075.lab, 170 labels
2025-05-09 13:59:07,736     INFO         labels: loaded /home/meelis/merlin/egs/build_your_own_voice/s1/experiments/eva_laused/acoustic_model/data/label_state_align/lause00829.lab, 135 labels
2025-05-09 13:59:07,835     INFO         labels: loaded /home/meelis/merlin/egs/build_your_own_voice/s1/experiments/eva_laused/acoustic_model/data/label_state_align/lause01016.lab, 135 labels
2025-05-09 13:59:07,851     INFO         labels: loaded /home/meelis/merlin/egs/build_your_own_voice/s1/experiments/eva_laused/acoustic_model/data/label_state_align/lause00890.lab, 190 labels
2025-05-09 13:59:07,852     INFO         labels: loaded /home/meelis/merlin/egs/build_your_own_voice/s1/experiments/eva_laused/acoustic_model/data/label_state_align/lause00724.lab, 155 labels
2025-05-09 13:59:07,870     INFO         labels: loaded /home/meelis/merlin/egs/build_your_own_voice/s1/experiments/eva_laused/acoustic_model/data/label_state_align/lause00782.lab, 140 labels
2025-05-09 13:59:07,929     INFO         labels: loaded /home/meelis/merlin/egs/build_your_own_voice/s1/experiments/eva_laused/acoustic_model/data/label_state_align/lause00659.lab, 180 labels
2025-05-09 13:59:08,097     INFO         labels: loaded /home/meelis/merlin/egs/build_your_own_voice/s1/experiments/eva_laused/acoustic_model/data/label_state_align/lause00830.lab, 125 labels
2025-05-09 13:59:08,106     INFO         labels: loaded /home/meelis/merlin/egs/build_your_own_voice/s1/experiments/eva_laused/acoustic_model/data/label_state_align/lause01017.lab, 190 labels
2025-05-09 13:59:08,116     INFO         labels: loaded /home/meelis/merlin/egs/build_your_own_voice/s1/experiments/eva_laused/acoustic_model/data/label_state_align/lause00783.lab, 210 labels
2025-05-09 13:59:08,130     INFO         labels: loaded /home/meelis/merlin/egs/build_your_own_voice/s1/experiments/eva_laused/acoustic_model/data/label_state_align/lause01076.lab, 200 labels
2025-05-09 13:59:08,186     INFO         labels: loaded /home/meelis/merlin/egs/build_your_own_voice/s1/experiments/eva_laused/acoustic_model/data/label_state_align/lause00725.lab, 235 labels
2025-05-09 13:59:08,199     INFO         labels: loaded /home/meelis/merlin/egs/build_your_own_voice/s1/experiments/eva_laused/acoustic_model/data/label_state_align/lause00951.lab, 175 labels
2025-05-09 13:59:08,329     INFO         labels: loaded /home/meelis/merlin/egs/build_your_own_voice/s1/experiments/eva_laused/acoustic_model/data/label_state_align/lause00660.lab, 210 labels
2025-05-09 13:59:08,335     INFO         labels: loaded /home/meelis/merlin/egs/build_your_own_voice/s1/experiments/eva_laused/acoustic_model/data/label_state_align/lause00891.lab, 190 labels
2025-05-09 13:59:08,341     INFO         labels: loaded /home/meelis/merlin/egs/build_your_own_voice/s1/experiments/eva_laused/acoustic_model/data/label_state_align/lause01018.lab, 150 labels
2025-05-09 13:59:08,382     INFO         labels: loaded /home/meelis/merlin/egs/build_your_own_voice/s1/experiments/eva_laused/acoustic_model/data/label_state_align/lause00784.lab, 270 labels
2025-05-09 13:59:08,396     INFO         labels: loaded /home/meelis/merlin/egs/build_your_own_voice/s1/experiments/eva_laused/acoustic_model/data/label_state_align/lause00831.lab, 140 labels
2025-05-09 13:59:08,551     INFO         labels: loaded /home/meelis/merlin/egs/build_your_own_voice/s1/experiments/eva_laused/acoustic_model/data/label_state_align/lause01019.lab, 175 labels
2025-05-09 13:59:08,584     INFO         labels: loaded /home/meelis/merlin/egs/build_your_own_voice/s1/experiments/eva_laused/acoustic_model/data/label_state_align/lause00726.lab, 235 labels
2025-05-09 13:59:08,652     INFO         labels: loaded /home/meelis/merlin/egs/build_your_own_voice/s1/experiments/eva_laused/acoustic_model/data/label_state_align/lause01077.lab, 195 labels
2025-05-09 13:59:08,670     INFO         labels: loaded /home/meelis/merlin/egs/build_your_own_voice/s1/experiments/eva_laused/acoustic_model/data/label_state_align/lause00661.lab, 150 labels
2025-05-09 13:59:08,696     INFO         labels: loaded /home/meelis/merlin/egs/build_your_own_voice/s1/experiments/eva_laused/acoustic_model/data/label_state_align/lause00952.lab, 200 labels
2025-05-09 13:59:08,703     INFO         labels: loaded /home/meelis/merlin/egs/build_your_own_voice/s1/experiments/eva_laused/acoustic_model/data/label_state_align/lause00785.lab, 180 labels
2025-05-09 13:59:08,727     INFO         labels: loaded /home/meelis/merlin/egs/build_your_own_voice/s1/experiments/eva_laused/acoustic_model/data/label_state_align/lause01020.lab, 260 labels
2025-05-09 13:59:08,850     INFO         labels: loaded /home/meelis/merlin/egs/build_your_own_voice/s1/experiments/eva_laused/acoustic_model/data/label_state_align/lause00832.lab, 285 labels
2025-05-09 13:59:08,884     INFO         labels: loaded /home/meelis/merlin/egs/build_your_own_voice/s1/experiments/eva_laused/acoustic_model/data/label_state_align/lause00892.lab, 140 labels
2025-05-09 13:59:08,971     INFO         labels: loaded /home/meelis/merlin/egs/build_your_own_voice/s1/experiments/eva_laused/acoustic_model/data/label_state_align/lause00662.lab, 290 labels
2025-05-09 13:59:08,984     INFO         labels: loaded /home/meelis/merlin/egs/build_your_own_voice/s1/experiments/eva_laused/acoustic_model/data/label_state_align/lause00786.lab, 210 labels
2025-05-09 13:59:09,010     INFO         labels: loaded /home/meelis/merlin/egs/build_your_own_voice/s1/experiments/eva_laused/acoustic_model/data/label_state_align/lause00727.lab, 195 labels
2025-05-09 13:59:09,086     INFO         labels: loaded /home/meelis/merlin/egs/build_your_own_voice/s1/experiments/eva_laused/acoustic_model/data/label_state_align/lause01021.lab, 140 labels
2025-05-09 13:59:09,252     INFO         labels: loaded /home/meelis/merlin/egs/build_your_own_voice/s1/experiments/eva_laused/acoustic_model/data/label_state_align/lause00787.lab, 165 labels
2025-05-09 13:59:09,262     INFO         labels: loaded /home/meelis/merlin/egs/build_your_own_voice/s1/experiments/eva_laused/acoustic_model/data/label_state_align/lause01078.lab, 155 labels
2025-05-09 13:59:09,296     INFO         labels: loaded /home/meelis/merlin/egs/build_your_own_voice/s1/experiments/eva_laused/acoustic_model/data/label_state_align/lause00728.lab, 210 labels
2025-05-09 13:59:09,301     INFO         labels: loaded /home/meelis/merlin/egs/build_your_own_voice/s1/experiments/eva_laused/acoustic_model/data/label_state_align/lause00953.lab, 195 labels
2025-05-09 13:59:09,301     INFO         labels: loaded /home/meelis/merlin/egs/build_your_own_voice/s1/experiments/eva_laused/acoustic_model/data/label_state_align/lause01022.lab, 170 labels
2025-05-09 13:59:09,324     INFO         labels: loaded /home/meelis/merlin/egs/build_your_own_voice/s1/experiments/eva_laused/acoustic_model/data/label_state_align/lause00893.lab, 225 labels
2025-05-09 13:59:09,426     INFO         labels: loaded /home/meelis/merlin/egs/build_your_own_voice/s1/experiments/eva_laused/acoustic_model/data/label_state_align/lause00833.lab, 205 labels
2025-05-09 13:59:09,435     INFO         labels: loaded /home/meelis/merlin/egs/build_your_own_voice/s1/experiments/eva_laused/acoustic_model/data/label_state_align/lause00663.lab, 215 labels
2025-05-09 13:59:09,511     INFO         labels: loaded /home/meelis/merlin/egs/build_your_own_voice/s1/experiments/eva_laused/acoustic_model/data/label_state_align/lause00788.lab, 135 labels
2025-05-09 13:59:09,607     INFO         labels: loaded /home/meelis/merlin/egs/build_your_own_voice/s1/experiments/eva_laused/acoustic_model/data/label_state_align/lause00729.lab, 190 labels
2025-05-09 13:59:09,610     INFO         labels: loaded /home/meelis/merlin/egs/build_your_own_voice/s1/experiments/eva_laused/acoustic_model/data/label_state_align/lause01023.lab, 235 labels
2025-05-09 13:59:09,646     INFO         labels: loaded /home/meelis/merlin/egs/build_your_own_voice/s1/experiments/eva_laused/acoustic_model/data/label_state_align/lause01079.lab, 135 labels
2025-05-09 13:59:09,685     INFO         labels: loaded /home/meelis/merlin/egs/build_your_own_voice/s1/experiments/eva_laused/acoustic_model/data/label_state_align/lause00789.lab, 140 labels
2025-05-09 13:59:09,787     INFO         labels: loaded /home/meelis/merlin/egs/build_your_own_voice/s1/experiments/eva_laused/acoustic_model/data/label_state_align/lause00894.lab, 250 labels
2025-05-09 13:59:09,829     INFO         labels: loaded /home/meelis/merlin/egs/build_your_own_voice/s1/experiments/eva_laused/acoustic_model/data/label_state_align/lause00664.lab, 175 labels
2025-05-09 13:59:09,888     INFO         labels: loaded /home/meelis/merlin/egs/build_your_own_voice/s1/experiments/eva_laused/acoustic_model/data/label_state_align/lause00954.lab, 150 labels
2025-05-09 13:59:09,900     INFO         labels: loaded /home/meelis/merlin/egs/build_your_own_voice/s1/experiments/eva_laused/acoustic_model/data/label_state_align/lause00790.lab, 110 labels
2025-05-09 13:59:09,959     INFO         labels: loaded /home/meelis/merlin/egs/build_your_own_voice/s1/experiments/eva_laused/acoustic_model/data/label_state_align/lause01024.lab, 170 labels
2025-05-09 13:59:09,997     INFO         labels: loaded /home/meelis/merlin/egs/build_your_own_voice/s1/experiments/eva_laused/acoustic_model/data/label_state_align/lause00730.lab, 230 labels
2025-05-09 13:59:10,013     INFO         labels: loaded /home/meelis/merlin/egs/build_your_own_voice/s1/experiments/eva_laused/acoustic_model/data/label_state_align/lause00834.lab, 210 labels
2025-05-09 13:59:10,028     INFO         labels: loaded /home/meelis/merlin/egs/build_your_own_voice/s1/experiments/eva_laused/acoustic_model/data/label_state_align/lause00791.lab, 160 labels
2025-05-09 13:59:10,035     INFO         labels: loaded /home/meelis/merlin/egs/build_your_own_voice/s1/experiments/eva_laused/acoustic_model/data/label_state_align/lause01080.lab, 115 labels
2025-05-09 13:59:10,186     INFO         labels: loaded /home/meelis/merlin/egs/build_your_own_voice/s1/experiments/eva_laused/acoustic_model/data/label_state_align/lause00665.lab, 145 labels
2025-05-09 13:59:10,190     INFO         labels: loaded /home/meelis/merlin/egs/build_your_own_voice/s1/experiments/eva_laused/acoustic_model/data/label_state_align/lause01025.lab, 195 labels
2025-05-09 13:59:10,214     INFO         labels: loaded /home/meelis/merlin/egs/build_your_own_voice/s1/experiments/eva_laused/acoustic_model/data/label_state_align/lause00792.lab, 300 labels
2025-05-09 13:59:10,428     INFO         labels: loaded /home/meelis/merlin/egs/build_your_own_voice/s1/experiments/eva_laused/acoustic_model/data/label_state_align/lause00895.lab, 140 labels
2025-05-09 13:59:10,436     INFO         labels: loaded /home/meelis/merlin/egs/build_your_own_voice/s1/experiments/eva_laused/acoustic_model/data/label_state_align/lause00955.lab, 165 labels
2025-05-09 13:59:10,452     INFO         labels: loaded /home/meelis/merlin/egs/build_your_own_voice/s1/experiments/eva_laused/acoustic_model/data/label_state_align/lause01081.lab, 245 labels
2025-05-09 13:59:10,475     INFO         labels: loaded /home/meelis/merlin/egs/build_your_own_voice/s1/experiments/eva_laused/acoustic_model/data/label_state_align/lause00731.lab, 205 labels
2025-05-09 13:59:10,478     INFO         labels: loaded /home/meelis/merlin/egs/build_your_own_voice/s1/experiments/eva_laused/acoustic_model/data/label_state_align/lause01026.lab, 315 labels
2025-05-09 13:59:10,494     INFO         labels: loaded /home/meelis/merlin/egs/build_your_own_voice/s1/experiments/eva_laused/acoustic_model/data/label_state_align/lause00835.lab, 225 labels
2025-05-09 13:59:10,543     INFO         labels: loaded /home/meelis/merlin/egs/build_your_own_voice/s1/experiments/eva_laused/acoustic_model/data/label_state_align/lause00666.lab, 160 labels
2025-05-09 13:59:10,565     INFO         labels: loaded /home/meelis/merlin/egs/build_your_own_voice/s1/experiments/eva_laused/acoustic_model/data/label_state_align/lause00793.lab, 210 labels
2025-05-09 13:59:10,819     INFO         labels: loaded /home/meelis/merlin/egs/build_your_own_voice/s1/experiments/eva_laused/acoustic_model/data/label_state_align/lause00956.lab, 180 labels
2025-05-09 13:59:10,843     INFO         labels: loaded /home/meelis/merlin/egs/build_your_own_voice/s1/experiments/eva_laused/acoustic_model/data/label_state_align/lause00732.lab, 145 labels
2025-05-09 13:59:10,843     INFO         labels: loaded /home/meelis/merlin/egs/build_your_own_voice/s1/experiments/eva_laused/acoustic_model/data/label_state_align/lause01027.lab, 220 labels
2025-05-09 13:59:10,845     INFO         labels: loaded /home/meelis/merlin/egs/build_your_own_voice/s1/experiments/eva_laused/acoustic_model/data/label_state_align/lause00794.lab, 175 labels
2025-05-09 13:59:10,849     INFO         labels: loaded /home/meelis/merlin/egs/build_your_own_voice/s1/experiments/eva_laused/acoustic_model/data/label_state_align/lause00896.lab, 150 labels
2025-05-09 13:59:10,860     INFO         labels: loaded /home/meelis/merlin/egs/build_your_own_voice/s1/experiments/eva_laused/acoustic_model/data/label_state_align/lause00667.lab, 265 labels
2025-05-09 13:59:10,963     INFO         labels: loaded /home/meelis/merlin/egs/build_your_own_voice/s1/experiments/eva_laused/acoustic_model/data/label_state_align/lause00836.lab, 240 labels
2025-05-09 13:59:11,134     INFO         labels: loaded /home/meelis/merlin/egs/build_your_own_voice/s1/experiments/eva_laused/acoustic_model/data/label_state_align/lause00795.lab, 220 labels
2025-05-09 13:59:11,151     INFO         labels: loaded /home/meelis/merlin/egs/build_your_own_voice/s1/experiments/eva_laused/acoustic_model/data/label_state_align/lause01082.lab, 215 labels
2025-05-09 13:59:11,155     INFO         labels: loaded /home/meelis/merlin/egs/build_your_own_voice/s1/experiments/eva_laused/acoustic_model/data/label_state_align/lause00733.lab, 155 labels
2025-05-09 13:59:11,232     INFO         labels: loaded /home/meelis/merlin/egs/build_your_own_voice/s1/experiments/eva_laused/acoustic_model/data/label_state_align/lause01028.lab, 125 labels
2025-05-09 13:59:11,245     INFO         labels: loaded /home/meelis/merlin/egs/build_your_own_voice/s1/experiments/eva_laused/acoustic_model/data/label_state_align/lause00897.lab, 115 labels
2025-05-09 13:59:11,306     INFO         labels: loaded /home/meelis/merlin/egs/build_your_own_voice/s1/experiments/eva_laused/acoustic_model/data/label_state_align/lause00668.lab, 195 labels
2025-05-09 13:59:11,324     INFO         labels: loaded /home/meelis/merlin/egs/build_your_own_voice/s1/experiments/eva_laused/acoustic_model/data/label_state_align/lause00957.lab, 155 labels
2025-05-09 13:59:11,339     INFO         labels: loaded /home/meelis/merlin/egs/build_your_own_voice/s1/experiments/eva_laused/acoustic_model/data/label_state_align/lause00796.lab, 190 labels
2025-05-09 13:59:11,382     INFO         labels: loaded /home/meelis/merlin/egs/build_your_own_voice/s1/experiments/eva_laused/acoustic_model/data/label_state_align/lause01029.lab, 150 labels
2025-05-09 13:59:11,432     INFO         labels: loaded /home/meelis/merlin/egs/build_your_own_voice/s1/experiments/eva_laused/acoustic_model/data/label_state_align/lause00837.lab, 175 labels
2025-05-09 13:59:11,471     INFO         labels: loaded /home/meelis/merlin/egs/build_your_own_voice/s1/experiments/eva_laused/acoustic_model/data/label_state_align/lause00734.lab, 155 labels
2025-05-09 13:59:11,526     INFO         labels: loaded /home/meelis/merlin/egs/build_your_own_voice/s1/experiments/eva_laused/acoustic_model/data/label_state_align/lause00898.lab, 180 labels
2025-05-09 13:59:11,600     INFO         labels: loaded /home/meelis/merlin/egs/build_your_own_voice/s1/experiments/eva_laused/acoustic_model/data/label_state_align/lause00797.lab, 260 labels
2025-05-09 13:59:11,609     INFO         labels: loaded /home/meelis/merlin/egs/build_your_own_voice/s1/experiments/eva_laused/acoustic_model/data/label_state_align/lause01030.lab, 180 labels
2025-05-09 13:59:11,616     INFO         labels: loaded /home/meelis/merlin/egs/build_your_own_voice/s1/experiments/eva_laused/acoustic_model/data/label_state_align/lause00669.lab, 120 labels
2025-05-09 13:59:11,665     INFO         labels: loaded /home/meelis/merlin/egs/build_your_own_voice/s1/experiments/eva_laused/acoustic_model/data/label_state_align/lause01083.lab, 195 labels
2025-05-09 13:59:11,727     INFO         labels: loaded /home/meelis/merlin/egs/build_your_own_voice/s1/experiments/eva_laused/acoustic_model/data/label_state_align/lause00958.lab, 150 labels
2025-05-09 13:59:11,844     INFO         labels: loaded /home/meelis/merlin/egs/build_your_own_voice/s1/experiments/eva_laused/acoustic_model/data/label_state_align/lause00735.lab, 210 labels
2025-05-09 13:59:11,882     INFO         labels: loaded /home/meelis/merlin/egs/build_your_own_voice/s1/experiments/eva_laused/acoustic_model/data/label_state_align/lause01031.lab, 135 labels
2025-05-09 13:59:11,930     INFO         labels: loaded /home/meelis/merlin/egs/build_your_own_voice/s1/experiments/eva_laused/acoustic_model/data/label_state_align/lause00838.lab, 150 labels
2025-05-09 13:59:11,938     INFO         labels: loaded /home/meelis/merlin/egs/build_your_own_voice/s1/experiments/eva_laused/acoustic_model/data/label_state_align/lause00670.lab, 195 labels
2025-05-09 13:59:11,958     INFO         labels: loaded /home/meelis/merlin/egs/build_your_own_voice/s1/experiments/eva_laused/acoustic_model/data/label_state_align/lause00798.lab, 190 labels
2025-05-09 13:59:11,968     INFO         labels: loaded /home/meelis/merlin/egs/build_your_own_voice/s1/experiments/eva_laused/acoustic_model/data/label_state_align/lause00899.lab, 140 labels
2025-05-09 13:59:12,077     INFO         labels: loaded /home/meelis/merlin/egs/build_your_own_voice/s1/experiments/eva_laused/acoustic_model/data/label_state_align/lause01032.lab, 220 labels
2025-05-09 13:59:12,210     INFO         labels: loaded /home/meelis/merlin/egs/build_your_own_voice/s1/experiments/eva_laused/acoustic_model/data/label_state_align/lause00959.lab, 230 labels
2025-05-09 13:59:12,231     INFO         labels: loaded /home/meelis/merlin/egs/build_your_own_voice/s1/experiments/eva_laused/acoustic_model/data/label_state_align/lause01084.lab, 195 labels
2025-05-09 13:59:12,245     INFO         labels: loaded /home/meelis/merlin/egs/build_your_own_voice/s1/experiments/eva_laused/acoustic_model/data/label_state_align/lause00799.lab, 135 labels
2025-05-09 13:59:12,248     INFO         labels: loaded /home/meelis/merlin/egs/build_your_own_voice/s1/experiments/eva_laused/acoustic_model/data/label_state_align/lause00736.lab, 215 labels
2025-05-09 13:59:12,261     INFO         labels: loaded /home/meelis/merlin/egs/build_your_own_voice/s1/experiments/eva_laused/acoustic_model/data/label_state_align/lause00671.lab, 140 labels
2025-05-09 13:59:12,289     INFO         labels: loaded /home/meelis/merlin/egs/build_your_own_voice/s1/experiments/eva_laused/acoustic_model/data/label_state_align/lause00839.lab, 160 labels
2025-05-09 13:59:12,366     INFO         labels: loaded /home/meelis/merlin/egs/build_your_own_voice/s1/experiments/eva_laused/acoustic_model/data/label_state_align/lause01033.lab, 165 labels
2025-05-09 13:59:12,380     INFO         labels: loaded /home/meelis/merlin/egs/build_your_own_voice/s1/experiments/eva_laused/acoustic_model/data/label_state_align/lause00800.lab, 210 labels
2025-05-09 13:59:12,411     INFO         labels: loaded /home/meelis/merlin/egs/build_your_own_voice/s1/experiments/eva_laused/acoustic_model/data/label_state_align/lause00900.lab, 230 labels
2025-05-09 13:59:12,558     INFO         labels: loaded /home/meelis/merlin/egs/build_your_own_voice/s1/experiments/eva_laused/acoustic_model/data/label_state_align/lause00672.lab, 170 labels
2025-05-09 13:59:12,591     INFO         labels: loaded /home/meelis/merlin/egs/build_your_own_voice/s1/experiments/eva_laused/acoustic_model/data/label_state_align/lause01034.lab, 165 labels
2025-05-09 13:59:12,591     INFO         labels: loaded /home/meelis/merlin/egs/build_your_own_voice/s1/experiments/eva_laused/acoustic_model/data/label_state_align/lause00801.lab, 160 labels
2025-05-09 13:59:12,653     INFO         labels: loaded /home/meelis/merlin/egs/build_your_own_voice/s1/experiments/eva_laused/acoustic_model/data/label_state_align/lause00737.lab, 175 labels
2025-05-09 13:59:12,675     INFO         labels: loaded /home/meelis/merlin/egs/build_your_own_voice/s1/experiments/eva_laused/acoustic_model/data/label_state_align/lause00840.lab, 175 labels
2025-05-09 13:59:12,755     INFO         labels: loaded /home/meelis/merlin/egs/build_your_own_voice/s1/experiments/eva_laused/acoustic_model/data/label_state_align/lause00960.lab, 185 labels
2025-05-09 13:59:12,759     INFO         labels: loaded /home/meelis/merlin/egs/build_your_own_voice/s1/experiments/eva_laused/acoustic_model/data/label_state_align/lause00802.lab, 225 labels
2025-05-09 13:59:12,773     INFO         labels: loaded /home/meelis/merlin/egs/build_your_own_voice/s1/experiments/eva_laused/acoustic_model/data/label_state_align/lause01035.lab, 165 labels
2025-05-09 13:59:12,776     INFO         labels: loaded /home/meelis/merlin/egs/build_your_own_voice/s1/experiments/eva_laused/acoustic_model/data/label_state_align/lause01085.lab,  85 labels
2025-05-09 13:59:12,974     INFO         labels: loaded /home/meelis/merlin/egs/build_your_own_voice/s1/experiments/eva_laused/acoustic_model/data/label_state_align/lause00673.lab, 115 labels
2025-05-09 13:59:13,018     INFO         labels: loaded /home/meelis/merlin/egs/build_your_own_voice/s1/experiments/eva_laused/acoustic_model/data/label_state_align/lause00738.lab, 115 labels
2025-05-09 13:59:13,042     INFO         labels: loaded /home/meelis/merlin/egs/build_your_own_voice/s1/experiments/eva_laused/acoustic_model/data/label_state_align/lause00901.lab, 170 labels
2025-05-09 13:59:13,074     INFO         labels: loaded /home/meelis/merlin/egs/build_your_own_voice/s1/experiments/eva_laused/acoustic_model/data/label_state_align/lause01036.lab, 170 labels
2025-05-09 13:59:13,075     INFO         labels: loaded /home/meelis/merlin/egs/build_your_own_voice/s1/experiments/eva_laused/acoustic_model/data/label_state_align/lause00803.lab, 190 labels
2025-05-09 13:59:13,080     INFO         labels: loaded /home/meelis/merlin/egs/build_your_own_voice/s1/experiments/eva_laused/acoustic_model/data/label_state_align/lause01086.lab,  35 labels
2025-05-09 13:59:13,122     INFO         labels: loaded /home/meelis/merlin/egs/build_your_own_voice/s1/experiments/eva_laused/acoustic_model/data/label_state_align/lause00841.lab, 220 labels
2025-05-09 13:59:13,204     INFO         labels: loaded /home/meelis/merlin/egs/build_your_own_voice/s1/experiments/eva_laused/acoustic_model/data/label_state_align/lause01087.lab, 145 labels
2025-05-09 13:59:13,250     INFO         labels: loaded /home/meelis/merlin/egs/build_your_own_voice/s1/experiments/eva_laused/acoustic_model/data/label_state_align/lause00961.lab, 185 labels
2025-05-09 13:59:13,268     INFO         labels: loaded /home/meelis/merlin/egs/build_your_own_voice/s1/experiments/eva_laused/acoustic_model/data/label_state_align/lause00739.lab, 155 labels
2025-05-09 13:59:13,289     INFO         labels: loaded /home/meelis/merlin/egs/build_your_own_voice/s1/experiments/eva_laused/acoustic_model/data/label_state_align/lause00804.lab, 145 labels
2025-05-09 13:59:13,294     INFO         labels: loaded /home/meelis/merlin/egs/build_your_own_voice/s1/experiments/eva_laused/acoustic_model/data/label_state_align/lause00674.lab, 170 labels
2025-05-09 13:59:13,309     INFO         labels: loaded /home/meelis/merlin/egs/build_your_own_voice/s1/experiments/eva_laused/acoustic_model/data/label_state_align/lause01037.lab, 205 labels
2025-05-09 13:59:13,471     INFO         labels: loaded /home/meelis/merlin/egs/build_your_own_voice/s1/experiments/eva_laused/acoustic_model/data/label_state_align/lause00902.lab, 180 labels
2025-05-09 13:59:13,481     INFO         labels: loaded /home/meelis/merlin/egs/build_your_own_voice/s1/experiments/eva_laused/acoustic_model/data/label_state_align/lause00805.lab, 135 labels
2025-05-09 13:59:13,585     INFO         labels: loaded /home/meelis/merlin/egs/build_your_own_voice/s1/experiments/eva_laused/acoustic_model/data/label_state_align/lause00740.lab, 140 labels
2025-05-09 13:59:13,610     INFO         labels: loaded /home/meelis/merlin/egs/build_your_own_voice/s1/experiments/eva_laused/acoustic_model/data/label_state_align/lause01088.lab,  85 labels
2025-05-09 13:59:13,618     INFO         labels: loaded /home/meelis/merlin/egs/build_your_own_voice/s1/experiments/eva_laused/acoustic_model/data/label_state_align/lause01038.lab, 195 labels
2025-05-09 13:59:13,631     INFO         labels: loaded /home/meelis/merlin/egs/build_your_own_voice/s1/experiments/eva_laused/acoustic_model/data/label_state_align/lause00806.lab, 165 labels
2025-05-09 13:59:13,634     INFO         labels: loaded /home/meelis/merlin/egs/build_your_own_voice/s1/experiments/eva_laused/acoustic_model/data/label_state_align/lause00842.lab, 200 labels
2025-05-09 13:59:13,636     INFO         labels: loaded /home/meelis/merlin/egs/build_your_own_voice/s1/experiments/eva_laused/acoustic_model/data/label_state_align/lause00675.lab, 105 labels
2025-05-09 13:59:13,707     INFO         labels: loaded /home/meelis/merlin/egs/build_your_own_voice/s1/experiments/eva_laused/acoustic_model/data/label_state_align/lause00962.lab, 160 labels
2025-05-09 13:59:13,850     INFO         labels: loaded /home/meelis/merlin/egs/build_your_own_voice/s1/experiments/eva_laused/acoustic_model/data/label_state_align/lause00741.lab, 170 labels
2025-05-09 13:59:13,878     INFO         labels: loaded /home/meelis/merlin/egs/build_your_own_voice/s1/experiments/eva_laused/acoustic_model/data/label_state_align/lause00676.lab, 250 labels
2025-05-09 13:59:13,900     INFO         labels: loaded /home/meelis/merlin/egs/build_your_own_voice/s1/experiments/eva_laused/acoustic_model/data/label_state_align/lause01089.lab,  75 labels
2025-05-09 13:59:13,903     INFO         labels: loaded /home/meelis/merlin/egs/build_your_own_voice/s1/experiments/eva_laused/acoustic_model/data/label_state_align/lause01039.lab, 105 labels
2025-05-09 13:59:13,914     INFO         labels: loaded /home/meelis/merlin/egs/build_your_own_voice/s1/experiments/eva_laused/acoustic_model/data/label_state_align/lause00807.lab, 125 labels
2025-05-09 13:59:13,944     INFO         labels: loaded /home/meelis/merlin/egs/build_your_own_voice/s1/experiments/eva_laused/acoustic_model/data/label_state_align/lause00903.lab, 135 labels
2025-05-09 13:59:14,086     INFO         labels: loaded /home/meelis/merlin/egs/build_your_own_voice/s1/experiments/eva_laused/acoustic_model/data/label_state_align/lause00843.lab, 225 labels
2025-05-09 13:59:14,092     INFO         labels: loaded /home/meelis/merlin/egs/build_your_own_voice/s1/experiments/eva_laused/acoustic_model/data/label_state_align/lause01040.lab, 175 labels
2025-05-09 13:59:14,118     INFO         labels: loaded /home/meelis/merlin/egs/build_your_own_voice/s1/experiments/eva_laused/acoustic_model/data/label_state_align/lause00808.lab, 185 labels
2025-05-09 13:59:14,144     INFO         labels: loaded /home/meelis/merlin/egs/build_your_own_voice/s1/experiments/eva_laused/acoustic_model/data/label_state_align/lause01090.lab, 155 labels
2025-05-09 13:59:14,192     INFO         labels: loaded /home/meelis/merlin/egs/build_your_own_voice/s1/experiments/eva_laused/acoustic_model/data/label_state_align/lause00963.lab, 135 labels
2025-05-09 13:59:14,196     INFO         labels: loaded /home/meelis/merlin/egs/build_your_own_voice/s1/experiments/eva_laused/acoustic_model/data/label_state_align/lause00742.lab, 170 labels
2025-05-09 13:59:14,335     INFO         labels: loaded /home/meelis/merlin/egs/build_your_own_voice/s1/experiments/eva_laused/acoustic_model/data/label_state_align/lause00904.lab, 160 labels
2025-05-09 13:59:14,344     INFO         labels: loaded /home/meelis/merlin/egs/build_your_own_voice/s1/experiments/eva_laused/acoustic_model/data/label_state_align/lause00809.lab, 195 labels
2025-05-09 13:59:14,352     INFO         labels: loaded /home/meelis/merlin/egs/build_your_own_voice/s1/experiments/eva_laused/acoustic_model/data/label_state_align/lause01041.lab, 190 labels
2025-05-09 13:59:14,352     INFO         labels: loaded /home/meelis/merlin/egs/build_your_own_voice/s1/experiments/eva_laused/acoustic_model/data/label_state_align/lause00677.lab, 195 labels
2025-05-09 13:59:14,566     INFO         labels: loaded /home/meelis/merlin/egs/build_your_own_voice/s1/experiments/eva_laused/acoustic_model/data/label_state_align/lause00810.lab, 150 labels
2025-05-09 13:59:14,566     INFO         labels: loaded /home/meelis/merlin/egs/build_your_own_voice/s1/experiments/eva_laused/acoustic_model/data/label_state_align/lause00743.lab, 255 labels
2025-05-09 13:59:14,577     INFO         labels: loaded /home/meelis/merlin/egs/build_your_own_voice/s1/experiments/eva_laused/acoustic_model/data/label_state_align/lause00844.lab, 145 labels
2025-05-09 13:59:14,587     INFO         labels: loaded /home/meelis/merlin/egs/build_your_own_voice/s1/experiments/eva_laused/acoustic_model/data/label_state_align/lause01091.lab, 205 labels
2025-05-09 13:59:14,601     INFO         labels: loaded /home/meelis/merlin/egs/build_your_own_voice/s1/experiments/eva_laused/acoustic_model/data/label_state_align/lause01042.lab, 155 labels
2025-05-09 13:59:14,656     INFO         labels: loaded /home/meelis/merlin/egs/build_your_own_voice/s1/experiments/eva_laused/acoustic_model/data/label_state_align/lause00964.lab, 175 labels
2025-05-09 13:59:14,745     INFO         labels: loaded /home/meelis/merlin/egs/build_your_own_voice/s1/experiments/eva_laused/acoustic_model/data/label_state_align/lause00678.lab, 185 labels
2025-05-09 13:59:14,772     INFO         labels: loaded /home/meelis/merlin/egs/build_your_own_voice/s1/experiments/eva_laused/acoustic_model/data/label_state_align/lause00905.lab, 115 labels
2025-05-09 13:59:14,782     INFO         labels: loaded /home/meelis/merlin/egs/build_your_own_voice/s1/experiments/eva_laused/acoustic_model/data/label_state_align/lause00811.lab, 130 labels
2025-05-09 13:59:14,884     INFO         labels: loaded /home/meelis/merlin/egs/build_your_own_voice/s1/experiments/eva_laused/acoustic_model/data/label_state_align/lause01045.lab, 230 labels
2025-05-09 13:59:15,028     INFO         labels: loaded /home/meelis/merlin/egs/build_your_own_voice/s1/experiments/eva_laused/acoustic_model/data/label_state_align/lause00845.lab, 145 labels
2025-05-09 13:59:15,056     INFO         labels: loaded /home/meelis/merlin/egs/build_your_own_voice/s1/experiments/eva_laused/acoustic_model/data/label_state_align/lause00744.lab, 130 labels
2025-05-09 13:59:15,098     INFO         labels: loaded /home/meelis/merlin/egs/build_your_own_voice/s1/experiments/eva_laused/acoustic_model/data/label_state_align/lause00812.lab, 260 labels
2025-05-09 13:59:15,173     INFO         labels: loaded /home/meelis/merlin/egs/build_your_own_voice/s1/experiments/eva_laused/acoustic_model/data/label_state_align/lause00679.lab, 125 labels
2025-05-09 13:59:15,186     INFO         labels: loaded /home/meelis/merlin/egs/build_your_own_voice/s1/experiments/eva_laused/acoustic_model/data/label_state_align/lause01046.lab, 320 labels
2025-05-09 13:59:15,193     INFO         labels: loaded /home/meelis/merlin/egs/build_your_own_voice/s1/experiments/eva_laused/acoustic_model/data/label_state_align/lause00965.lab, 230 labels
2025-05-09 13:59:15,202     INFO         labels: loaded /home/meelis/merlin/egs/build_your_own_voice/s1/experiments/eva_laused/acoustic_model/data/label_state_align/lause01092.lab, 190 labels
2025-05-09 13:59:15,218     INFO         labels: loaded /home/meelis/merlin/egs/build_your_own_voice/s1/experiments/eva_laused/acoustic_model/data/label_state_align/lause00906.lab, 215 labels
2025-05-09 13:59:15,298     INFO         labels: loaded /home/meelis/merlin/egs/build_your_own_voice/s1/experiments/eva_laused/acoustic_model/data/label_state_align/lause00745.lab, 165 labels
2025-05-09 13:59:15,424     INFO         labels: loaded /home/meelis/merlin/egs/build_your_own_voice/s1/experiments/eva_laused/acoustic_model/data/label_state_align/lause00846.lab, 120 labels
2025-05-09 13:59:15,430     INFO         labels: loaded /home/meelis/merlin/egs/build_your_own_voice/s1/experiments/eva_laused/acoustic_model/data/label_state_align/lause00813.lab, 195 labels
2025-05-09 13:59:15,467     INFO         labels: loaded /home/meelis/merlin/egs/build_your_own_voice/s1/experiments/eva_laused/acoustic_model/data/label_state_align/lause00680.lab, 325 labels
2025-05-09 13:59:15,502     INFO         labels: loaded /home/meelis/merlin/egs/build_your_own_voice/s1/experiments/eva_laused/acoustic_model/data/label_state_align/lause01047.lab, 235 labels
2025-05-09 13:59:15,659     INFO         labels: loaded /home/meelis/merlin/egs/build_your_own_voice/s1/experiments/eva_laused/acoustic_model/data/label_state_align/lause00814.lab, 205 labels
2025-05-09 13:59:15,681     INFO         labels: loaded /home/meelis/merlin/egs/build_your_own_voice/s1/experiments/eva_laused/acoustic_model/data/label_state_align/lause00746.lab, 130 labels
2025-05-09 13:59:15,740     INFO         labels: loaded /home/meelis/merlin/egs/build_your_own_voice/s1/experiments/eva_laused/acoustic_model/data/label_state_align/lause00847.lab, 115 labels
2025-05-09 13:59:15,769     INFO         labels: loaded /home/meelis/merlin/egs/build_your_own_voice/s1/experiments/eva_laused/acoustic_model/data/label_state_align/lause00907.lab, 125 labels
2025-05-09 13:59:15,803     INFO         labels: loaded /home/meelis/merlin/egs/build_your_own_voice/s1/experiments/eva_laused/acoustic_model/data/label_state_align/lause01093.lab, 130 labels
2025-05-09 13:59:15,877     INFO         labels: loaded /home/meelis/merlin/egs/build_your_own_voice/s1/experiments/eva_laused/acoustic_model/data/label_state_align/lause00966.lab, 235 labels
2025-05-09 13:59:15,946     INFO         labels: loaded /home/meelis/merlin/egs/build_your_own_voice/s1/experiments/eva_laused/acoustic_model/data/label_state_align/lause01048.lab, 215 labels
2025-05-09 13:59:16,001     INFO         labels: loaded /home/meelis/merlin/egs/build_your_own_voice/s1/experiments/eva_laused/acoustic_model/data/label_state_align/lause00815.lab, 270 labels
2025-05-09 13:59:16,009     INFO         labels: loaded /home/meelis/merlin/egs/build_your_own_voice/s1/experiments/eva_laused/acoustic_model/data/label_state_align/lause00747.lab, 180 labels
2025-05-09 13:59:16,034     INFO         labels: loaded /home/meelis/merlin/egs/build_your_own_voice/s1/experiments/eva_laused/acoustic_model/data/label_state_align/lause00681.lab, 185 labels
2025-05-09 13:59:16,072     INFO         labels: loaded /home/meelis/merlin/egs/build_your_own_voice/s1/experiments/eva_laused/acoustic_model/data/label_state_align/lause00848.lab, 270 labels
2025-05-09 13:59:16,123     INFO         labels: loaded /home/meelis/merlin/egs/build_your_own_voice/s1/experiments/eva_laused/acoustic_model/data/label_state_align/lause00908.lab, 165 labels
2025-05-09 13:59:16,211     INFO         labels: loaded /home/meelis/merlin/egs/build_your_own_voice/s1/experiments/eva_laused/acoustic_model/data/label_state_align/lause01049.lab, 190 labels
2025-05-09 13:59:16,217     INFO         labels: loaded /home/meelis/merlin/egs/build_your_own_voice/s1/experiments/eva_laused/acoustic_model/data/label_state_align/lause01094.lab, 195 labels
2025-05-09 13:59:16,225     INFO         labels: loaded /home/meelis/merlin/egs/build_your_own_voice/s1/experiments/eva_laused/acoustic_model/data/label_state_align/lause00816.lab, 205 labels
2025-05-09 13:59:16,357     INFO         labels: loaded /home/meelis/merlin/egs/build_your_own_voice/s1/experiments/eva_laused/acoustic_model/data/label_state_align/lause00748.lab, 185 labels
2025-05-09 13:59:16,411     INFO         labels: loaded /home/meelis/merlin/egs/build_your_own_voice/s1/experiments/eva_laused/acoustic_model/data/label_state_align/lause01050.lab, 245 labels
2025-05-09 13:59:16,423     INFO         labels: loaded /home/meelis/merlin/egs/build_your_own_voice/s1/experiments/eva_laused/acoustic_model/data/label_state_align/lause00682.lab, 150 labels
2025-05-09 13:59:16,447     INFO         labels: loaded /home/meelis/merlin/egs/build_your_own_voice/s1/experiments/eva_laused/acoustic_model/data/label_state_align/lause00817.lab, 270 labels
2025-05-09 13:59:16,481     INFO         labels: loaded /home/meelis/merlin/egs/build_your_own_voice/s1/experiments/eva_laused/acoustic_model/data/label_state_align/lause00967.lab, 215 labels
2025-05-09 13:59:16,581     INFO         labels: loaded /home/meelis/merlin/egs/build_your_own_voice/s1/experiments/eva_laused/acoustic_model/data/label_state_align/lause00849.lab, 150 labels
2025-05-09 13:59:16,617     INFO         labels: loaded /home/meelis/merlin/egs/build_your_own_voice/s1/experiments/eva_laused/acoustic_model/data/label_state_align/lause00909.lab, 245 labels
2025-05-09 13:59:16,642     INFO         labels: loaded /home/meelis/merlin/egs/build_your_own_voice/s1/experiments/eva_laused/acoustic_model/data/label_state_align/lause00749.lab, 155 labels
2025-05-09 13:59:16,771     INFO         labels: loaded /home/meelis/merlin/egs/build_your_own_voice/s1/experiments/eva_laused/acoustic_model/data/label_state_align/lause01051.lab, 150 labels
2025-05-09 13:59:16,774     INFO         labels: loaded /home/meelis/merlin/egs/build_your_own_voice/s1/experiments/eva_laused/acoustic_model/data/label_state_align/lause00818.lab, 165 labels
2025-05-09 13:59:16,784     INFO         labels: loaded /home/meelis/merlin/egs/build_your_own_voice/s1/experiments/eva_laused/acoustic_model/data/label_state_align/lause00683.lab, 185 labels
2025-05-09 13:59:16,871     INFO         labels: loaded /home/meelis/merlin/egs/build_your_own_voice/s1/experiments/eva_laused/acoustic_model/data/label_state_align/lause01095.lab, 170 labels
2025-05-09 13:59:16,920     INFO         labels: loaded /home/meelis/merlin/egs/build_your_own_voice/s1/experiments/eva_laused/acoustic_model/data/label_state_align/lause01052.lab, 135 labels
2025-05-09 13:59:16,931     INFO         labels: loaded /home/meelis/merlin/egs/build_your_own_voice/s1/experiments/eva_laused/acoustic_model/data/label_state_align/lause00850.lab, 160 labels
2025-05-09 13:59:16,951     INFO         labels: loaded /home/meelis/merlin/egs/build_your_own_voice/s1/experiments/eva_laused/acoustic_model/data/label_state_align/lause00819.lab, 165 labels
2025-05-09 13:59:16,953     INFO         labels: loaded /home/meelis/merlin/egs/build_your_own_voice/s1/experiments/eva_laused/acoustic_model/data/label_state_align/lause00750.lab, 155 labels
2025-05-09 13:59:17,028     INFO         labels: loaded /home/meelis/merlin/egs/build_your_own_voice/s1/experiments/eva_laused/acoustic_model/data/label_state_align/lause00968.lab, 155 labels
2025-05-09 13:59:17,058     INFO         labels: loaded /home/meelis/merlin/egs/build_your_own_voice/s1/experiments/eva_laused/acoustic_model/data/label_state_align/lause00910.lab, 130 labels
2025-05-09 13:59:17,086     INFO         labels: loaded /home/meelis/merlin/egs/build_your_own_voice/s1/experiments/eva_laused/acoustic_model/data/label_state_align/lause01053.lab, 125 labels
2025-05-09 13:59:17,146     INFO         labels: loaded /home/meelis/merlin/egs/build_your_own_voice/s1/experiments/eva_laused/acoustic_model/data/label_state_align/lause00684.lab, 160 labels
2025-05-09 13:59:17,178     INFO         labels: loaded /home/meelis/merlin/egs/build_your_own_voice/s1/experiments/eva_laused/acoustic_model/data/label_state_align/lause01137.lab, 160 labels
2025-05-09 13:59:17,332     INFO         labels: loaded /home/meelis/merlin/egs/build_your_own_voice/s1/experiments/eva_laused/acoustic_model/data/label_state_align/lause01054.lab, 195 labels
2025-05-09 13:59:17,349     INFO         labels: loaded /home/meelis/merlin/egs/build_your_own_voice/s1/experiments/eva_laused/acoustic_model/data/label_state_align/lause00751.lab, 190 labels
2025-05-09 13:59:17,373     INFO         labels: loaded /home/meelis/merlin/egs/build_your_own_voice/s1/experiments/eva_laused/acoustic_model/data/label_state_align/lause01096.lab, 155 labels
2025-05-09 13:59:17,443     INFO         labels: loaded /home/meelis/merlin/egs/build_your_own_voice/s1/experiments/eva_laused/acoustic_model/data/label_state_align/lause00851.lab, 175 labels
2025-05-09 13:59:17,448     INFO         labels: loaded /home/meelis/merlin/egs/build_your_own_voice/s1/experiments/eva_laused/acoustic_model/data/label_state_align/lause00685.lab, 145 labels
2025-05-09 13:59:17,449     INFO         labels: loaded /home/meelis/merlin/egs/build_your_own_voice/s1/experiments/eva_laused/acoustic_model/data/label_state_align/lause00911.lab, 140 labels
2025-05-09 13:59:17,451     INFO         labels: loaded /home/meelis/merlin/egs/build_your_own_voice/s1/experiments/eva_laused/acoustic_model/data/label_state_align/lause01138.lab, 270 labels
2025-05-09 13:59:17,532     INFO         labels: loaded /home/meelis/merlin/egs/build_your_own_voice/s1/experiments/eva_laused/acoustic_model/data/label_state_align/lause00969.lab, 135 labels
2025-05-09 13:59:17,596     INFO         labels: loaded /home/meelis/merlin/egs/build_your_own_voice/s1/experiments/eva_laused/acoustic_model/data/label_state_align/lause01055.lab, 115 labels
2025-05-09 13:59:17,660     INFO         labels: loaded /home/meelis/merlin/egs/build_your_own_voice/s1/experiments/eva_laused/acoustic_model/data/label_state_align/lause00752.lab, 115 labels
2025-05-09 13:59:17,733     INFO         labels: loaded /home/meelis/merlin/egs/build_your_own_voice/s1/experiments/eva_laused/acoustic_model/data/label_state_align/lause01139.lab, 155 labels
2025-05-09 13:59:17,743     INFO         labels: loaded /home/meelis/merlin/egs/build_your_own_voice/s1/experiments/eva_laused/acoustic_model/data/label_state_align/lause01097.lab, 225 labels
2025-05-09 13:59:17,772     INFO         labels: loaded /home/meelis/merlin/egs/build_your_own_voice/s1/experiments/eva_laused/acoustic_model/data/label_state_align/lause01056.lab, 230 labels
2025-05-09 13:59:17,780     INFO         labels: loaded /home/meelis/merlin/egs/build_your_own_voice/s1/experiments/eva_laused/acoustic_model/data/label_state_align/lause00686.lab, 160 labels
2025-05-09 13:59:17,817     INFO         labels: loaded /home/meelis/merlin/egs/build_your_own_voice/s1/experiments/eva_laused/acoustic_model/data/label_state_align/lause00852.lab, 230 labels
2025-05-09 13:59:17,862     INFO         labels: loaded /home/meelis/merlin/egs/build_your_own_voice/s1/experiments/eva_laused/acoustic_model/data/label_state_align/lause00912.lab, 195 labels
2025-05-09 13:59:17,882     INFO         labels: loaded /home/meelis/merlin/egs/build_your_own_voice/s1/experiments/eva_laused/acoustic_model/data/label_state_align/lause00970.lab, 115 labels
2025-05-09 13:59:17,910     INFO         labels: loaded /home/meelis/merlin/egs/build_your_own_voice/s1/experiments/eva_laused/acoustic_model/data/label_state_align/lause01140.lab, 200 labels
2025-05-09 13:59:17,935     INFO         labels: loaded /home/meelis/merlin/egs/build_your_own_voice/s1/experiments/eva_laused/acoustic_model/data/label_state_align/lause00753.lab, 145 labels
2025-05-09 13:59:18,128     INFO         labels: loaded /home/meelis/merlin/egs/build_your_own_voice/s1/experiments/eva_laused/acoustic_model/data/label_state_align/lause01057.lab, 220 labels
2025-05-09 13:59:18,132     INFO         labels: loaded /home/meelis/merlin/egs/build_your_own_voice/s1/experiments/eva_laused/acoustic_model/data/label_state_align/lause00687.lab, 175 labels
2025-05-09 13:59:18,234     INFO         labels: loaded /home/meelis/merlin/egs/build_your_own_voice/s1/experiments/eva_laused/acoustic_model/data/label_state_align/lause00971.lab, 205 labels
2025-05-09 13:59:18,248     INFO         labels: loaded /home/meelis/merlin/egs/build_your_own_voice/s1/experiments/eva_laused/acoustic_model/data/label_state_align/lause00754.lab, 155 labels
2025-05-09 13:59:18,249     INFO         labels: loaded /home/meelis/merlin/egs/build_your_own_voice/s1/experiments/eva_laused/acoustic_model/data/label_state_align/lause01141.lab, 340 labels
2025-05-09 13:59:18,340     INFO         labels: loaded /home/meelis/merlin/egs/build_your_own_voice/s1/experiments/eva_laused/acoustic_model/data/label_state_align/lause00853.lab, 185 labels
2025-05-09 13:59:18,343     INFO         labels: loaded /home/meelis/merlin/egs/build_your_own_voice/s1/experiments/eva_laused/acoustic_model/data/label_state_align/lause00913.lab, 240 labels
2025-05-09 13:59:18,343     INFO         labels: loaded /home/meelis/merlin/egs/build_your_own_voice/s1/experiments/eva_laused/acoustic_model/data/label_state_align/lause01098.lab, 135 labels
2025-05-09 13:59:18,367     INFO         labels: loaded /home/meelis/merlin/egs/build_your_own_voice/s1/experiments/eva_laused/acoustic_model/data/label_state_align/lause01058.lab, 175 labels
2025-05-09 13:59:18,489     INFO         labels: loaded /home/meelis/merlin/egs/build_your_own_voice/s1/experiments/eva_laused/acoustic_model/data/label_state_align/lause00688.lab, 110 labels
2025-05-09 13:59:18,627     INFO         labels: loaded /home/meelis/merlin/egs/build_your_own_voice/s1/experiments/eva_laused/acoustic_model/data/label_state_align/lause01142.lab, 135 labels
2025-05-09 13:59:18,643     INFO         labels: loaded /home/meelis/merlin/egs/build_your_own_voice/s1/experiments/eva_laused/acoustic_model/data/label_state_align/lause00755.lab, 200 labels
2025-05-09 13:59:18,711     INFO         labels: loaded /home/meelis/merlin/egs/build_your_own_voice/s1/experiments/eva_laused/acoustic_model/data/label_state_align/lause01059.lab, 190 labels
2025-05-09 13:59:18,734     INFO         labels: loaded /home/meelis/merlin/egs/build_your_own_voice/s1/experiments/eva_laused/acoustic_model/data/label_state_align/lause01099.lab, 145 labels
2025-05-09 13:59:18,838     INFO         labels: loaded /home/meelis/merlin/egs/build_your_own_voice/s1/experiments/eva_laused/acoustic_model/data/label_state_align/lause00689.lab, 155 labels
2025-05-09 13:59:18,848     INFO         labels: loaded /home/meelis/merlin/egs/build_your_own_voice/s1/experiments/eva_laused/acoustic_model/data/label_state_align/lause00854.lab, 215 labels
2025-05-09 13:59:18,861     INFO         labels: loaded /home/meelis/merlin/egs/build_your_own_voice/s1/experiments/eva_laused/acoustic_model/data/label_state_align/lause00972.lab, 260 labels
2025-05-09 13:59:18,864     INFO         labels: loaded /home/meelis/merlin/egs/build_your_own_voice/s1/experiments/eva_laused/acoustic_model/data/label_state_align/lause01143.lab, 225 labels
2025-05-09 13:59:18,900     INFO         labels: loaded /home/meelis/merlin/egs/build_your_own_voice/s1/experiments/eva_laused/acoustic_model/data/label_state_align/lause00914.lab, 220 labels
2025-05-09 13:59:18,936     INFO         labels: loaded /home/meelis/merlin/egs/build_your_own_voice/s1/experiments/eva_laused/acoustic_model/data/label_state_align/lause00756.lab, 225 labels
2025-05-09 13:59:18,997     INFO         labels: loaded /home/meelis/merlin/egs/build_your_own_voice/s1/experiments/eva_laused/acoustic_model/data/label_state_align/lause01060.lab, 230 labels
2025-05-09 13:59:19,192     INFO         labels: loaded /home/meelis/merlin/egs/build_your_own_voice/s1/experiments/eva_laused/acoustic_model/data/label_state_align/lause01144.lab, 140 labels
2025-05-09 13:59:19,198     INFO         labels: loaded /home/meelis/merlin/egs/build_your_own_voice/s1/experiments/eva_laused/acoustic_model/data/label_state_align/lause01100.lab, 150 labels
2025-05-09 13:59:19,204     INFO         labels: loaded /home/meelis/merlin/egs/build_your_own_voice/s1/experiments/eva_laused/acoustic_model/data/label_state_align/lause00690.lab, 195 labels
2025-05-09 13:59:19,278     INFO         labels: loaded /home/meelis/merlin/egs/build_your_own_voice/s1/experiments/eva_laused/acoustic_model/data/label_state_align/lause01061.lab, 210 labels
2025-05-09 13:59:19,313     INFO         labels: loaded /home/meelis/merlin/egs/build_your_own_voice/s1/experiments/eva_laused/acoustic_model/data/label_state_align/lause01200.lab, 250 labels
2025-05-09 13:59:19,334     INFO         labels: loaded /home/meelis/merlin/egs/build_your_own_voice/s1/experiments/eva_laused/acoustic_model/data/label_state_align/lause00855.lab, 100 labels
2025-05-09 13:59:19,405     INFO         labels: loaded /home/meelis/merlin/egs/build_your_own_voice/s1/experiments/eva_laused/acoustic_model/data/label_state_align/lause01145.lab, 245 labels
2025-05-09 13:59:19,505     INFO         labels: loaded /home/meelis/merlin/egs/build_your_own_voice/s1/experiments/eva_laused/acoustic_model/data/label_state_align/lause00973.lab, 255 labels
2025-05-09 13:59:19,515     INFO         labels: loaded /home/meelis/merlin/egs/build_your_own_voice/s1/experiments/eva_laused/acoustic_model/data/label_state_align/lause00915.lab, 145 labels
2025-05-09 13:59:19,594     INFO         labels: loaded /home/meelis/merlin/egs/build_your_own_voice/s1/experiments/eva_laused/acoustic_model/data/label_state_align/lause01062.lab, 150 labels
2025-05-09 13:59:19,627     INFO         labels: loaded /home/meelis/merlin/egs/build_your_own_voice/s1/experiments/eva_laused/acoustic_model/data/label_state_align/lause00856.lab, 250 labels
2025-05-09 13:59:19,628     INFO         labels: loaded /home/meelis/merlin/egs/build_your_own_voice/s1/experiments/eva_laused/acoustic_model/data/label_state_align/lause01101.lab, 205 labels
2025-05-09 13:59:19,636     INFO         labels: loaded /home/meelis/merlin/egs/build_your_own_voice/s1/experiments/eva_laused/acoustic_model/data/label_state_align/lause00691.lab, 250 labels
2025-05-09 13:59:19,773     INFO         labels: loaded /home/meelis/merlin/egs/build_your_own_voice/s1/experiments/eva_laused/acoustic_model/data/label_state_align/lause01146.lab, 180 labels
2025-05-09 13:59:19,796     INFO         labels: loaded /home/meelis/merlin/egs/build_your_own_voice/s1/experiments/eva_laused/acoustic_model/data/label_state_align/lause01201.lab, 270 labels
2025-05-09 13:59:19,860     INFO         labels: loaded /home/meelis/merlin/egs/build_your_own_voice/s1/experiments/eva_laused/acoustic_model/data/label_state_align/lause01063.lab, 150 labels
2025-05-09 13:59:19,958     INFO         labels: loaded /home/meelis/merlin/egs/build_your_own_voice/s1/experiments/eva_laused/acoustic_model/data/label_state_align/lause00916.lab, 130 labels
2025-05-09 13:59:19,996     INFO         labels: loaded /home/meelis/merlin/egs/build_your_own_voice/s1/experiments/eva_laused/acoustic_model/data/label_state_align/lause01147.lab, 195 labels
2025-05-09 13:59:20,181     INFO         labels: loaded /home/meelis/merlin/egs/build_your_own_voice/s1/experiments/eva_laused/acoustic_model/data/label_state_align/lause00692.lab, 170 labels
2025-05-09 13:59:20,215     INFO         labels: loaded /home/meelis/merlin/egs/build_your_own_voice/s1/experiments/eva_laused/acoustic_model/data/label_state_align/lause01102.lab, 140 labels
2025-05-09 13:59:20,218     INFO         labels: loaded /home/meelis/merlin/egs/build_your_own_voice/s1/experiments/eva_laused/acoustic_model/data/label_state_align/lause00974.lab, 235 labels
2025-05-09 13:59:20,219     INFO         labels: loaded /home/meelis/merlin/egs/build_your_own_voice/s1/experiments/eva_laused/acoustic_model/data/label_state_align/lause01148.lab, 230 labels
2025-05-09 13:59:20,251     INFO         labels: loaded /home/meelis/merlin/egs/build_your_own_voice/s1/experiments/eva_laused/acoustic_model/data/label_state_align/lause01202.lab, 165 labels
2025-05-09 13:59:20,293     INFO         labels: loaded /home/meelis/merlin/egs/build_your_own_voice/s1/experiments/eva_laused/acoustic_model/data/label_state_align/lause00917.lab, 210 labels
2025-05-09 13:59:20,358     INFO         labels: loaded /home/meelis/merlin/egs/build_your_own_voice/s1/experiments/eva_laused/acoustic_model/data/label_state_align/lause01149.lab, 225 labels
2025-05-09 13:59:20,360     INFO         labels: loaded /home/meelis/merlin/egs/build_your_own_voice/s1/experiments/eva_laused/acoustic_model/data/label_state_align/lause00857.lab, 150 labels
2025-05-09 13:59:20,364     INFO         labels: loaded /home/meelis/merlin/egs/build_your_own_voice/s1/experiments/eva_laused/acoustic_model/data/label_state_align/lause00693.lab, 165 labels
2025-05-09 13:59:20,366     INFO         labels: loaded /home/meelis/merlin/egs/build_your_own_voice/s1/experiments/eva_laused/acoustic_model/data/label_state_align/lause01064.lab, 210 labels
2025-05-09 13:59:20,493     INFO         labels: loaded /home/meelis/merlin/egs/build_your_own_voice/s1/experiments/eva_laused/acoustic_model/data/label_state_align/lause01103.lab, 140 labels
2025-05-09 13:59:20,496     INFO         labels: loaded /home/meelis/merlin/egs/build_your_own_voice/s1/experiments/eva_laused/acoustic_model/data/label_state_align/lause01203.lab, 250 labels
2025-05-09 13:59:20,611     INFO         labels: loaded /home/meelis/merlin/egs/build_your_own_voice/s1/experiments/eva_laused/acoustic_model/data/label_state_align/lause01150.lab, 160 labels
2025-05-09 13:59:20,659     INFO         labels: loaded /home/meelis/merlin/egs/build_your_own_voice/s1/experiments/eva_laused/acoustic_model/data/label_state_align/lause01065.lab, 175 labels
2025-05-09 13:59:20,704     INFO         labels: loaded /home/meelis/merlin/egs/build_your_own_voice/s1/experiments/eva_laused/acoustic_model/data/label_state_align/lause00918.lab, 155 labels
2025-05-09 13:59:20,733     INFO         labels: loaded /home/meelis/merlin/egs/build_your_own_voice/s1/experiments/eva_laused/acoustic_model/data/label_state_align/lause00975.lab, 245 labels
2025-05-09 13:59:20,779     INFO         labels: loaded /home/meelis/merlin/egs/build_your_own_voice/s1/experiments/eva_laused/acoustic_model/data/label_state_align/lause00858.lab, 155 labels
2025-05-09 13:59:20,838     INFO         labels: loaded /home/meelis/merlin/egs/build_your_own_voice/s1/experiments/eva_laused/acoustic_model/data/label_state_align/lause01263.lab, 115 labels
2025-05-09 13:59:20,841     INFO         labels: loaded /home/meelis/merlin/egs/build_your_own_voice/s1/experiments/eva_laused/acoustic_model/data/label_state_align/lause01151.lab, 150 labels
2025-05-09 13:59:20,874     INFO         labels: loaded /home/meelis/merlin/egs/build_your_own_voice/s1/experiments/eva_laused/acoustic_model/data/label_state_align/lause01066.lab, 190 labels
2025-05-09 13:59:20,926     INFO         labels: loaded /home/meelis/merlin/egs/build_your_own_voice/s1/experiments/eva_laused/acoustic_model/data/label_state_align/lause01204.lab, 105 labels
2025-05-09 13:59:21,066     INFO         labels: loaded /home/meelis/merlin/egs/build_your_own_voice/s1/experiments/eva_laused/acoustic_model/data/label_state_align/lause01152.lab, 200 labels
2025-05-09 13:59:21,080     INFO         labels: loaded /home/meelis/merlin/egs/build_your_own_voice/s1/experiments/eva_laused/acoustic_model/data/label_state_align/lause01104.lab, 150 labels
2025-05-09 13:59:21,132     INFO         labels: loaded /home/meelis/merlin/egs/build_your_own_voice/s1/experiments/eva_laused/acoustic_model/data/label_state_align/lause01264.lab, 170 labels
2025-05-09 13:59:21,150     INFO         labels: loaded /home/meelis/merlin/egs/build_your_own_voice/s1/experiments/eva_laused/acoustic_model/data/label_state_align/lause01205.lab, 195 labels
2025-05-09 13:59:21,152     INFO         labels: loaded /home/meelis/merlin/egs/build_your_own_voice/s1/experiments/eva_laused/acoustic_model/data/label_state_align/lause01067.lab, 210 labels
2025-05-09 13:59:21,185     INFO         labels: loaded /home/meelis/merlin/egs/build_your_own_voice/s1/experiments/eva_laused/acoustic_model/data/label_state_align/lause00919.lab, 150 labels
2025-05-09 13:59:21,196     INFO         labels: loaded /home/meelis/merlin/egs/build_your_own_voice/s1/experiments/eva_laused/acoustic_model/data/label_state_align/lause00859.lab, 195 labels
2025-05-09 13:59:21,352     INFO         labels: loaded /home/meelis/merlin/egs/build_your_own_voice/s1/experiments/eva_laused/acoustic_model/data/label_state_align/lause00976.lab, 165 labels
2025-05-09 13:59:21,354     INFO         labels: loaded /home/meelis/merlin/egs/build_your_own_voice/s1/experiments/eva_laused/acoustic_model/data/label_state_align/lause01153.lab, 175 labels
2025-05-09 13:59:21,389     INFO         labels: loaded /home/meelis/merlin/egs/build_your_own_voice/s1/experiments/eva_laused/acoustic_model/data/label_state_align/lause01206.lab, 215 labels
2025-05-09 13:59:21,399     INFO         labels: loaded /home/meelis/merlin/egs/build_your_own_voice/s1/experiments/eva_laused/acoustic_model/data/label_state_align/lause01068.lab, 130 labels
2025-05-09 13:59:21,553     INFO         labels: loaded /home/meelis/merlin/egs/build_your_own_voice/s1/experiments/eva_laused/acoustic_model/data/label_state_align/lause01265.lab, 100 labels
2025-05-09 13:59:21,563     INFO         labels: loaded /home/meelis/merlin/egs/build_your_own_voice/s1/experiments/eva_laused/acoustic_model/data/label_state_align/lause01105.lab, 170 labels
2025-05-09 13:59:21,569     INFO         labels: loaded /home/meelis/merlin/egs/build_your_own_voice/s1/experiments/eva_laused/acoustic_model/data/label_state_align/lause01154.lab, 135 labels
2025-05-09 13:59:21,611     INFO         labels: loaded /home/meelis/merlin/egs/build_your_own_voice/s1/experiments/eva_laused/acoustic_model/data/label_state_align/lause00920.lab, 210 labels
2025-05-09 13:59:21,656     INFO         labels: loaded /home/meelis/merlin/egs/build_your_own_voice/s1/experiments/eva_laused/acoustic_model/data/label_state_align/lause01069.lab, 160 labels
2025-05-09 13:59:21,741     INFO         labels: loaded /home/meelis/merlin/egs/build_your_own_voice/s1/experiments/eva_laused/acoustic_model/data/label_state_align/lause00860.lab, 240 labels
2025-05-09 13:59:21,759     INFO         labels: loaded /home/meelis/merlin/egs/build_your_own_voice/s1/experiments/eva_laused/acoustic_model/data/label_state_align/lause01155.lab, 175 labels
2025-05-09 13:59:21,786     INFO         labels: loaded /home/meelis/merlin/egs/build_your_own_voice/s1/experiments/eva_laused/acoustic_model/data/label_state_align/lause00977.lab, 215 labels
2025-05-09 13:59:21,795     INFO         labels: loaded /home/meelis/merlin/egs/build_your_own_voice/s1/experiments/eva_laused/acoustic_model/data/label_state_align/lause01207.lab, 235 labels
2025-05-09 13:59:21,816     INFO         labels: loaded /home/meelis/merlin/egs/build_your_own_voice/s1/experiments/eva_laused/acoustic_model/data/label_state_align/lause01266.lab, 170 labels
2025-05-09 13:59:21,911     INFO         labels: loaded /home/meelis/merlin/egs/build_your_own_voice/s1/experiments/eva_laused/acoustic_model/data/label_state_align/lause01070.lab, 225 labels
2025-05-09 13:59:21,947     INFO         labels: loaded /home/meelis/merlin/egs/build_your_own_voice/s1/experiments/eva_laused/acoustic_model/data/label_state_align/lause01106.lab, 155 labels
2025-05-09 13:59:21,953     INFO         labels: loaded /home/meelis/merlin/egs/build_your_own_voice/s1/experiments/eva_laused/acoustic_model/data/label_state_align/lause01156.lab, 175 labels
2025-05-09 13:59:22,121     INFO         labels: loaded /home/meelis/merlin/egs/build_your_own_voice/s1/experiments/eva_laused/acoustic_model/data/label_state_align/lause00921.lab, 185 labels
2025-05-09 13:59:22,136     INFO         labels: loaded /home/meelis/merlin/egs/build_your_own_voice/s1/experiments/eva_laused/acoustic_model/data/label_state_align/lause01267.lab, 100 labels
2025-05-09 13:59:22,175     INFO         labels: loaded /home/meelis/merlin/egs/build_your_own_voice/s1/experiments/eva_laused/acoustic_model/data/label_state_align/lause01157.lab, 130 labels
2025-05-09 13:59:22,199     INFO         labels: loaded /home/meelis/merlin/egs/build_your_own_voice/s1/experiments/eva_laused/acoustic_model/data/label_state_align/lause01208.lab, 175 labels
2025-05-09 13:59:22,202     INFO         labels: loaded /home/meelis/merlin/egs/build_your_own_voice/s1/experiments/eva_laused/acoustic_model/data/label_state_align/lause01071.lab, 165 labels
2025-05-09 13:59:22,204     INFO         labels: loaded /home/meelis/merlin/egs/build_your_own_voice/s1/experiments/eva_laused/acoustic_model/data/label_state_align/lause00861.lab, 235 labels
2025-05-09 13:59:22,372     INFO         labels: loaded /home/meelis/merlin/egs/build_your_own_voice/s1/experiments/eva_laused/acoustic_model/data/label_state_align/lause00978.lab, 210 labels
2025-05-09 13:59:22,409     INFO         labels: loaded /home/meelis/merlin/egs/build_your_own_voice/s1/experiments/eva_laused/acoustic_model/data/label_state_align/lause01158.lab, 190 labels
2025-05-09 13:59:22,437     INFO         labels: loaded /home/meelis/merlin/egs/build_your_own_voice/s1/experiments/eva_laused/acoustic_model/data/label_state_align/lause01107.lab, 160 labels
2025-05-09 13:59:22,454     INFO         labels: loaded /home/meelis/merlin/egs/build_your_own_voice/s1/experiments/eva_laused/acoustic_model/data/label_state_align/lause01268.lab, 230 labels
2025-05-09 13:59:22,474     INFO         labels: loaded /home/meelis/merlin/egs/build_your_own_voice/s1/experiments/eva_laused/acoustic_model/data/label_state_align/lause01072.lab, 155 labels
2025-05-09 13:59:22,525     INFO         labels: loaded /home/meelis/merlin/egs/build_your_own_voice/s1/experiments/eva_laused/acoustic_model/data/label_state_align/lause01209.lab, 180 labels
2025-05-09 13:59:22,607     INFO         labels: loaded /home/meelis/merlin/egs/build_your_own_voice/s1/experiments/eva_laused/acoustic_model/data/label_state_align/lause00922.lab, 120 labels
2025-05-09 13:59:22,626     INFO         labels: loaded /home/meelis/merlin/egs/build_your_own_voice/s1/experiments/eva_laused/acoustic_model/data/label_state_align/lause01159.lab, 310 labels
2025-05-09 13:59:22,665     INFO         labels: loaded /home/meelis/merlin/egs/build_your_own_voice/s1/experiments/eva_laused/acoustic_model/data/label_state_align/lause01073.lab, 165 labels
2025-05-09 13:59:22,716     INFO         labels: loaded /home/meelis/merlin/egs/build_your_own_voice/s1/experiments/eva_laused/acoustic_model/data/label_state_align/lause00862.lab, 235 labels
2025-05-09 13:59:22,908     INFO         labels: loaded /home/meelis/merlin/egs/build_your_own_voice/s1/experiments/eva_laused/acoustic_model/data/label_state_align/lause01210.lab, 170 labels
2025-05-09 13:59:22,909     INFO         labels: loaded /home/meelis/merlin/egs/build_your_own_voice/s1/experiments/eva_laused/acoustic_model/data/label_state_align/lause01269.lab, 205 labels
2025-05-09 13:59:22,957     INFO         labels: loaded /home/meelis/merlin/egs/build_your_own_voice/s1/experiments/eva_laused/acoustic_model/data/label_state_align/lause01326.lab, 290 labels
2025-05-09 13:59:22,979     INFO         labels: loaded /home/meelis/merlin/egs/build_your_own_voice/s1/experiments/eva_laused/acoustic_model/data/label_state_align/lause01108.lab, 165 labels
2025-05-09 13:59:23,005     INFO         labels: loaded /home/meelis/merlin/egs/build_your_own_voice/s1/experiments/eva_laused/acoustic_model/data/label_state_align/lause00923.lab, 180 labels
2025-05-09 13:59:23,013     INFO         labels: loaded /home/meelis/merlin/egs/build_your_own_voice/s1/experiments/eva_laused/acoustic_model/data/label_state_align/lause01160.lab, 240 labels
2025-05-09 13:59:23,037     INFO         labels: loaded /home/meelis/merlin/egs/build_your_own_voice/s1/experiments/eva_laused/acoustic_model/data/label_state_align/lause00979.lab, 160 labels
2025-05-09 13:59:23,235     INFO         labels: loaded /home/meelis/merlin/egs/build_your_own_voice/s1/experiments/eva_laused/acoustic_model/data/label_state_align/lause00863.lab, 200 labels
2025-05-09 13:59:23,296     INFO         labels: loaded /home/meelis/merlin/egs/build_your_own_voice/s1/experiments/eva_laused/acoustic_model/data/label_state_align/lause01211.lab, 175 labels
2025-05-09 13:59:23,310     INFO         labels: loaded /home/meelis/merlin/egs/build_your_own_voice/s1/experiments/eva_laused/acoustic_model/data/label_state_align/lause01161.lab, 210 labels
2025-05-09 13:59:23,319     INFO         labels: loaded /home/meelis/merlin/egs/build_your_own_voice/s1/experiments/eva_laused/acoustic_model/data/label_state_align/lause01270.lab, 160 labels
2025-05-09 13:59:23,335     INFO         labels: loaded /home/meelis/merlin/egs/build_your_own_voice/s1/experiments/eva_laused/acoustic_model/data/label_state_align/lause01327.lab, 475 labels
2025-05-09 13:59:23,465     INFO         labels: loaded /home/meelis/merlin/egs/build_your_own_voice/s1/experiments/eva_laused/acoustic_model/data/label_state_align/lause01109.lab, 170 labels
2025-05-09 13:59:23,485     INFO         labels: loaded /home/meelis/merlin/egs/build_your_own_voice/s1/experiments/eva_laused/acoustic_model/data/label_state_align/lause00980.lab, 200 labels
2025-05-09 13:59:23,485     INFO         labels: loaded /home/meelis/merlin/egs/build_your_own_voice/s1/experiments/eva_laused/acoustic_model/data/label_state_align/lause01162.lab, 210 labels
2025-05-09 13:59:23,605     INFO         labels: loaded /home/meelis/merlin/egs/build_your_own_voice/s1/experiments/eva_laused/acoustic_model/data/label_state_align/lause01212.lab, 185 labels
2025-05-09 13:59:23,614     INFO         labels: loaded /home/meelis/merlin/egs/build_your_own_voice/s1/experiments/eva_laused/acoustic_model/data/label_state_align/lause00924.lab, 155 labels
2025-05-09 13:59:23,752     INFO         labels: loaded /home/meelis/merlin/egs/build_your_own_voice/s1/experiments/eva_laused/acoustic_model/data/label_state_align/lause01271.lab, 195 labels
2025-05-09 13:59:23,753     INFO         labels: loaded /home/meelis/merlin/egs/build_your_own_voice/s1/experiments/eva_laused/acoustic_model/data/label_state_align/lause00864.lab, 165 labels
2025-05-09 13:59:23,831     INFO         labels: loaded /home/meelis/merlin/egs/build_your_own_voice/s1/experiments/eva_laused/acoustic_model/data/label_state_align/lause01163.lab, 225 labels
2025-05-09 13:59:23,898     INFO         labels: loaded /home/meelis/merlin/egs/build_your_own_voice/s1/experiments/eva_laused/acoustic_model/data/label_state_align/lause01110.lab,  90 labels
2025-05-09 13:59:23,940     INFO         labels: loaded /home/meelis/merlin/egs/build_your_own_voice/s1/experiments/eva_laused/acoustic_model/data/label_state_align/lause01328.lab, 250 labels
2025-05-09 13:59:23,966     INFO         labels: loaded /home/meelis/merlin/egs/build_your_own_voice/s1/experiments/eva_laused/acoustic_model/data/label_state_align/lause01213.lab, 160 labels
2025-05-09 13:59:23,987     INFO         labels: loaded /home/meelis/merlin/egs/build_your_own_voice/s1/experiments/eva_laused/acoustic_model/data/label_state_align/lause00981.lab, 175 labels
2025-05-09 13:59:24,093     INFO         labels: loaded /home/meelis/merlin/egs/build_your_own_voice/s1/experiments/eva_laused/acoustic_model/data/label_state_align/lause01164.lab, 125 labels
2025-05-09 13:59:24,108     INFO         labels: loaded /home/meelis/merlin/egs/build_your_own_voice/s1/experiments/eva_laused/acoustic_model/data/label_state_align/lause01111.lab, 165 labels
2025-05-09 13:59:24,109     INFO         labels: loaded /home/meelis/merlin/egs/build_your_own_voice/s1/experiments/eva_laused/acoustic_model/data/label_state_align/lause01272.lab, 140 labels
2025-05-09 13:59:24,118     INFO         labels: loaded /home/meelis/merlin/egs/build_your_own_voice/s1/experiments/eva_laused/acoustic_model/data/label_state_align/lause00925.lab, 145 labels
2025-05-09 13:59:24,145     INFO         labels: loaded /home/meelis/merlin/egs/build_your_own_voice/s1/experiments/eva_laused/acoustic_model/data/label_state_align/lause00865.lab, 190 labels
2025-05-09 13:59:24,189     INFO         labels: loaded /home/meelis/merlin/egs/build_your_own_voice/s1/experiments/eva_laused/acoustic_model/data/label_state_align/lause01214.lab, 180 labels
2025-05-09 13:59:24,249     INFO         labels: loaded /home/meelis/merlin/egs/build_your_own_voice/s1/experiments/eva_laused/acoustic_model/data/label_state_align/lause01165.lab, 170 labels
2025-05-09 13:59:24,278     INFO         labels: loaded /home/meelis/merlin/egs/build_your_own_voice/s1/experiments/eva_laused/acoustic_model/data/label_state_align/lause01329.lab, 230 labels
2025-05-09 13:59:24,457     INFO         labels: loaded /home/meelis/merlin/egs/build_your_own_voice/s1/experiments/eva_laused/acoustic_model/data/label_state_align/lause01273.lab, 135 labels
2025-05-09 13:59:24,504     INFO         labels: loaded /home/meelis/merlin/egs/build_your_own_voice/s1/experiments/eva_laused/acoustic_model/data/label_state_align/lause00926.lab, 170 labels
2025-05-09 13:59:24,541     INFO         labels: loaded /home/meelis/merlin/egs/build_your_own_voice/s1/experiments/eva_laused/acoustic_model/data/label_state_align/lause00982.lab, 200 labels
2025-05-09 13:59:24,544     INFO         labels: loaded /home/meelis/merlin/egs/build_your_own_voice/s1/experiments/eva_laused/acoustic_model/data/label_state_align/lause01215.lab, 180 labels
2025-05-09 13:59:24,548     INFO         labels: loaded /home/meelis/merlin/egs/build_your_own_voice/s1/experiments/eva_laused/acoustic_model/data/label_state_align/lause01166.lab, 140 labels
2025-05-09 13:59:24,613     INFO         labels: loaded /home/meelis/merlin/egs/build_your_own_voice/s1/experiments/eva_laused/acoustic_model/data/label_state_align/lause01112.lab, 205 labels
2025-05-09 13:59:24,621     INFO         labels: loaded /home/meelis/merlin/egs/build_your_own_voice/s1/experiments/eva_laused/acoustic_model/data/label_state_align/lause01330.lab, 235 labels
2025-05-09 13:59:24,637     INFO         labels: loaded /home/meelis/merlin/egs/build_your_own_voice/s1/experiments/eva_laused/acoustic_model/data/label_state_align/lause00866.lab, 145 labels
2025-05-09 13:59:24,754     INFO         labels: loaded /home/meelis/merlin/egs/build_your_own_voice/s1/experiments/eva_laused/acoustic_model/data/label_state_align/lause01167.lab, 160 labels
2025-05-09 13:59:24,759     INFO         labels: loaded /home/meelis/merlin/egs/build_your_own_voice/s1/experiments/eva_laused/acoustic_model/data/label_state_align/lause01274.lab, 140 labels
2025-05-09 13:59:24,942     INFO         labels: loaded /home/meelis/merlin/egs/build_your_own_voice/s1/experiments/eva_laused/acoustic_model/data/label_state_align/lause01331.lab, 235 labels
2025-05-09 13:59:24,954     INFO         labels: loaded /home/meelis/merlin/egs/build_your_own_voice/s1/experiments/eva_laused/acoustic_model/data/label_state_align/lause00927.lab, 150 labels
2025-05-09 13:59:24,956     INFO         labels: loaded /home/meelis/merlin/egs/build_your_own_voice/s1/experiments/eva_laused/acoustic_model/data/label_state_align/lause01216.lab, 210 labels
2025-05-09 13:59:24,999     INFO         labels: loaded /home/meelis/merlin/egs/build_your_own_voice/s1/experiments/eva_laused/acoustic_model/data/label_state_align/lause01168.lab, 140 labels
2025-05-09 13:59:25,080     INFO         labels: loaded /home/meelis/merlin/egs/build_your_own_voice/s1/experiments/eva_laused/acoustic_model/data/label_state_align/lause01113.lab, 360 labels
2025-05-09 13:59:25,080     INFO         labels: loaded /home/meelis/merlin/egs/build_your_own_voice/s1/experiments/eva_laused/acoustic_model/data/label_state_align/lause00867.lab, 195 labels
2025-05-09 13:59:25,098     INFO         labels: loaded /home/meelis/merlin/egs/build_your_own_voice/s1/experiments/eva_laused/acoustic_model/data/label_state_align/lause01275.lab, 140 labels
2025-05-09 13:59:25,166     INFO         labels: loaded /home/meelis/merlin/egs/build_your_own_voice/s1/experiments/eva_laused/acoustic_model/data/label_state_align/lause00983.lab, 155 labels
2025-05-09 13:59:25,172     INFO         labels: loaded /home/meelis/merlin/egs/build_your_own_voice/s1/experiments/eva_laused/acoustic_model/data/label_state_align/lause01169.lab, 205 labels
2025-05-09 13:59:25,227     INFO         labels: loaded /home/meelis/merlin/egs/build_your_own_voice/s1/experiments/eva_laused/acoustic_model/data/label_state_align/lause01332.lab, 220 labels
2025-05-09 13:59:25,317     INFO         labels: loaded /home/meelis/merlin/egs/build_your_own_voice/s1/experiments/eva_laused/acoustic_model/data/label_state_align/lause01217.lab, 265 labels
2025-05-09 13:59:25,355     INFO         labels: loaded /home/meelis/merlin/egs/build_your_own_voice/s1/experiments/eva_laused/acoustic_model/data/label_state_align/lause00928.lab, 130 labels
2025-05-09 13:59:25,488     INFO         labels: loaded /home/meelis/merlin/egs/build_your_own_voice/s1/experiments/eva_laused/acoustic_model/data/label_state_align/lause00868.lab, 265 labels
2025-05-09 13:59:25,488     INFO         labels: loaded /home/meelis/merlin/egs/build_your_own_voice/s1/experiments/eva_laused/acoustic_model/data/label_state_align/lause01170.lab, 125 labels
2025-05-09 13:59:25,489     INFO         labels: loaded /home/meelis/merlin/egs/build_your_own_voice/s1/experiments/eva_laused/acoustic_model/data/label_state_align/lause01276.lab, 275 labels
2025-05-09 13:59:25,523     INFO         labels: loaded /home/meelis/merlin/egs/build_your_own_voice/s1/experiments/eva_laused/acoustic_model/data/label_state_align/lause01333.lab,  85 labels
2025-05-09 13:59:25,667     INFO         labels: loaded /home/meelis/merlin/egs/build_your_own_voice/s1/experiments/eva_laused/acoustic_model/data/label_state_align/lause00984.lab, 190 labels
2025-05-09 13:59:25,696     INFO         labels: loaded /home/meelis/merlin/egs/build_your_own_voice/s1/experiments/eva_laused/acoustic_model/data/label_state_align/lause01334.lab, 110 labels
2025-05-09 13:59:25,706     INFO         labels: loaded /home/meelis/merlin/egs/build_your_own_voice/s1/experiments/eva_laused/acoustic_model/data/label_state_align/lause01171.lab, 215 labels
2025-05-09 13:59:25,722     INFO         labels: loaded /home/meelis/merlin/egs/build_your_own_voice/s1/experiments/eva_laused/acoustic_model/data/label_state_align/lause01218.lab, 275 labels
2025-05-09 13:59:25,823     INFO         labels: loaded /home/meelis/merlin/egs/build_your_own_voice/s1/experiments/eva_laused/acoustic_model/data/label_state_align/lause00929.lab, 230 labels
2025-05-09 13:59:25,897     INFO         labels: loaded /home/meelis/merlin/egs/build_your_own_voice/s1/experiments/eva_laused/acoustic_model/data/label_state_align/lause01114.lab, 130 labels
2025-05-09 13:59:25,950     INFO         labels: loaded /home/meelis/merlin/egs/build_your_own_voice/s1/experiments/eva_laused/acoustic_model/data/label_state_align/lause01335.lab, 160 labels
2025-05-09 13:59:25,964     INFO         labels: loaded /home/meelis/merlin/egs/build_your_own_voice/s1/experiments/eva_laused/acoustic_model/data/label_state_align/lause01172.lab, 155 labels
2025-05-09 13:59:25,995     INFO         labels: loaded /home/meelis/merlin/egs/build_your_own_voice/s1/experiments/eva_laused/acoustic_model/data/label_state_align/lause01277.lab, 235 labels
2025-05-09 13:59:26,057     INFO         labels: loaded /home/meelis/merlin/egs/build_your_own_voice/s1/experiments/eva_laused/acoustic_model/data/label_state_align/lause00869.lab, 250 labels
2025-05-09 13:59:26,177     INFO         labels: loaded /home/meelis/merlin/egs/build_your_own_voice/s1/experiments/eva_laused/acoustic_model/data/label_state_align/lause01173.lab, 180 labels
2025-05-09 13:59:26,182     INFO         labels: loaded /home/meelis/merlin/egs/build_your_own_voice/s1/experiments/eva_laused/acoustic_model/data/label_state_align/lause01219.lab, 190 labels
2025-05-09 13:59:26,237     INFO         labels: loaded /home/meelis/merlin/egs/build_your_own_voice/s1/experiments/eva_laused/acoustic_model/data/label_state_align/lause00985.lab, 105 labels
2025-05-09 13:59:26,239     INFO         labels: loaded /home/meelis/merlin/egs/build_your_own_voice/s1/experiments/eva_laused/acoustic_model/data/label_state_align/lause01336.lab, 260 labels
2025-05-09 13:59:26,251     INFO         labels: loaded /home/meelis/merlin/egs/build_your_own_voice/s1/experiments/eva_laused/acoustic_model/data/label_state_align/lause01115.lab, 150 labels
2025-05-09 13:59:26,358     INFO         labels: loaded /home/meelis/merlin/egs/build_your_own_voice/s1/experiments/eva_laused/acoustic_model/data/label_state_align/lause01174.lab, 195 labels
2025-05-09 13:59:26,421     INFO         labels: loaded /home/meelis/merlin/egs/build_your_own_voice/s1/experiments/eva_laused/acoustic_model/data/label_state_align/lause01278.lab, 115 labels
2025-05-09 13:59:26,424     INFO         labels: loaded /home/meelis/merlin/egs/build_your_own_voice/s1/experiments/eva_laused/acoustic_model/data/label_state_align/lause00930.lab, 170 labels
2025-05-09 13:59:26,597     INFO         labels: loaded /home/meelis/merlin/egs/build_your_own_voice/s1/experiments/eva_laused/acoustic_model/data/label_state_align/lause01220.lab, 165 labels
2025-05-09 13:59:26,613     INFO         labels: loaded /home/meelis/merlin/egs/build_your_own_voice/s1/experiments/eva_laused/acoustic_model/data/label_state_align/lause01175.lab, 170 labels
2025-05-09 13:59:26,613     INFO         labels: loaded /home/meelis/merlin/egs/build_your_own_voice/s1/experiments/eva_laused/acoustic_model/data/label_state_align/lause00870.lab, 160 labels
2025-05-09 13:59:26,630     INFO         labels: loaded /home/meelis/merlin/egs/build_your_own_voice/s1/experiments/eva_laused/acoustic_model/data/label_state_align/lause00986.lab, 125 labels
2025-05-09 13:59:26,640     INFO         labels: loaded /home/meelis/merlin/egs/build_your_own_voice/s1/experiments/eva_laused/acoustic_model/data/label_state_align/lause01337.lab, 250 labels
2025-05-09 13:59:26,748     INFO         labels: loaded /home/meelis/merlin/egs/build_your_own_voice/s1/experiments/eva_laused/acoustic_model/data/label_state_align/lause01116.lab, 145 labels
2025-05-09 13:59:26,823     INFO         labels: loaded /home/meelis/merlin/egs/build_your_own_voice/s1/experiments/eva_laused/acoustic_model/data/label_state_align/lause01176.lab, 145 labels
2025-05-09 13:59:26,846     INFO         labels: loaded /home/meelis/merlin/egs/build_your_own_voice/s1/experiments/eva_laused/acoustic_model/data/label_state_align/lause01279.lab, 265 labels
2025-05-09 13:59:26,939     INFO         labels: loaded /home/meelis/merlin/egs/build_your_own_voice/s1/experiments/eva_laused/acoustic_model/data/label_state_align/lause01221.lab, 220 labels
2025-05-09 13:59:26,950     INFO         labels: loaded /home/meelis/merlin/egs/build_your_own_voice/s1/experiments/eva_laused/acoustic_model/data/label_state_align/lause00931.lab, 185 labels
2025-05-09 13:59:26,989     INFO         labels: loaded /home/meelis/merlin/egs/build_your_own_voice/s1/experiments/eva_laused/acoustic_model/data/label_state_align/lause01338.lab, 200 labels
2025-05-09 13:59:27,018     INFO         labels: loaded /home/meelis/merlin/egs/build_your_own_voice/s1/experiments/eva_laused/acoustic_model/data/label_state_align/lause00987.lab, 220 labels
2025-05-09 13:59:27,018     INFO         labels: loaded /home/meelis/merlin/egs/build_your_own_voice/s1/experiments/eva_laused/acoustic_model/data/label_state_align/lause01177.lab, 240 labels
2025-05-09 13:59:27,019     INFO         labels: loaded /home/meelis/merlin/egs/build_your_own_voice/s1/experiments/eva_laused/acoustic_model/data/label_state_align/lause00871.lab, 110 labels
2025-05-09 13:59:27,093     INFO         labels: loaded /home/meelis/merlin/egs/build_your_own_voice/s1/experiments/eva_laused/acoustic_model/data/label_state_align/lause01117.lab, 195 labels
2025-05-09 13:59:27,296     INFO         labels: loaded /home/meelis/merlin/egs/build_your_own_voice/s1/experiments/eva_laused/acoustic_model/data/label_state_align/lause01339.lab, 195 labels
2025-05-09 13:59:27,305     INFO         labels: loaded /home/meelis/merlin/egs/build_your_own_voice/s1/experiments/eva_laused/acoustic_model/data/label_state_align/lause01222.lab, 160 labels
2025-05-09 13:59:27,322     INFO         labels: loaded /home/meelis/merlin/egs/build_your_own_voice/s1/experiments/eva_laused/acoustic_model/data/label_state_align/lause01280.lab, 165 labels
2025-05-09 13:59:27,356     INFO         labels: loaded /home/meelis/merlin/egs/build_your_own_voice/s1/experiments/eva_laused/acoustic_model/data/label_state_align/lause01178.lab, 155 labels
2025-05-09 13:59:27,383     INFO         labels: loaded /home/meelis/merlin/egs/build_your_own_voice/s1/experiments/eva_laused/acoustic_model/data/label_state_align/lause00932.lab, 180 labels
2025-05-09 13:59:27,403     INFO         labels: loaded /home/meelis/merlin/egs/build_your_own_voice/s1/experiments/eva_laused/acoustic_model/data/label_state_align/lause00872.lab, 125 labels
2025-05-09 13:59:27,575     INFO         labels: loaded /home/meelis/merlin/egs/build_your_own_voice/s1/experiments/eva_laused/acoustic_model/data/label_state_align/lause01223.lab, 145 labels
2025-05-09 13:59:27,584     INFO         labels: loaded /home/meelis/merlin/egs/build_your_own_voice/s1/experiments/eva_laused/acoustic_model/data/label_state_align/lause01179.lab, 130 labels
2025-05-09 13:59:27,591     INFO         labels: loaded /home/meelis/merlin/egs/build_your_own_voice/s1/experiments/eva_laused/acoustic_model/data/label_state_align/lause01340.lab, 285 labels
2025-05-09 13:59:27,627     INFO         labels: loaded /home/meelis/merlin/egs/build_your_own_voice/s1/experiments/eva_laused/acoustic_model/data/label_state_align/lause01118.lab, 190 labels
2025-05-09 13:59:27,640     INFO         labels: loaded /home/meelis/merlin/egs/build_your_own_voice/s1/experiments/eva_laused/acoustic_model/data/label_state_align/lause00988.lab, 245 labels
2025-05-09 13:59:27,643     INFO         labels: loaded /home/meelis/merlin/egs/build_your_own_voice/s1/experiments/eva_laused/acoustic_model/data/label_state_align/lause01281.lab, 200 labels
2025-05-09 13:59:27,819     INFO         labels: loaded /home/meelis/merlin/egs/build_your_own_voice/s1/experiments/eva_laused/acoustic_model/data/label_state_align/lause01180.lab, 180 labels
2025-05-09 13:59:27,840     INFO         labels: loaded /home/meelis/merlin/egs/build_your_own_voice/s1/experiments/eva_laused/acoustic_model/data/label_state_align/lause00873.lab, 195 labels
2025-05-09 13:59:27,877     INFO         labels: loaded /home/meelis/merlin/egs/build_your_own_voice/s1/experiments/eva_laused/acoustic_model/data/label_state_align/lause01224.lab, 210 labels
2025-05-09 13:59:27,880     INFO         labels: loaded /home/meelis/merlin/egs/build_your_own_voice/s1/experiments/eva_laused/acoustic_model/data/label_state_align/lause00933.lab, 190 labels
2025-05-09 13:59:28,032     INFO         labels: loaded /home/meelis/merlin/egs/build_your_own_voice/s1/experiments/eva_laused/acoustic_model/data/label_state_align/lause01282.lab, 175 labels
2025-05-09 13:59:28,033     INFO         labels: loaded /home/meelis/merlin/egs/build_your_own_voice/s1/experiments/eva_laused/acoustic_model/data/label_state_align/lause01181.lab, 190 labels
2025-05-09 13:59:28,038     INFO         labels: loaded /home/meelis/merlin/egs/build_your_own_voice/s1/experiments/eva_laused/acoustic_model/data/label_state_align/lause01341.lab, 440 labels
2025-05-09 13:59:28,138     INFO         labels: loaded /home/meelis/merlin/egs/build_your_own_voice/s1/experiments/eva_laused/acoustic_model/data/label_state_align/lause01225.lab, 275 labels
2025-05-09 13:59:28,147     INFO         labels: loaded /home/meelis/merlin/egs/build_your_own_voice/s1/experiments/eva_laused/acoustic_model/data/label_state_align/lause01119.lab, 145 labels
2025-05-09 13:59:28,260     INFO         labels: loaded /home/meelis/merlin/egs/build_your_own_voice/s1/experiments/eva_laused/acoustic_model/data/label_state_align/lause01182.lab, 115 labels
2025-05-09 13:59:28,294     INFO         labels: loaded /home/meelis/merlin/egs/build_your_own_voice/s1/experiments/eva_laused/acoustic_model/data/label_state_align/lause00989.lab, 215 labels
2025-05-09 13:59:28,300     INFO         labels: loaded /home/meelis/merlin/egs/build_your_own_voice/s1/experiments/eva_laused/acoustic_model/data/label_state_align/lause00874.lab, 235 labels
2025-05-09 13:59:28,302     INFO         labels: loaded /home/meelis/merlin/egs/build_your_own_voice/s1/experiments/eva_laused/acoustic_model/data/label_state_align/lause00934.lab, 145 labels
2025-05-09 13:59:28,466     INFO         labels: loaded /home/meelis/merlin/egs/build_your_own_voice/s1/experiments/eva_laused/acoustic_model/data/label_state_align/lause01283.lab, 235 labels
2025-05-09 13:59:28,519     INFO         labels: loaded /home/meelis/merlin/egs/build_your_own_voice/s1/experiments/eva_laused/acoustic_model/data/label_state_align/lause01183.lab, 205 labels
2025-05-09 13:59:28,529     INFO         labels: loaded /home/meelis/merlin/egs/build_your_own_voice/s1/experiments/eva_laused/acoustic_model/data/label_state_align/lause01226.lab, 185 labels
2025-05-09 13:59:28,618     INFO         labels: loaded /home/meelis/merlin/egs/build_your_own_voice/s1/experiments/eva_laused/acoustic_model/data/label_state_align/lause01342.lab, 135 labels
2025-05-09 13:59:28,623     INFO         labels: loaded /home/meelis/merlin/egs/build_your_own_voice/s1/experiments/eva_laused/acoustic_model/data/label_state_align/lause01120.lab, 295 labels
2025-05-09 13:59:28,729     INFO         labels: loaded /home/meelis/merlin/egs/build_your_own_voice/s1/experiments/eva_laused/acoustic_model/data/label_state_align/lause01184.lab, 130 labels
2025-05-09 13:59:28,732     INFO         labels: loaded /home/meelis/merlin/egs/build_your_own_voice/s1/experiments/eva_laused/acoustic_model/data/label_state_align/lause00935.lab, 185 labels
2025-05-09 13:59:28,779     INFO         labels: loaded /home/meelis/merlin/egs/build_your_own_voice/s1/experiments/eva_laused/acoustic_model/data/label_state_align/lause00875.lab, 135 labels
2025-05-09 13:59:28,883     INFO         labels: loaded /home/meelis/merlin/egs/build_your_own_voice/s1/experiments/eva_laused/acoustic_model/data/label_state_align/lause01227.lab, 230 labels
2025-05-09 13:59:28,889     INFO         labels: loaded /home/meelis/merlin/egs/build_your_own_voice/s1/experiments/eva_laused/acoustic_model/data/label_state_align/lause01343.lab, 240 labels
2025-05-09 13:59:28,891     INFO         labels: loaded /home/meelis/merlin/egs/build_your_own_voice/s1/experiments/eva_laused/acoustic_model/data/label_state_align/lause01284.lab, 140 labels
2025-05-09 13:59:28,896     INFO         labels: loaded /home/meelis/merlin/egs/build_your_own_voice/s1/experiments/eva_laused/acoustic_model/data/label_state_align/lause01185.lab, 185 labels
2025-05-09 13:59:28,896     INFO         labels: loaded /home/meelis/merlin/egs/build_your_own_voice/s1/experiments/eva_laused/acoustic_model/data/label_state_align/lause00990.lab, 215 labels
2025-05-09 13:59:29,160     INFO         labels: loaded /home/meelis/merlin/egs/build_your_own_voice/s1/experiments/eva_laused/acoustic_model/data/label_state_align/lause01186.lab, 150 labels
2025-05-09 13:59:29,199     INFO         labels: loaded /home/meelis/merlin/egs/build_your_own_voice/s1/experiments/eva_laused/acoustic_model/data/label_state_align/lause00936.lab, 195 labels
2025-05-09 13:59:29,219     INFO         labels: loaded /home/meelis/merlin/egs/build_your_own_voice/s1/experiments/eva_laused/acoustic_model/data/label_state_align/lause01344.lab, 205 labels
2025-05-09 13:59:29,244     INFO         labels: loaded /home/meelis/merlin/egs/build_your_own_voice/s1/experiments/eva_laused/acoustic_model/data/label_state_align/lause01121.lab, 205 labels
2025-05-09 13:59:29,252     INFO         labels: loaded /home/meelis/merlin/egs/build_your_own_voice/s1/experiments/eva_laused/acoustic_model/data/label_state_align/lause00876.lab, 235 labels
2025-05-09 13:59:29,273     INFO         labels: loaded /home/meelis/merlin/egs/build_your_own_voice/s1/experiments/eva_laused/acoustic_model/data/label_state_align/lause01285.lab, 175 labels
2025-05-09 13:59:29,291     INFO         labels: loaded /home/meelis/merlin/egs/build_your_own_voice/s1/experiments/eva_laused/acoustic_model/data/label_state_align/lause01228.lab, 180 labels
2025-05-09 13:59:29,390     INFO         labels: loaded /home/meelis/merlin/egs/build_your_own_voice/s1/experiments/eva_laused/acoustic_model/data/label_state_align/lause01187.lab, 150 labels
2025-05-09 13:59:29,503     INFO         labels: loaded /home/meelis/merlin/egs/build_your_own_voice/s1/experiments/eva_laused/acoustic_model/data/label_state_align/lause01345.lab, 365 labels
2025-05-09 13:59:29,511     INFO         labels: loaded /home/meelis/merlin/egs/build_your_own_voice/s1/experiments/eva_laused/acoustic_model/data/label_state_align/lause00991.lab, 185 labels
2025-05-09 13:59:29,615     INFO         labels: loaded /home/meelis/merlin/egs/build_your_own_voice/s1/experiments/eva_laused/acoustic_model/data/label_state_align/lause01188.lab, 185 labels
2025-05-09 13:59:29,633     INFO         labels: loaded /home/meelis/merlin/egs/build_your_own_voice/s1/experiments/eva_laused/acoustic_model/data/label_state_align/lause01286.lab, 155 labels
2025-05-09 13:59:29,705     INFO         labels: loaded /home/meelis/merlin/egs/build_your_own_voice/s1/experiments/eva_laused/acoustic_model/data/label_state_align/lause01229.lab, 155 labels
2025-05-09 13:59:29,757     INFO         labels: loaded /home/meelis/merlin/egs/build_your_own_voice/s1/experiments/eva_laused/acoustic_model/data/label_state_align/lause00937.lab, 190 labels
2025-05-09 13:59:29,817     INFO         labels: loaded /home/meelis/merlin/egs/build_your_own_voice/s1/experiments/eva_laused/acoustic_model/data/label_state_align/lause00877.lab, 135 labels
2025-05-09 13:59:29,879     INFO         labels: loaded /home/meelis/merlin/egs/build_your_own_voice/s1/experiments/eva_laused/acoustic_model/data/label_state_align/lause01189.lab, 210 labels
2025-05-09 13:59:29,881     INFO         labels: loaded /home/meelis/merlin/egs/build_your_own_voice/s1/experiments/eva_laused/acoustic_model/data/label_state_align/lause01122.lab, 150 labels
2025-05-09 13:59:29,945     INFO         labels: loaded /home/meelis/merlin/egs/build_your_own_voice/s1/experiments/eva_laused/acoustic_model/data/label_state_align/lause01346.lab, 195 labels
2025-05-09 13:59:29,961     INFO         labels: loaded /home/meelis/merlin/egs/build_your_own_voice/s1/experiments/eva_laused/acoustic_model/data/label_state_align/lause00992.lab, 120 labels
2025-05-09 13:59:29,973     INFO         labels: loaded /home/meelis/merlin/egs/build_your_own_voice/s1/experiments/eva_laused/acoustic_model/data/label_state_align/lause01287.lab, 225 labels
2025-05-09 13:59:30,062     INFO         labels: loaded /home/meelis/merlin/egs/build_your_own_voice/s1/experiments/eva_laused/acoustic_model/data/label_state_align/lause01230.lab, 185 labels
2025-05-09 13:59:30,186     INFO         labels: loaded /home/meelis/merlin/egs/build_your_own_voice/s1/experiments/eva_laused/acoustic_model/data/label_state_align/lause01190.lab, 190 labels
2025-05-09 13:59:30,257     INFO         labels: loaded /home/meelis/merlin/egs/build_your_own_voice/s1/experiments/eva_laused/acoustic_model/data/label_state_align/lause00878.lab, 165 labels
2025-05-09 13:59:30,267     INFO         labels: loaded /home/meelis/merlin/egs/build_your_own_voice/s1/experiments/eva_laused/acoustic_model/data/label_state_align/lause00938.lab, 175 labels
2025-05-09 13:59:30,306     INFO         labels: loaded /home/meelis/merlin/egs/build_your_own_voice/s1/experiments/eva_laused/acoustic_model/data/label_state_align/lause01347.lab, 220 labels
2025-05-09 13:59:30,347     INFO         labels: loaded /home/meelis/merlin/egs/build_your_own_voice/s1/experiments/eva_laused/acoustic_model/data/label_state_align/lause01123.lab, 145 labels
2025-05-09 13:59:30,356     INFO         labels: loaded /home/meelis/merlin/egs/build_your_own_voice/s1/experiments/eva_laused/acoustic_model/data/label_state_align/lause01288.lab, 170 labels
2025-05-09 13:59:30,412     INFO         labels: loaded /home/meelis/merlin/egs/build_your_own_voice/s1/experiments/eva_laused/acoustic_model/data/label_state_align/lause01231.lab, 240 labels
2025-05-09 13:59:30,433     INFO         labels: loaded /home/meelis/merlin/egs/build_your_own_voice/s1/experiments/eva_laused/acoustic_model/data/label_state_align/lause00993.lab, 245 labels
2025-05-09 13:59:30,452     INFO         labels: loaded /home/meelis/merlin/egs/build_your_own_voice/s1/experiments/eva_laused/acoustic_model/data/label_state_align/lause01191.lab, 215 labels
2025-05-09 13:59:30,618     INFO         labels: loaded /home/meelis/merlin/egs/build_your_own_voice/s1/experiments/eva_laused/acoustic_model/data/label_state_align/lause01348.lab, 150 labels
2025-05-09 13:59:30,645     INFO         labels: loaded /home/meelis/merlin/egs/build_your_own_voice/s1/experiments/eva_laused/acoustic_model/data/label_state_align/lause00939.lab, 170 labels
2025-05-09 13:59:30,709     INFO         labels: loaded /home/meelis/merlin/egs/build_your_own_voice/s1/experiments/eva_laused/acoustic_model/data/label_state_align/lause00879.lab, 175 labels
2025-05-09 13:59:30,743     INFO         labels: loaded /home/meelis/merlin/egs/build_your_own_voice/s1/experiments/eva_laused/acoustic_model/data/label_state_align/lause01124.lab,  65 labels
2025-05-09 13:59:30,747     INFO         labels: loaded /home/meelis/merlin/egs/build_your_own_voice/s1/experiments/eva_laused/acoustic_model/data/label_state_align/lause01192.lab, 135 labels
2025-05-09 13:59:30,843     INFO         labels: loaded /home/meelis/merlin/egs/build_your_own_voice/s1/experiments/eva_laused/acoustic_model/data/label_state_align/lause01289.lab, 170 labels
2025-05-09 13:59:30,871     INFO         labels: loaded /home/meelis/merlin/egs/build_your_own_voice/s1/experiments/eva_laused/acoustic_model/data/label_state_align/lause01349.lab, 240 labels
2025-05-09 13:59:30,919     INFO         labels: loaded /home/meelis/merlin/egs/build_your_own_voice/s1/experiments/eva_laused/acoustic_model/data/label_state_align/lause01193.lab, 175 labels
2025-05-09 13:59:30,930     INFO         labels: loaded /home/meelis/merlin/egs/build_your_own_voice/s1/experiments/eva_laused/acoustic_model/data/label_state_align/lause01125.lab, 180 labels
2025-05-09 13:59:30,948     INFO         labels: loaded /home/meelis/merlin/egs/build_your_own_voice/s1/experiments/eva_laused/acoustic_model/data/label_state_align/lause01232.lab, 185 labels
2025-05-09 13:59:31,120     INFO         labels: loaded /home/meelis/merlin/egs/build_your_own_voice/s1/experiments/eva_laused/acoustic_model/data/label_state_align/lause00994.lab, 165 labels
2025-05-09 13:59:31,128     INFO         labels: loaded /home/meelis/merlin/egs/build_your_own_voice/s1/experiments/eva_laused/acoustic_model/data/label_state_align/lause01194.lab, 125 labels
2025-05-09 13:59:31,139     INFO         labels: loaded /home/meelis/merlin/egs/build_your_own_voice/s1/experiments/eva_laused/acoustic_model/data/label_state_align/lause01350.lab, 175 labels
2025-05-09 13:59:31,151     INFO         labels: loaded /home/meelis/merlin/egs/build_your_own_voice/s1/experiments/eva_laused/acoustic_model/data/label_state_align/lause00880.lab, 150 labels
2025-05-09 13:59:31,164     INFO         labels: loaded /home/meelis/merlin/egs/build_your_own_voice/s1/experiments/eva_laused/acoustic_model/data/label_state_align/lause01290.lab, 150 labels
2025-05-09 13:59:31,183     INFO         labels: loaded /home/meelis/merlin/egs/build_your_own_voice/s1/experiments/eva_laused/acoustic_model/data/label_state_align/lause00940.lab, 170 labels
2025-05-09 13:59:31,309     INFO         labels: loaded /home/meelis/merlin/egs/build_your_own_voice/s1/experiments/eva_laused/acoustic_model/data/label_state_align/lause01195.lab, 145 labels
2025-05-09 13:59:31,361     INFO         labels: loaded /home/meelis/merlin/egs/build_your_own_voice/s1/experiments/eva_laused/acoustic_model/data/label_state_align/lause01126.lab, 210 labels
2025-05-09 13:59:31,377     INFO         labels: loaded /home/meelis/merlin/egs/build_your_own_voice/s1/experiments/eva_laused/acoustic_model/data/label_state_align/lause01351.lab, 120 labels
2025-05-09 13:59:31,378     INFO         labels: loaded /home/meelis/merlin/egs/build_your_own_voice/s1/experiments/eva_laused/acoustic_model/data/label_state_align/lause01233.lab, 250 labels
2025-05-09 13:59:31,486     INFO         labels: loaded /home/meelis/merlin/egs/build_your_own_voice/s1/experiments/eva_laused/acoustic_model/data/label_state_align/lause00881.lab, 165 labels
2025-05-09 13:59:31,516     INFO         labels: loaded /home/meelis/merlin/egs/build_your_own_voice/s1/experiments/eva_laused/acoustic_model/data/label_state_align/lause01196.lab, 135 labels
2025-05-09 13:59:31,531     INFO         labels: loaded /home/meelis/merlin/egs/build_your_own_voice/s1/experiments/eva_laused/acoustic_model/data/label_state_align/lause01291.lab, 170 labels
2025-05-09 13:59:31,583     INFO         labels: loaded /home/meelis/merlin/egs/build_your_own_voice/s1/experiments/eva_laused/acoustic_model/data/label_state_align/lause00995.lab, 155 labels
2025-05-09 13:59:31,608     INFO         labels: loaded /home/meelis/merlin/egs/build_your_own_voice/s1/experiments/eva_laused/acoustic_model/data/label_state_align/lause01352.lab, 230 labels
2025-05-09 13:59:31,691     INFO         labels: loaded /home/meelis/merlin/egs/build_your_own_voice/s1/experiments/eva_laused/acoustic_model/data/label_state_align/lause01197.lab, 250 labels
2025-05-09 13:59:31,750     INFO         labels: loaded /home/meelis/merlin/egs/build_your_own_voice/s1/experiments/eva_laused/acoustic_model/data/label_state_align/lause00941.lab, 195 labels
2025-05-09 13:59:31,803     INFO         labels: loaded /home/meelis/merlin/egs/build_your_own_voice/s1/experiments/eva_laused/acoustic_model/data/label_state_align/lause01234.lab, 175 labels
2025-05-09 13:59:31,866     INFO         labels: loaded /home/meelis/merlin/egs/build_your_own_voice/s1/experiments/eva_laused/acoustic_model/data/label_state_align/lause01292.lab, 140 labels
2025-05-09 13:59:31,941     INFO         labels: loaded /home/meelis/merlin/egs/build_your_own_voice/s1/experiments/eva_laused/acoustic_model/data/label_state_align/lause00882.lab, 185 labels
2025-05-09 13:59:31,941     INFO         labels: loaded /home/meelis/merlin/egs/build_your_own_voice/s1/experiments/eva_laused/acoustic_model/data/label_state_align/lause01127.lab, 145 labels
2025-05-09 13:59:31,953     INFO         labels: loaded /home/meelis/merlin/egs/build_your_own_voice/s1/experiments/eva_laused/acoustic_model/data/label_state_align/lause01353.lab, 145 labels
2025-05-09 13:59:31,965     INFO         labels: loaded /home/meelis/merlin/egs/build_your_own_voice/s1/experiments/eva_laused/acoustic_model/data/label_state_align/lause00996.lab, 190 labels
2025-05-09 13:59:31,966     INFO         labels: loaded /home/meelis/merlin/egs/build_your_own_voice/s1/experiments/eva_laused/acoustic_model/data/label_state_align/lause01198.lab, 180 labels
2025-05-09 13:59:32,103     INFO         labels: loaded /home/meelis/merlin/egs/build_your_own_voice/s1/experiments/eva_laused/acoustic_model/data/label_state_align/lause01354.lab, 270 labels
2025-05-09 13:59:32,105     INFO         labels: loaded /home/meelis/merlin/egs/build_your_own_voice/s1/experiments/eva_laused/acoustic_model/data/label_state_align/lause01235.lab, 240 labels
2025-05-09 13:59:32,113     INFO         labels: loaded /home/meelis/merlin/egs/build_your_own_voice/s1/experiments/eva_laused/acoustic_model/data/label_state_align/lause01293.lab, 215 labels
2025-05-09 13:59:32,221     INFO         labels: loaded /home/meelis/merlin/egs/build_your_own_voice/s1/experiments/eva_laused/acoustic_model/data/label_state_align/lause01199.lab, 205 labels
2025-05-09 13:59:32,319     INFO         labels: loaded /home/meelis/merlin/egs/build_your_own_voice/s1/experiments/eva_laused/acoustic_model/data/label_state_align/lause01128.lab, 165 labels
2025-05-09 13:59:32,328     INFO         labels: loaded /home/meelis/merlin/egs/build_your_own_voice/s1/experiments/eva_laused/acoustic_model/data/label_state_align/lause00942.lab, 150 labels
2025-05-09 13:59:32,410     INFO         labels: loaded /home/meelis/merlin/egs/build_your_own_voice/s1/experiments/eva_laused/acoustic_model/data/label_state_align/lause01390.lab, 265 labels
2025-05-09 13:59:32,411     INFO         labels: loaded /home/meelis/merlin/egs/build_your_own_voice/s1/experiments/eva_laused/acoustic_model/data/label_state_align/lause01355.lab, 220 labels
2025-05-09 13:59:32,432     INFO         labels: loaded /home/meelis/merlin/egs/build_your_own_voice/s1/experiments/eva_laused/acoustic_model/data/label_state_align/lause01236.lab, 245 labels
2025-05-09 13:59:32,476     INFO         labels: loaded /home/meelis/merlin/egs/build_your_own_voice/s1/experiments/eva_laused/acoustic_model/data/label_state_align/lause01453.lab, 250 labels
2025-05-09 13:59:32,544     INFO         labels: loaded /home/meelis/merlin/egs/build_your_own_voice/s1/experiments/eva_laused/acoustic_model/data/label_state_align/lause01294.lab, 115 labels
2025-05-09 13:59:32,582     INFO         labels: loaded /home/meelis/merlin/egs/build_your_own_voice/s1/experiments/eva_laused/acoustic_model/data/label_state_align/lause00997.lab, 215 labels
2025-05-09 13:59:32,708     INFO         labels: loaded /home/meelis/merlin/egs/build_your_own_voice/s1/experiments/eva_laused/acoustic_model/data/label_state_align/lause01356.lab, 415 labels
2025-05-09 13:59:32,729     INFO         labels: loaded /home/meelis/merlin/egs/build_your_own_voice/s1/experiments/eva_laused/acoustic_model/data/label_state_align/lause00943.lab, 155 labels
2025-05-09 13:59:32,788     INFO         labels: loaded /home/meelis/merlin/egs/build_your_own_voice/s1/experiments/eva_laused/acoustic_model/data/label_state_align/lause01129.lab, 190 labels
2025-05-09 13:59:32,801     INFO         labels: loaded /home/meelis/merlin/egs/build_your_own_voice/s1/experiments/eva_laused/acoustic_model/data/label_state_align/lause01237.lab, 210 labels
2025-05-09 13:59:32,808     INFO         labels: loaded /home/meelis/merlin/egs/build_your_own_voice/s1/experiments/eva_laused/acoustic_model/data/label_state_align/lause01454.lab, 335 labels
2025-05-09 13:59:32,858     INFO         labels: loaded /home/meelis/merlin/egs/build_your_own_voice/s1/experiments/eva_laused/acoustic_model/data/label_state_align/lause01295.lab, 140 labels
2025-05-09 13:59:33,026     INFO         labels: loaded /home/meelis/merlin/egs/build_your_own_voice/s1/experiments/eva_laused/acoustic_model/data/label_state_align/lause01391.lab, 195 labels
2025-05-09 13:59:33,150     INFO         labels: loaded /home/meelis/merlin/egs/build_your_own_voice/s1/experiments/eva_laused/acoustic_model/data/label_state_align/lause00944.lab, 140 labels
2025-05-09 13:59:33,199     INFO         labels: loaded /home/meelis/merlin/egs/build_your_own_voice/s1/experiments/eva_laused/acoustic_model/data/label_state_align/lause00998.lab, 100 labels
2025-05-09 13:59:33,202     INFO         labels: loaded /home/meelis/merlin/egs/build_your_own_voice/s1/experiments/eva_laused/acoustic_model/data/label_state_align/lause01238.lab, 160 labels
2025-05-09 13:59:33,252     INFO         labels: loaded /home/meelis/merlin/egs/build_your_own_voice/s1/experiments/eva_laused/acoustic_model/data/label_state_align/lause01357.lab, 190 labels
2025-05-09 13:59:33,258     INFO         labels: loaded /home/meelis/merlin/egs/build_your_own_voice/s1/experiments/eva_laused/acoustic_model/data/label_state_align/lause01455.lab, 105 labels
2025-05-09 13:59:33,259     INFO         labels: loaded /home/meelis/merlin/egs/build_your_own_voice/s1/experiments/eva_laused/acoustic_model/data/label_state_align/lause01296.lab, 160 labels
2025-05-09 13:59:33,291     INFO         labels: loaded /home/meelis/merlin/egs/build_your_own_voice/s1/experiments/eva_laused/acoustic_model/data/label_state_align/lause01130.lab, 190 labels
2025-05-09 13:59:33,389     INFO         labels: loaded /home/meelis/merlin/egs/build_your_own_voice/s1/experiments/eva_laused/acoustic_model/data/label_state_align/lause01456.lab, 190 labels
2025-05-09 13:59:33,459     INFO         labels: loaded /home/meelis/merlin/egs/build_your_own_voice/s1/experiments/eva_laused/acoustic_model/data/label_state_align/lause01358.lab, 130 labels
2025-05-09 13:59:33,480     INFO         labels: loaded /home/meelis/merlin/egs/build_your_own_voice/s1/experiments/eva_laused/acoustic_model/data/label_state_align/lause00945.lab, 240 labels
2025-05-09 13:59:33,498     INFO         labels: loaded /home/meelis/merlin/egs/build_your_own_voice/s1/experiments/eva_laused/acoustic_model/data/label_state_align/lause01392.lab, 305 labels
2025-05-09 13:59:33,544     INFO         labels: loaded /home/meelis/merlin/egs/build_your_own_voice/s1/experiments/eva_laused/acoustic_model/data/label_state_align/lause01239.lab, 220 labels
2025-05-09 13:59:33,572     INFO         labels: loaded /home/meelis/merlin/egs/build_your_own_voice/s1/experiments/eva_laused/acoustic_model/data/label_state_align/lause00999.lab, 255 labels
2025-05-09 13:59:33,607     INFO         labels: loaded /home/meelis/merlin/egs/build_your_own_voice/s1/experiments/eva_laused/acoustic_model/data/label_state_align/lause01297.lab, 140 labels
2025-05-09 13:59:33,639     INFO         labels: loaded /home/meelis/merlin/egs/build_your_own_voice/s1/experiments/eva_laused/acoustic_model/data/label_state_align/lause01457.lab, 115 labels
2025-05-09 13:59:33,762     INFO         labels: loaded /home/meelis/merlin/egs/build_your_own_voice/s1/experiments/eva_laused/acoustic_model/data/label_state_align/lause01359.lab, 250 labels
2025-05-09 13:59:33,765     INFO         labels: loaded /home/meelis/merlin/egs/build_your_own_voice/s1/experiments/eva_laused/acoustic_model/data/label_state_align/lause01458.lab, 125 labels
2025-05-09 13:59:33,809     INFO         labels: loaded /home/meelis/merlin/egs/build_your_own_voice/s1/experiments/eva_laused/acoustic_model/data/label_state_align/lause01131.lab, 230 labels
2025-05-09 13:59:34,130     INFO         labels: loaded /home/meelis/merlin/egs/build_your_own_voice/s1/experiments/eva_laused/acoustic_model/data/label_state_align/lause01240.lab, 155 labels
2025-05-09 13:59:34,145     INFO         labels: loaded /home/meelis/merlin/egs/build_your_own_voice/s1/experiments/eva_laused/acoustic_model/data/label_state_align/lause01360.lab, 325 labels
2025-05-09 13:59:34,145     INFO         labels: loaded /home/meelis/merlin/egs/build_your_own_voice/s1/experiments/eva_laused/acoustic_model/data/label_state_align/lause01000.lab, 165 labels
2025-05-09 13:59:34,151     INFO         labels: loaded /home/meelis/merlin/egs/build_your_own_voice/s1/experiments/eva_laused/acoustic_model/data/label_state_align/lause01459.lab, 195 labels
2025-05-09 13:59:34,156     INFO         labels: loaded /home/meelis/merlin/egs/build_your_own_voice/s1/experiments/eva_laused/acoustic_model/data/label_state_align/lause01298.lab, 105 labels
2025-05-09 13:59:34,171     INFO         labels: loaded /home/meelis/merlin/egs/build_your_own_voice/s1/experiments/eva_laused/acoustic_model/data/label_state_align/lause01393.lab, 165 labels
2025-05-09 13:59:34,176     INFO         labels: loaded /home/meelis/merlin/egs/build_your_own_voice/s1/experiments/eva_laused/acoustic_model/data/label_state_align/lause01516.lab, 250 labels
2025-05-09 13:59:34,226     INFO         labels: loaded /home/meelis/merlin/egs/build_your_own_voice/s1/experiments/eva_laused/acoustic_model/data/label_state_align/lause01241.lab, 140 labels
2025-05-09 13:59:34,281     INFO         labels: loaded /home/meelis/merlin/egs/build_your_own_voice/s1/experiments/eva_laused/acoustic_model/data/label_state_align/lause01132.lab, 205 labels
2025-05-09 13:59:34,375     INFO         labels: loaded /home/meelis/merlin/egs/build_your_own_voice/s1/experiments/eva_laused/acoustic_model/data/label_state_align/lause01394.lab, 160 labels
2025-05-09 13:59:34,375     INFO         labels: loaded /home/meelis/merlin/egs/build_your_own_voice/s1/experiments/eva_laused/acoustic_model/data/label_state_align/lause01001.lab, 195 labels
2025-05-09 13:59:34,376     INFO         labels: loaded /home/meelis/merlin/egs/build_your_own_voice/s1/experiments/eva_laused/acoustic_model/data/label_state_align/lause01299.lab, 125 labels
2025-05-09 13:59:34,380     INFO         labels: loaded /home/meelis/merlin/egs/build_your_own_voice/s1/experiments/eva_laused/acoustic_model/data/label_state_align/lause01242.lab, 205 labels
2025-05-09 13:59:34,383     INFO         labels: loaded /home/meelis/merlin/egs/build_your_own_voice/s1/experiments/eva_laused/acoustic_model/data/label_state_align/lause01361.lab, 175 labels
2025-05-09 13:59:34,537     INFO         labels: loaded /home/meelis/merlin/egs/build_your_own_voice/s1/experiments/eva_laused/acoustic_model/data/label_state_align/lause01300.lab, 130 labels
2025-05-09 13:59:34,554     INFO         labels: loaded /home/meelis/merlin/egs/build_your_own_voice/s1/experiments/eva_laused/acoustic_model/data/label_state_align/lause01460.lab, 160 labels
2025-05-09 13:59:34,555     INFO         labels: loaded /home/meelis/merlin/egs/build_your_own_voice/s1/experiments/eva_laused/acoustic_model/data/label_state_align/lause01362.lab, 180 labels
2025-05-09 13:59:34,559     INFO         labels: loaded /home/meelis/merlin/egs/build_your_own_voice/s1/experiments/eva_laused/acoustic_model/data/label_state_align/lause01517.lab, 520 labels
2025-05-09 13:59:34,559     INFO         labels: loaded /home/meelis/merlin/egs/build_your_own_voice/s1/experiments/eva_laused/acoustic_model/data/label_state_align/lause01243.lab, 140 labels
2025-05-09 13:59:34,560     INFO         labels: loaded /home/meelis/merlin/egs/build_your_own_voice/s1/experiments/eva_laused/acoustic_model/data/label_state_align/lause01133.lab, 165 labels
2025-05-09 13:59:34,564     INFO         labels: loaded /home/meelis/merlin/egs/build_your_own_voice/s1/experiments/eva_laused/acoustic_model/data/label_state_align/lause01395.lab, 150 labels
2025-05-09 13:59:34,647     INFO         labels: loaded /home/meelis/merlin/egs/build_your_own_voice/s1/experiments/eva_laused/acoustic_model/data/label_state_align/lause01002.lab, 205 labels
2025-05-09 13:59:34,719     INFO         labels: loaded /home/meelis/merlin/egs/build_your_own_voice/s1/experiments/eva_laused/acoustic_model/data/label_state_align/lause01461.lab,  75 labels
2025-05-09 13:59:34,832     INFO         labels: loaded /home/meelis/merlin/egs/build_your_own_voice/s1/experiments/eva_laused/acoustic_model/data/label_state_align/lause01462.lab, 180 labels
2025-05-09 13:59:34,852     INFO         labels: loaded /home/meelis/merlin/egs/build_your_own_voice/s1/experiments/eva_laused/acoustic_model/data/label_state_align/lause01363.lab, 250 labels
2025-05-09 13:59:34,862     INFO         labels: loaded /home/meelis/merlin/egs/build_your_own_voice/s1/experiments/eva_laused/acoustic_model/data/label_state_align/lause01244.lab, 235 labels
2025-05-09 13:59:34,946     INFO         labels: loaded /home/meelis/merlin/egs/build_your_own_voice/s1/experiments/eva_laused/acoustic_model/data/label_state_align/lause01301.lab, 195 labels
2025-05-09 13:59:34,970     INFO         labels: loaded /home/meelis/merlin/egs/build_your_own_voice/s1/experiments/eva_laused/acoustic_model/data/label_state_align/lause01396.lab, 215 labels
2025-05-09 13:59:35,009     INFO         labels: loaded /home/meelis/merlin/egs/build_your_own_voice/s1/experiments/eva_laused/acoustic_model/data/label_state_align/lause01134.lab, 195 labels
2025-05-09 13:59:35,021     INFO         labels: loaded /home/meelis/merlin/egs/build_your_own_voice/s1/experiments/eva_laused/acoustic_model/data/label_state_align/lause01463.lab, 145 labels
2025-05-09 13:59:35,079     INFO         labels: loaded /home/meelis/merlin/egs/build_your_own_voice/s1/experiments/eva_laused/acoustic_model/data/label_state_align/lause01518.lab, 345 labels
2025-05-09 13:59:35,127     INFO         labels: loaded /home/meelis/merlin/egs/build_your_own_voice/s1/experiments/eva_laused/acoustic_model/data/label_state_align/lause01364.lab, 280 labels
2025-05-09 13:59:35,160     INFO         labels: loaded /home/meelis/merlin/egs/build_your_own_voice/s1/experiments/eva_laused/acoustic_model/data/label_state_align/lause01003.lab, 120 labels
2025-05-09 13:59:35,192     INFO         labels: loaded /home/meelis/merlin/egs/build_your_own_voice/s1/experiments/eva_laused/acoustic_model/data/label_state_align/lause01464.lab, 185 labels
2025-05-09 13:59:35,247     INFO         labels: loaded /home/meelis/merlin/egs/build_your_own_voice/s1/experiments/eva_laused/acoustic_model/data/label_state_align/lause01245.lab, 255 labels
2025-05-09 13:59:35,350     INFO         labels: loaded /home/meelis/merlin/egs/build_your_own_voice/s1/experiments/eva_laused/acoustic_model/data/label_state_align/lause01302.lab, 240 labels
2025-05-09 13:59:35,406     INFO         labels: loaded /home/meelis/merlin/egs/build_your_own_voice/s1/experiments/eva_laused/acoustic_model/data/label_state_align/lause01465.lab, 120 labels
2025-05-09 13:59:35,480     INFO         labels: loaded /home/meelis/merlin/egs/build_your_own_voice/s1/experiments/eva_laused/acoustic_model/data/label_state_align/lause01365.lab, 210 labels
2025-05-09 13:59:35,491     INFO         labels: loaded /home/meelis/merlin/egs/build_your_own_voice/s1/experiments/eva_laused/acoustic_model/data/label_state_align/lause01004.lab, 290 labels
2025-05-09 13:59:35,524     INFO         labels: loaded /home/meelis/merlin/egs/build_your_own_voice/s1/experiments/eva_laused/acoustic_model/data/label_state_align/lause01246.lab, 175 labels
2025-05-09 13:59:35,524     INFO         labels: loaded /home/meelis/merlin/egs/build_your_own_voice/s1/experiments/eva_laused/acoustic_model/data/label_state_align/lause01397.lab, 190 labels
2025-05-09 13:59:35,556     INFO         labels: loaded /home/meelis/merlin/egs/build_your_own_voice/s1/experiments/eva_laused/acoustic_model/data/label_state_align/lause01466.lab, 110 labels
2025-05-09 13:59:35,671     INFO         labels: loaded /home/meelis/merlin/egs/build_your_own_voice/s1/experiments/eva_laused/acoustic_model/data/label_state_align/lause01135.lab, 195 labels
2025-05-09 13:59:35,778     INFO         labels: loaded /home/meelis/merlin/egs/build_your_own_voice/s1/experiments/eva_laused/acoustic_model/data/label_state_align/lause01303.lab, 130 labels
2025-05-09 13:59:35,782     INFO         labels: loaded /home/meelis/merlin/egs/build_your_own_voice/s1/experiments/eva_laused/acoustic_model/data/label_state_align/lause01519.lab, 415 labels
2025-05-09 13:59:35,831     INFO         labels: loaded /home/meelis/merlin/egs/build_your_own_voice/s1/experiments/eva_laused/acoustic_model/data/label_state_align/lause01247.lab, 195 labels
2025-05-09 13:59:35,831     INFO         labels: loaded /home/meelis/merlin/egs/build_your_own_voice/s1/experiments/eva_laused/acoustic_model/data/label_state_align/lause01467.lab, 165 labels
2025-05-09 13:59:35,840     INFO         labels: loaded /home/meelis/merlin/egs/build_your_own_voice/s1/experiments/eva_laused/acoustic_model/data/label_state_align/lause01366.lab, 280 labels
2025-05-09 13:59:36,008     INFO         labels: loaded /home/meelis/merlin/egs/build_your_own_voice/s1/experiments/eva_laused/acoustic_model/data/label_state_align/lause01468.lab, 105 labels
2025-05-09 13:59:36,013     INFO         labels: loaded /home/meelis/merlin/egs/build_your_own_voice/s1/experiments/eva_laused/acoustic_model/data/label_state_align/lause01398.lab, 315 labels
2025-05-09 13:59:36,025     INFO         labels: loaded /home/meelis/merlin/egs/build_your_own_voice/s1/experiments/eva_laused/acoustic_model/data/label_state_align/lause01304.lab, 185 labels
2025-05-09 13:59:36,181     INFO         labels: loaded /home/meelis/merlin/egs/build_your_own_voice/s1/experiments/eva_laused/acoustic_model/data/label_state_align/lause01005.lab, 155 labels
2025-05-09 13:59:36,204     INFO         labels: loaded /home/meelis/merlin/egs/build_your_own_voice/s1/experiments/eva_laused/acoustic_model/data/label_state_align/lause01469.lab, 225 labels
2025-05-09 13:59:36,239     INFO         labels: loaded /home/meelis/merlin/egs/build_your_own_voice/s1/experiments/eva_laused/acoustic_model/data/label_state_align/lause01136.lab, 175 labels
2025-05-09 13:59:36,248     INFO         labels: loaded /home/meelis/merlin/egs/build_your_own_voice/s1/experiments/eva_laused/acoustic_model/data/label_state_align/lause01248.lab, 145 labels
2025-05-09 13:59:36,267     INFO         labels: loaded /home/meelis/merlin/egs/build_your_own_voice/s1/experiments/eva_laused/acoustic_model/data/label_state_align/lause01367.lab, 215 labels
2025-05-09 13:59:36,510     INFO         labels: loaded /home/meelis/merlin/egs/build_your_own_voice/s1/experiments/eva_laused/acoustic_model/data/label_state_align/lause01520.lab, 435 labels
2025-05-09 13:59:36,527     INFO         labels: loaded /home/meelis/merlin/egs/build_your_own_voice/s1/experiments/eva_laused/acoustic_model/data/label_state_align/lause01305.lab, 150 labels
2025-05-09 13:59:36,528     INFO         labels: loaded /home/meelis/merlin/egs/build_your_own_voice/s1/experiments/eva_laused/acoustic_model/data/label_state_align/lause01470.lab, 105 labels
2025-05-09 13:59:36,555     INFO         labels: loaded /home/meelis/merlin/egs/build_your_own_voice/s1/experiments/eva_laused/acoustic_model/data/label_state_align/lause01249.lab, 175 labels
2025-05-09 13:59:36,628     INFO         labels: loaded /home/meelis/merlin/egs/build_your_own_voice/s1/experiments/eva_laused/acoustic_model/data/label_state_align/lause01368.lab, 180 labels
2025-05-09 13:59:36,653     INFO         labels: loaded /home/meelis/merlin/egs/build_your_own_voice/s1/experiments/eva_laused/acoustic_model/data/label_state_align/lause01471.lab, 165 labels
2025-05-09 13:59:36,660     INFO         labels: loaded /home/meelis/merlin/egs/build_your_own_voice/s1/experiments/eva_laused/acoustic_model/data/label_state_align/lause01399.lab, 315 labels
2025-05-09 13:59:36,693     INFO         labels: loaded /home/meelis/merlin/egs/build_your_own_voice/s1/experiments/eva_laused/acoustic_model/data/label_state_align/lause01579.lab, 290 labels
2025-05-09 13:59:36,725     INFO         labels: loaded /home/meelis/merlin/egs/build_your_own_voice/s1/experiments/eva_laused/acoustic_model/data/label_state_align/lause01006.lab, 250 labels
2025-05-09 13:59:36,874     INFO         labels: loaded /home/meelis/merlin/egs/build_your_own_voice/s1/experiments/eva_laused/acoustic_model/data/label_state_align/lause01250.lab, 145 labels
2025-05-09 13:59:36,881     INFO         labels: loaded /home/meelis/merlin/egs/build_your_own_voice/s1/experiments/eva_laused/acoustic_model/data/label_state_align/lause01369.lab, 155 labels
2025-05-09 13:59:36,885     INFO         labels: loaded /home/meelis/merlin/egs/build_your_own_voice/s1/experiments/eva_laused/acoustic_model/data/label_state_align/lause01306.lab, 230 labels
2025-05-09 13:59:36,983     INFO         labels: loaded /home/meelis/merlin/egs/build_your_own_voice/s1/experiments/eva_laused/acoustic_model/data/label_state_align/lause01472.lab, 230 labels
2025-05-09 13:59:37,097     INFO         labels: loaded /home/meelis/merlin/egs/build_your_own_voice/s1/experiments/eva_laused/acoustic_model/data/label_state_align/lause01370.lab, 280 labels
2025-05-09 13:59:37,114     INFO         labels: loaded /home/meelis/merlin/egs/build_your_own_voice/s1/experiments/eva_laused/acoustic_model/data/label_state_align/lause01251.lab, 150 labels
2025-05-09 13:59:37,347     INFO         labels: loaded /home/meelis/merlin/egs/build_your_own_voice/s1/experiments/eva_laused/acoustic_model/data/label_state_align/lause01473.lab, 185 labels
2025-05-09 13:59:37,348     INFO         labels: loaded /home/meelis/merlin/egs/build_your_own_voice/s1/experiments/eva_laused/acoustic_model/data/label_state_align/lause01521.lab, 260 labels
2025-05-09 13:59:37,349     INFO         labels: loaded /home/meelis/merlin/egs/build_your_own_voice/s1/experiments/eva_laused/acoustic_model/data/label_state_align/lause01400.lab, 180 labels
2025-05-09 13:59:37,361     INFO         labels: loaded /home/meelis/merlin/egs/build_your_own_voice/s1/experiments/eva_laused/acoustic_model/data/label_state_align/lause01307.lab, 155 labels
2025-05-09 13:59:37,449     INFO         labels: loaded /home/meelis/merlin/egs/build_your_own_voice/s1/experiments/eva_laused/acoustic_model/data/label_state_align/lause01007.lab, 185 labels
2025-05-09 13:59:37,450     INFO         labels: loaded /home/meelis/merlin/egs/build_your_own_voice/s1/experiments/eva_laused/acoustic_model/data/label_state_align/lause01371.lab, 285 labels
2025-05-09 13:59:37,500     INFO         labels: loaded /home/meelis/merlin/egs/build_your_own_voice/s1/experiments/eva_laused/acoustic_model/data/label_state_align/lause01252.lab, 140 labels
2025-05-09 13:59:37,566     INFO         labels: loaded /home/meelis/merlin/egs/build_your_own_voice/s1/experiments/eva_laused/acoustic_model/data/label_state_align/lause01580.lab, 240 labels
2025-05-09 13:59:37,603     INFO         labels: loaded /home/meelis/merlin/egs/build_your_own_voice/s1/experiments/eva_laused/acoustic_model/data/label_state_align/lause01474.lab, 135 labels
2025-05-09 13:59:37,753     INFO         labels: loaded /home/meelis/merlin/egs/build_your_own_voice/s1/experiments/eva_laused/acoustic_model/data/label_state_align/lause01308.lab, 220 labels
2025-05-09 13:59:37,768     INFO         labels: loaded /home/meelis/merlin/egs/build_your_own_voice/s1/experiments/eva_laused/acoustic_model/data/label_state_align/lause01253.lab, 175 labels
2025-05-09 13:59:37,809     INFO         labels: loaded /home/meelis/merlin/egs/build_your_own_voice/s1/experiments/eva_laused/acoustic_model/data/label_state_align/lause01475.lab, 140 labels
2025-05-09 13:59:37,854     INFO         labels: loaded /home/meelis/merlin/egs/build_your_own_voice/s1/experiments/eva_laused/acoustic_model/data/label_state_align/lause01401.lab, 235 labels
2025-05-09 13:59:37,862     INFO         labels: loaded /home/meelis/merlin/egs/build_your_own_voice/s1/experiments/eva_laused/acoustic_model/data/label_state_align/lause01372.lab, 325 labels
2025-05-09 13:59:37,925     INFO         labels: loaded /home/meelis/merlin/egs/build_your_own_voice/s1/experiments/eva_laused/acoustic_model/data/label_state_align/lause01522.lab, 335 labels
2025-05-09 13:59:37,995     INFO         labels: loaded /home/meelis/merlin/egs/build_your_own_voice/s1/experiments/eva_laused/acoustic_model/data/label_state_align/lause01476.lab, 110 labels
2025-05-09 13:59:38,073     INFO         labels: loaded /home/meelis/merlin/egs/build_your_own_voice/s1/experiments/eva_laused/acoustic_model/data/label_state_align/lause01008.lab, 240 labels
2025-05-09 13:59:38,113     INFO         labels: loaded /home/meelis/merlin/egs/build_your_own_voice/s1/experiments/eva_laused/acoustic_model/data/label_state_align/lause01254.lab, 150 labels
2025-05-09 13:59:38,123     INFO         labels: loaded /home/meelis/merlin/egs/build_your_own_voice/s1/experiments/eva_laused/acoustic_model/data/label_state_align/lause01309.lab, 200 labels
2025-05-09 13:59:38,151     INFO         labels: loaded /home/meelis/merlin/egs/build_your_own_voice/s1/experiments/eva_laused/acoustic_model/data/label_state_align/lause01581.lab, 170 labels
2025-05-09 13:59:38,152     INFO         labels: loaded /home/meelis/merlin/egs/build_your_own_voice/s1/experiments/eva_laused/acoustic_model/data/label_state_align/lause01477.lab, 110 labels
2025-05-09 13:59:38,195     INFO         labels: loaded /home/meelis/merlin/egs/build_your_own_voice/s1/experiments/eva_laused/acoustic_model/data/label_state_align/lause01373.lab, 240 labels
2025-05-09 13:59:38,346     INFO         labels: loaded /home/meelis/merlin/egs/build_your_own_voice/s1/experiments/eva_laused/acoustic_model/data/label_state_align/lause01478.lab, 185 labels
2025-05-09 13:59:38,396     INFO         labels: loaded /home/meelis/merlin/egs/build_your_own_voice/s1/experiments/eva_laused/acoustic_model/data/label_state_align/lause01402.lab, 225 labels
2025-05-09 13:59:38,462     INFO         labels: loaded /home/meelis/merlin/egs/build_your_own_voice/s1/experiments/eva_laused/acoustic_model/data/label_state_align/lause01255.lab, 255 labels
2025-05-09 13:59:38,552     INFO         labels: loaded /home/meelis/merlin/egs/build_your_own_voice/s1/experiments/eva_laused/acoustic_model/data/label_state_align/lause01310.lab, 150 labels
2025-05-09 13:59:38,574     INFO         labels: loaded /home/meelis/merlin/egs/build_your_own_voice/s1/experiments/eva_laused/acoustic_model/data/label_state_align/lause01375.lab, 220 labels
2025-05-09 13:59:38,596     INFO         labels: loaded /home/meelis/merlin/egs/build_your_own_voice/s1/experiments/eva_laused/acoustic_model/data/label_state_align/lause01479.lab, 235 labels
2025-05-09 13:59:38,621     INFO         labels: loaded /home/meelis/merlin/egs/build_your_own_voice/s1/experiments/eva_laused/acoustic_model/data/label_state_align/lause01523.lab, 220 labels
2025-05-09 13:59:38,691     INFO         labels: loaded /home/meelis/merlin/egs/build_your_own_voice/s1/experiments/eva_laused/acoustic_model/data/label_state_align/lause01582.lab, 295 labels
2025-05-09 13:59:38,753     INFO         labels: loaded /home/meelis/merlin/egs/build_your_own_voice/s1/experiments/eva_laused/acoustic_model/data/label_state_align/lause01642.lab, 310 labels
2025-05-09 13:59:38,889     INFO         labels: loaded /home/meelis/merlin/egs/build_your_own_voice/s1/experiments/eva_laused/acoustic_model/data/label_state_align/lause01311.lab, 155 labels
2025-05-09 13:59:38,921     INFO         labels: loaded /home/meelis/merlin/egs/build_your_own_voice/s1/experiments/eva_laused/acoustic_model/data/label_state_align/lause01256.lab, 270 labels
2025-05-09 13:59:38,928     INFO         labels: loaded /home/meelis/merlin/egs/build_your_own_voice/s1/experiments/eva_laused/acoustic_model/data/label_state_align/lause01480.lab, 100 labels
2025-05-09 13:59:38,942     INFO         labels: loaded /home/meelis/merlin/egs/build_your_own_voice/s1/experiments/eva_laused/acoustic_model/data/label_state_align/lause01376.lab, 135 labels
2025-05-09 13:59:38,968     INFO         labels: loaded /home/meelis/merlin/egs/build_your_own_voice/s1/experiments/eva_laused/acoustic_model/data/label_state_align/lause01403.lab, 275 labels
2025-05-09 13:59:39,016     INFO         labels: loaded /home/meelis/merlin/egs/build_your_own_voice/s1/experiments/eva_laused/acoustic_model/data/label_state_align/lause01481.lab, 130 labels
2025-05-09 13:59:39,109     INFO         labels: loaded /home/meelis/merlin/egs/build_your_own_voice/s1/experiments/eva_laused/acoustic_model/data/label_state_align/lause01524.lab, 200 labels
2025-05-09 13:59:39,181     INFO         labels: loaded /home/meelis/merlin/egs/build_your_own_voice/s1/experiments/eva_laused/acoustic_model/data/label_state_align/lause01377.lab, 345 labels
2025-05-09 13:59:39,239     INFO         labels: loaded /home/meelis/merlin/egs/build_your_own_voice/s1/experiments/eva_laused/acoustic_model/data/label_state_align/lause01482.lab, 130 labels
2025-05-09 13:59:39,266     INFO         labels: loaded /home/meelis/merlin/egs/build_your_own_voice/s1/experiments/eva_laused/acoustic_model/data/label_state_align/lause01312.lab, 320 labels
2025-05-09 13:59:39,326     INFO         labels: loaded /home/meelis/merlin/egs/build_your_own_voice/s1/experiments/eva_laused/acoustic_model/data/label_state_align/lause01643.lab, 175 labels
2025-05-09 13:59:39,355     INFO         labels: loaded /home/meelis/merlin/egs/build_your_own_voice/s1/experiments/eva_laused/acoustic_model/data/label_state_align/lause01257.lab, 105 labels
2025-05-09 13:59:39,436     INFO         labels: loaded /home/meelis/merlin/egs/build_your_own_voice/s1/experiments/eva_laused/acoustic_model/data/label_state_align/lause01483.lab, 180 labels
2025-05-09 13:59:39,463     INFO         labels: loaded /home/meelis/merlin/egs/build_your_own_voice/s1/experiments/eva_laused/acoustic_model/data/label_state_align/lause01583.lab, 215 labels
2025-05-09 13:59:39,615     INFO         labels: loaded /home/meelis/merlin/egs/build_your_own_voice/s1/experiments/eva_laused/acoustic_model/data/label_state_align/lause01404.lab, 220 labels
2025-05-09 13:59:39,653     INFO         labels: loaded /home/meelis/merlin/egs/build_your_own_voice/s1/experiments/eva_laused/acoustic_model/data/label_state_align/lause01525.lab, 335 labels
2025-05-09 13:59:39,697     INFO         labels: loaded /home/meelis/merlin/egs/build_your_own_voice/s1/experiments/eva_laused/acoustic_model/data/label_state_align/lause01258.lab, 160 labels
2025-05-09 13:59:39,722     INFO         labels: loaded /home/meelis/merlin/egs/build_your_own_voice/s1/experiments/eva_laused/acoustic_model/data/label_state_align/lause01313.lab, 205 labels
2025-05-09 13:59:39,729     INFO         labels: loaded /home/meelis/merlin/egs/build_your_own_voice/s1/experiments/eva_laused/acoustic_model/data/label_state_align/lause01378.lab, 325 labels
2025-05-09 13:59:39,733     INFO         labels: loaded /home/meelis/merlin/egs/build_your_own_voice/s1/experiments/eva_laused/acoustic_model/data/label_state_align/lause01484.lab,  95 labels
2025-05-09 13:59:39,819     INFO         labels: loaded /home/meelis/merlin/egs/build_your_own_voice/s1/experiments/eva_laused/acoustic_model/data/label_state_align/lause01644.lab, 225 labels
2025-05-09 13:59:39,895     INFO         labels: loaded /home/meelis/merlin/egs/build_your_own_voice/s1/experiments/eva_laused/acoustic_model/data/label_state_align/lause01485.lab, 145 labels
2025-05-09 13:59:40,084     INFO         labels: loaded /home/meelis/merlin/egs/build_your_own_voice/s1/experiments/eva_laused/acoustic_model/data/label_state_align/lause01259.lab, 140 labels
2025-05-09 13:59:40,102     INFO         labels: loaded /home/meelis/merlin/egs/build_your_own_voice/s1/experiments/eva_laused/acoustic_model/data/label_state_align/lause01405.lab, 225 labels
2025-05-09 13:59:40,116     INFO         labels: loaded /home/meelis/merlin/egs/build_your_own_voice/s1/experiments/eva_laused/acoustic_model/data/label_state_align/lause01584.lab, 180 labels
2025-05-09 13:59:40,229     INFO         labels: loaded /home/meelis/merlin/egs/build_your_own_voice/s1/experiments/eva_laused/acoustic_model/data/label_state_align/lause01379.lab, 275 labels
2025-05-09 13:59:40,230     INFO         labels: loaded /home/meelis/merlin/egs/build_your_own_voice/s1/experiments/eva_laused/acoustic_model/data/label_state_align/lause01526.lab, 175 labels
2025-05-09 13:59:40,234     INFO         labels: loaded /home/meelis/merlin/egs/build_your_own_voice/s1/experiments/eva_laused/acoustic_model/data/label_state_align/lause01486.lab, 230 labels
2025-05-09 13:59:40,238     INFO         labels: loaded /home/meelis/merlin/egs/build_your_own_voice/s1/experiments/eva_laused/acoustic_model/data/label_state_align/lause01314.lab, 210 labels
2025-05-09 13:59:40,275     INFO         labels: loaded /home/meelis/merlin/egs/build_your_own_voice/s1/experiments/eva_laused/acoustic_model/data/label_state_align/lause01260.lab, 205 labels
2025-05-09 13:59:40,361     INFO         labels: loaded /home/meelis/merlin/egs/build_your_own_voice/s1/experiments/eva_laused/acoustic_model/data/label_state_align/lause01645.lab, 160 labels
2025-05-09 13:59:40,605     INFO         labels: loaded /home/meelis/merlin/egs/build_your_own_voice/s1/experiments/eva_laused/acoustic_model/data/label_state_align/lause01261.lab, 245 labels
2025-05-09 13:59:40,630     INFO         labels: loaded /home/meelis/merlin/egs/build_your_own_voice/s1/experiments/eva_laused/acoustic_model/data/label_state_align/lause01262.lab, 120 labels
2025-05-09 13:59:40,630     INFO         labels: loaded /home/meelis/merlin/egs/build_your_own_voice/s1/experiments/eva_laused/acoustic_model/data/label_state_align/lause01315.lab, 140 labels
2025-05-09 13:59:40,631     INFO         labels: loaded /home/meelis/merlin/egs/build_your_own_voice/s1/experiments/eva_laused/acoustic_model/data/label_state_align/lause01646.lab, 225 labels
2025-05-09 13:59:40,631     INFO         labels: loaded /home/meelis/merlin/egs/build_your_own_voice/s1/experiments/eva_laused/acoustic_model/data/label_state_align/lause01585.lab, 230 labels
2025-05-09 13:59:40,634     INFO         labels: loaded /home/meelis/merlin/egs/build_your_own_voice/s1/experiments/eva_laused/acoustic_model/data/label_state_align/lause01406.lab, 390 labels
2025-05-09 13:59:40,663     INFO         labels: loaded /home/meelis/merlin/egs/build_your_own_voice/s1/experiments/eva_laused/acoustic_model/data/label_state_align/lause01487.lab, 225 labels
2025-05-09 13:59:40,665     INFO         labels: loaded /home/meelis/merlin/egs/build_your_own_voice/s1/experiments/eva_laused/acoustic_model/data/label_state_align/lause01527.lab, 230 labels
2025-05-09 13:59:40,668     INFO         labels: loaded /home/meelis/merlin/egs/build_your_own_voice/s1/experiments/eva_laused/acoustic_model/data/label_state_align/lause01380.lab, 305 labels
2025-05-09 13:59:40,784     INFO         labels: loaded /home/meelis/merlin/egs/build_your_own_voice/s1/experiments/eva_laused/acoustic_model/data/label_state_align/lause01705.lab, 210 labels
2025-05-09 13:59:40,801     INFO         labels: loaded /home/meelis/merlin/egs/build_your_own_voice/s1/experiments/eva_laused/acoustic_model/data/label_state_align/lause01316.lab, 120 labels
2025-05-09 13:59:40,976     INFO         labels: loaded /home/meelis/merlin/egs/build_your_own_voice/s1/experiments/eva_laused/acoustic_model/data/label_state_align/lause01488.lab, 170 labels
2025-05-09 13:59:41,084     INFO         labels: loaded /home/meelis/merlin/egs/build_your_own_voice/s1/experiments/eva_laused/acoustic_model/data/label_state_align/lause01647.lab, 285 labels
2025-05-09 13:59:41,131     INFO         labels: loaded /home/meelis/merlin/egs/build_your_own_voice/s1/experiments/eva_laused/acoustic_model/data/label_state_align/lause01706.lab, 175 labels
2025-05-09 13:59:41,139     INFO         labels: loaded /home/meelis/merlin/egs/build_your_own_voice/s1/experiments/eva_laused/acoustic_model/data/label_state_align/lause01381.lab, 200 labels
2025-05-09 13:59:41,141     INFO         labels: loaded /home/meelis/merlin/egs/build_your_own_voice/s1/experiments/eva_laused/acoustic_model/data/label_state_align/lause01317.lab, 155 labels
2025-05-09 13:59:41,147     INFO         labels: loaded /home/meelis/merlin/egs/build_your_own_voice/s1/experiments/eva_laused/acoustic_model/data/label_state_align/lause01489.lab, 215 labels
2025-05-09 13:59:41,176     INFO         labels: loaded /home/meelis/merlin/egs/build_your_own_voice/s1/experiments/eva_laused/acoustic_model/data/label_state_align/lause01407.lab, 210 labels
2025-05-09 13:59:41,182     INFO         labels: loaded /home/meelis/merlin/egs/build_your_own_voice/s1/experiments/eva_laused/acoustic_model/data/label_state_align/lause01586.lab, 320 labels
2025-05-09 13:59:41,766     INFO         labels: loaded /home/meelis/merlin/egs/build_your_own_voice/s1/experiments/eva_laused/acoustic_model/data/label_state_align/lause01528.lab, 290 labels
2025-05-09 13:59:41,836     INFO         labels: loaded /home/meelis/merlin/egs/build_your_own_voice/s1/experiments/eva_laused/acoustic_model/data/label_state_align/lause01408.lab, 190 labels
2025-05-09 13:59:41,836     INFO         labels: loaded /home/meelis/merlin/egs/build_your_own_voice/s1/experiments/eva_laused/acoustic_model/data/label_state_align/lause01318.lab, 265 labels
2025-05-09 13:59:41,840     INFO         labels: loaded /home/meelis/merlin/egs/build_your_own_voice/s1/experiments/eva_laused/acoustic_model/data/label_state_align/lause01587.lab, 450 labels
2025-05-09 13:59:41,872     INFO         labels: loaded /home/meelis/merlin/egs/build_your_own_voice/s1/experiments/eva_laused/acoustic_model/data/label_state_align/lause01648.lab, 205 labels
2025-05-09 13:59:41,872     INFO         labels: loaded /home/meelis/merlin/egs/build_your_own_voice/s1/experiments/eva_laused/acoustic_model/data/label_state_align/lause01529.lab, 195 labels
2025-05-09 13:59:41,908     INFO         labels: loaded /home/meelis/merlin/egs/build_your_own_voice/s1/experiments/eva_laused/acoustic_model/data/label_state_align/lause01490.lab, 150 labels
2025-05-09 13:59:41,910     INFO         labels: loaded /home/meelis/merlin/egs/build_your_own_voice/s1/experiments/eva_laused/acoustic_model/data/label_state_align/lause01382.lab, 180 labels
2025-05-09 13:59:41,924     INFO         labels: loaded /home/meelis/merlin/egs/build_your_own_voice/s1/experiments/eva_laused/acoustic_model/data/label_state_align/lause01707.lab, 350 labels
2025-05-09 13:59:41,980     INFO         labels: loaded /home/meelis/merlin/egs/build_your_own_voice/s1/experiments/eva_laused/acoustic_model/data/label_state_align/lause01319.lab, 170 labels
2025-05-09 13:59:42,097     INFO         labels: loaded /home/meelis/merlin/egs/build_your_own_voice/s1/experiments/eva_laused/acoustic_model/data/label_state_align/lause01491.lab, 205 labels
2025-05-09 13:59:42,128     INFO         labels: loaded /home/meelis/merlin/egs/build_your_own_voice/s1/experiments/eva_laused/acoustic_model/data/label_state_align/lause01409.lab, 535 labels
2025-05-09 13:59:42,135     INFO         labels: loaded /home/meelis/merlin/egs/build_your_own_voice/s1/experiments/eva_laused/acoustic_model/data/label_state_align/lause01383.lab, 210 labels
2025-05-09 13:59:42,282     INFO         labels: loaded /home/meelis/merlin/egs/build_your_own_voice/s1/experiments/eva_laused/acoustic_model/data/label_state_align/lause01530.lab, 220 labels
2025-05-09 13:59:42,412     INFO         labels: loaded /home/meelis/merlin/egs/build_your_own_voice/s1/experiments/eva_laused/acoustic_model/data/label_state_align/lause01492.lab, 105 labels
2025-05-09 13:59:42,417     INFO         labels: loaded /home/meelis/merlin/egs/build_your_own_voice/s1/experiments/eva_laused/acoustic_model/data/label_state_align/lause01588.lab, 255 labels
2025-05-09 13:59:42,427     INFO         labels: loaded /home/meelis/merlin/egs/build_your_own_voice/s1/experiments/eva_laused/acoustic_model/data/label_state_align/lause01384.lab, 295 labels
2025-05-09 13:59:42,432     INFO         labels: loaded /home/meelis/merlin/egs/build_your_own_voice/s1/experiments/eva_laused/acoustic_model/data/label_state_align/lause01649.lab, 255 labels
2025-05-09 13:59:42,479     INFO         labels: loaded /home/meelis/merlin/egs/build_your_own_voice/s1/experiments/eva_laused/acoustic_model/data/label_state_align/lause01320.lab, 155 labels
2025-05-09 13:59:42,510     INFO         labels: loaded /home/meelis/merlin/egs/build_your_own_voice/s1/experiments/eva_laused/acoustic_model/data/label_state_align/lause01493.lab, 165 labels
2025-05-09 13:59:42,529     INFO         labels: loaded /home/meelis/merlin/egs/build_your_own_voice/s1/experiments/eva_laused/acoustic_model/data/label_state_align/lause01708.lab, 230 labels
2025-05-09 13:59:42,839     INFO         labels: loaded /home/meelis/merlin/egs/build_your_own_voice/s1/experiments/eva_laused/acoustic_model/data/label_state_align/lause01494.lab, 140 labels
2025-05-09 13:59:42,873     INFO         labels: loaded /home/meelis/merlin/egs/build_your_own_voice/s1/experiments/eva_laused/acoustic_model/data/label_state_align/lause01321.lab, 125 labels
2025-05-09 13:59:42,894     INFO         labels: loaded /home/meelis/merlin/egs/build_your_own_voice/s1/experiments/eva_laused/acoustic_model/data/label_state_align/lause01385.lab, 315 labels
2025-05-09 13:59:42,929     INFO         labels: loaded /home/meelis/merlin/egs/build_your_own_voice/s1/experiments/eva_laused/acoustic_model/data/label_state_align/lause01531.lab, 375 labels
2025-05-09 13:59:42,969     INFO         labels: loaded /home/meelis/merlin/egs/build_your_own_voice/s1/experiments/eva_laused/acoustic_model/data/label_state_align/lause01709.lab,  95 labels
2025-05-09 13:59:42,991     INFO         labels: loaded /home/meelis/merlin/egs/build_your_own_voice/s1/experiments/eva_laused/acoustic_model/data/label_state_align/lause01410.lab, 205 labels
2025-05-09 13:59:43,019     INFO         labels: loaded /home/meelis/merlin/egs/build_your_own_voice/s1/experiments/eva_laused/acoustic_model/data/label_state_align/lause01495.lab,  90 labels
2025-05-09 13:59:43,060     INFO         labels: loaded /home/meelis/merlin/egs/build_your_own_voice/s1/experiments/eva_laused/acoustic_model/data/label_state_align/lause01650.lab, 310 labels
2025-05-09 13:59:43,137     INFO         labels: loaded /home/meelis/merlin/egs/build_your_own_voice/s1/experiments/eva_laused/acoustic_model/data/label_state_align/lause01589.lab, 235 labels
2025-05-09 13:59:43,164     INFO         labels: loaded /home/meelis/merlin/egs/build_your_own_voice/s1/experiments/eva_laused/acoustic_model/data/label_state_align/lause01322.lab, 170 labels
2025-05-09 13:59:43,202     INFO         labels: loaded /home/meelis/merlin/egs/build_your_own_voice/s1/experiments/eva_laused/acoustic_model/data/label_state_align/lause01710.lab, 220 labels
2025-05-09 13:59:43,210     INFO         labels: loaded /home/meelis/merlin/egs/build_your_own_voice/s1/experiments/eva_laused/acoustic_model/data/label_state_align/lause01496.lab, 185 labels
2025-05-09 13:59:43,246     INFO         labels: loaded /home/meelis/merlin/egs/build_your_own_voice/s1/experiments/eva_laused/acoustic_model/data/label_state_align/lause01386.lab, 275 labels
2025-05-09 13:59:43,438     INFO         labels: loaded /home/meelis/merlin/egs/build_your_own_voice/s1/experiments/eva_laused/acoustic_model/data/label_state_align/lause01497.lab, 165 labels
2025-05-09 13:59:43,525     INFO         labels: loaded /home/meelis/merlin/egs/build_your_own_voice/s1/experiments/eva_laused/acoustic_model/data/label_state_align/lause01411.lab, 285 labels
2025-05-09 13:59:43,537     INFO         labels: loaded /home/meelis/merlin/egs/build_your_own_voice/s1/experiments/eva_laused/acoustic_model/data/label_state_align/lause01323.lab, 150 labels
2025-05-09 13:59:43,598     INFO         labels: loaded /home/meelis/merlin/egs/build_your_own_voice/s1/experiments/eva_laused/acoustic_model/data/label_state_align/lause01387.lab, 450 labels
2025-05-09 13:59:43,659     INFO         labels: loaded /home/meelis/merlin/egs/build_your_own_voice/s1/experiments/eva_laused/acoustic_model/data/label_state_align/lause01711.lab, 385 labels
2025-05-09 13:59:43,705     INFO         labels: loaded /home/meelis/merlin/egs/build_your_own_voice/s1/experiments/eva_laused/acoustic_model/data/label_state_align/lause01498.lab, 155 labels
2025-05-09 13:59:43,717     INFO         labels: loaded /home/meelis/merlin/egs/build_your_own_voice/s1/experiments/eva_laused/acoustic_model/data/label_state_align/lause01532.lab, 300 labels
2025-05-09 13:59:43,809     INFO         labels: loaded /home/meelis/merlin/egs/build_your_own_voice/s1/experiments/eva_laused/acoustic_model/data/label_state_align/lause01651.lab, 215 labels
2025-05-09 13:59:43,838     INFO         labels: loaded /home/meelis/merlin/egs/build_your_own_voice/s1/experiments/eva_laused/acoustic_model/data/label_state_align/lause01590.lab, 260 labels
2025-05-09 13:59:43,965     INFO         labels: loaded /home/meelis/merlin/egs/build_your_own_voice/s1/experiments/eva_laused/acoustic_model/data/label_state_align/lause01324.lab, 180 labels
2025-05-09 13:59:43,993     INFO         labels: loaded /home/meelis/merlin/egs/build_your_own_voice/s1/experiments/eva_laused/acoustic_model/data/label_state_align/lause01499.lab,  50 labels
2025-05-09 13:59:44,141     INFO         labels: loaded /home/meelis/merlin/egs/build_your_own_voice/s1/experiments/eva_laused/acoustic_model/data/label_state_align/lause01388.lab, 280 labels
2025-05-09 13:59:44,146     INFO         labels: loaded /home/meelis/merlin/egs/build_your_own_voice/s1/experiments/eva_laused/acoustic_model/data/label_state_align/lause01500.lab, 105 labels
2025-05-09 13:59:44,169     INFO         labels: loaded /home/meelis/merlin/egs/build_your_own_voice/s1/experiments/eva_laused/acoustic_model/data/label_state_align/lause01412.lab, 270 labels
2025-05-09 13:59:44,274     INFO         labels: loaded /home/meelis/merlin/egs/build_your_own_voice/s1/experiments/eva_laused/acoustic_model/data/label_state_align/lause01712.lab, 265 labels
2025-05-09 13:59:44,353     INFO         labels: loaded /home/meelis/merlin/egs/build_your_own_voice/s1/experiments/eva_laused/acoustic_model/data/label_state_align/lause01501.lab, 215 labels
2025-05-09 13:59:44,419     INFO         labels: loaded /home/meelis/merlin/egs/build_your_own_voice/s1/experiments/eva_laused/acoustic_model/data/label_state_align/lause01533.lab, 305 labels
2025-05-09 13:59:44,438     INFO         labels: loaded /home/meelis/merlin/egs/build_your_own_voice/s1/experiments/eva_laused/acoustic_model/data/label_state_align/lause01325.lab, 200 labels
2025-05-09 13:59:44,486     INFO         labels: loaded /home/meelis/merlin/egs/build_your_own_voice/s1/experiments/eva_laused/acoustic_model/data/label_state_align/lause01389.lab, 355 labels
2025-05-09 13:59:44,521     INFO         labels: loaded /home/meelis/merlin/egs/build_your_own_voice/s1/experiments/eva_laused/acoustic_model/data/label_state_align/lause01652.lab, 270 labels
2025-05-09 13:59:44,589     INFO         labels: loaded /home/meelis/merlin/egs/build_your_own_voice/s1/experiments/eva_laused/acoustic_model/data/label_state_align/lause01591.lab, 210 labels
2025-05-09 13:59:44,598     INFO         labels: loaded /home/meelis/merlin/egs/build_your_own_voice/s1/experiments/eva_laused/acoustic_model/data/label_state_align/lause01502.lab, 370 labels
2025-05-09 13:59:44,806     INFO         labels: loaded /home/meelis/merlin/egs/build_your_own_voice/s1/experiments/eva_laused/acoustic_model/data/label_state_align/lause01713.lab, 235 labels
2025-05-09 13:59:44,831     INFO         labels: loaded /home/meelis/merlin/egs/build_your_own_voice/s1/experiments/eva_laused/acoustic_model/data/label_state_align/lause01413.lab, 305 labels
2025-05-09 13:59:44,846     INFO         labels: loaded /home/meelis/merlin/egs/build_your_own_voice/s1/experiments/eva_laused/acoustic_model/data/label_state_align/lause01768.lab, 185 labels
2025-05-09 13:59:44,976     INFO         labels: loaded /home/meelis/merlin/egs/build_your_own_voice/s1/experiments/eva_laused/acoustic_model/data/label_state_align/lause01831.lab, 250 labels
2025-05-09 13:59:45,083     INFO         labels: loaded /home/meelis/merlin/egs/build_your_own_voice/s1/experiments/eva_laused/acoustic_model/data/label_state_align/lause01503.lab, 145 labels
2025-05-09 13:59:45,102     INFO         labels: loaded /home/meelis/merlin/egs/build_your_own_voice/s1/experiments/eva_laused/acoustic_model/data/label_state_align/lause01534.lab, 310 labels
2025-05-09 13:59:45,177     INFO         labels: loaded /home/meelis/merlin/egs/build_your_own_voice/s1/experiments/eva_laused/acoustic_model/data/label_state_align/lause01592.lab, 340 labels
2025-05-09 13:59:45,235     INFO         labels: loaded /home/meelis/merlin/egs/build_your_own_voice/s1/experiments/eva_laused/acoustic_model/data/label_state_align/lause01714.lab, 230 labels
2025-05-09 13:59:45,241     INFO         labels: loaded /home/meelis/merlin/egs/build_your_own_voice/s1/experiments/eva_laused/acoustic_model/data/label_state_align/lause01653.lab, 355 labels
2025-05-09 13:59:45,247     INFO         labels: loaded /home/meelis/merlin/egs/build_your_own_voice/s1/experiments/eva_laused/acoustic_model/data/label_state_align/lause01504.lab, 170 labels
2025-05-09 13:59:45,278     INFO         labels: loaded /home/meelis/merlin/egs/build_your_own_voice/s1/experiments/eva_laused/acoustic_model/data/label_state_align/lause01832.lab, 200 labels
2025-05-09 13:59:45,292     INFO         labels: loaded /home/meelis/merlin/egs/build_your_own_voice/s1/experiments/eva_laused/acoustic_model/data/label_state_align/lause01769.lab, 235 labels
2025-05-09 13:59:45,446     INFO         labels: loaded /home/meelis/merlin/egs/build_your_own_voice/s1/experiments/eva_laused/acoustic_model/data/label_state_align/lause01505.lab, 205 labels
2025-05-09 13:59:45,459     INFO         labels: loaded /home/meelis/merlin/egs/build_your_own_voice/s1/experiments/eva_laused/acoustic_model/data/label_state_align/lause01414.lab, 485 labels
2025-05-09 13:59:45,609     INFO         labels: loaded /home/meelis/merlin/egs/build_your_own_voice/s1/experiments/eva_laused/acoustic_model/data/label_state_align/lause01833.lab, 225 labels
2025-05-09 13:59:45,617     INFO         labels: loaded /home/meelis/merlin/egs/build_your_own_voice/s1/experiments/eva_laused/acoustic_model/data/label_state_align/lause01715.lab, 290 labels
2025-05-09 13:59:45,661     INFO         labels: loaded /home/meelis/merlin/egs/build_your_own_voice/s1/experiments/eva_laused/acoustic_model/data/label_state_align/lause01506.lab, 295 labels
2025-05-09 13:59:45,783     INFO         labels: loaded /home/meelis/merlin/egs/build_your_own_voice/s1/experiments/eva_laused/acoustic_model/data/label_state_align/lause01770.lab, 270 labels
2025-05-09 13:59:45,791     INFO         labels: loaded /home/meelis/merlin/egs/build_your_own_voice/s1/experiments/eva_laused/acoustic_model/data/label_state_align/lause01535.lab, 335 labels
2025-05-09 13:59:45,952     INFO         labels: loaded /home/meelis/merlin/egs/build_your_own_voice/s1/experiments/eva_laused/acoustic_model/data/label_state_align/lause01834.lab, 240 labels
2025-05-09 13:59:45,983     INFO         labels: loaded /home/meelis/merlin/egs/build_your_own_voice/s1/experiments/eva_laused/acoustic_model/data/label_state_align/lause01593.lab, 215 labels
2025-05-09 13:59:46,013     INFO         labels: loaded /home/meelis/merlin/egs/build_your_own_voice/s1/experiments/eva_laused/acoustic_model/data/label_state_align/lause01654.lab, 310 labels
2025-05-09 13:59:46,120     INFO         labels: loaded /home/meelis/merlin/egs/build_your_own_voice/s1/experiments/eva_laused/acoustic_model/data/label_state_align/lause01507.lab, 260 labels
2025-05-09 13:59:46,142     INFO         labels: loaded /home/meelis/merlin/egs/build_your_own_voice/s1/experiments/eva_laused/acoustic_model/data/label_state_align/lause01716.lab, 260 labels
2025-05-09 13:59:46,401     INFO         labels: loaded /home/meelis/merlin/egs/build_your_own_voice/s1/experiments/eva_laused/acoustic_model/data/label_state_align/lause01771.lab, 130 labels
2025-05-09 13:59:46,419     INFO         labels: loaded /home/meelis/merlin/egs/build_your_own_voice/s1/experiments/eva_laused/acoustic_model/data/label_state_align/lause01415.lab, 270 labels
2025-05-09 13:59:46,421     INFO         labels: loaded /home/meelis/merlin/egs/build_your_own_voice/s1/experiments/eva_laused/acoustic_model/data/label_state_align/lause01508.lab, 360 labels
2025-05-09 13:59:46,450     INFO         labels: loaded /home/meelis/merlin/egs/build_your_own_voice/s1/experiments/eva_laused/acoustic_model/data/label_state_align/lause01835.lab, 360 labels
2025-05-09 13:59:46,672     INFO         labels: loaded /home/meelis/merlin/egs/build_your_own_voice/s1/experiments/eva_laused/acoustic_model/data/label_state_align/lause01772.lab, 105 labels
2025-05-09 13:59:46,680     INFO         labels: loaded /home/meelis/merlin/egs/build_your_own_voice/s1/experiments/eva_laused/acoustic_model/data/label_state_align/lause01717.lab, 510 labels
2025-05-09 13:59:46,680     INFO         labels: loaded /home/meelis/merlin/egs/build_your_own_voice/s1/experiments/eva_laused/acoustic_model/data/label_state_align/lause01594.lab, 255 labels
2025-05-09 13:59:46,757     INFO         labels: loaded /home/meelis/merlin/egs/build_your_own_voice/s1/experiments/eva_laused/acoustic_model/data/label_state_align/lause01536.lab, 250 labels
2025-05-09 13:59:46,920     INFO         labels: loaded /home/meelis/merlin/egs/build_your_own_voice/s1/experiments/eva_laused/acoustic_model/data/label_state_align/lause01509.lab, 345 labels
2025-05-09 13:59:46,949     INFO         labels: loaded /home/meelis/merlin/egs/build_your_own_voice/s1/experiments/eva_laused/acoustic_model/data/label_state_align/lause01655.lab, 290 labels
2025-05-09 13:59:46,957     INFO         labels: loaded /home/meelis/merlin/egs/build_your_own_voice/s1/experiments/eva_laused/acoustic_model/data/label_state_align/lause01773.lab,  80 labels
2025-05-09 13:59:46,963     INFO         labels: loaded /home/meelis/merlin/egs/build_your_own_voice/s1/experiments/eva_laused/acoustic_model/data/label_state_align/lause01836.lab, 235 labels
2025-05-09 13:59:47,094     INFO         labels: loaded /home/meelis/merlin/egs/build_your_own_voice/s1/experiments/eva_laused/acoustic_model/data/label_state_align/lause01416.lab, 285 labels
2025-05-09 13:59:47,263     INFO         labels: loaded /home/meelis/merlin/egs/build_your_own_voice/s1/experiments/eva_laused/acoustic_model/data/label_state_align/lause01774.lab, 130 labels
2025-05-09 13:59:47,291     INFO         labels: loaded /home/meelis/merlin/egs/build_your_own_voice/s1/experiments/eva_laused/acoustic_model/data/label_state_align/lause01837.lab, 250 labels
2025-05-09 13:59:47,299     INFO         labels: loaded /home/meelis/merlin/egs/build_your_own_voice/s1/experiments/eva_laused/acoustic_model/data/label_state_align/lause01718.lab, 225 labels
2025-05-09 13:59:47,328     INFO         labels: loaded /home/meelis/merlin/egs/build_your_own_voice/s1/experiments/eva_laused/acoustic_model/data/label_state_align/lause01510.lab, 235 labels
2025-05-09 13:59:47,344     INFO         labels: loaded /home/meelis/merlin/egs/build_your_own_voice/s1/experiments/eva_laused/acoustic_model/data/label_state_align/lause01537.lab,  90 labels
2025-05-09 13:59:47,562     INFO         labels: loaded /home/meelis/merlin/egs/build_your_own_voice/s1/experiments/eva_laused/acoustic_model/data/label_state_align/lause01595.lab, 235 labels
2025-05-09 13:59:47,626     INFO         labels: loaded /home/meelis/merlin/egs/build_your_own_voice/s1/experiments/eva_laused/acoustic_model/data/label_state_align/lause01511.lab, 340 labels
2025-05-09 13:59:47,652     INFO         labels: loaded /home/meelis/merlin/egs/build_your_own_voice/s1/experiments/eva_laused/acoustic_model/data/label_state_align/lause01838.lab, 265 labels
2025-05-09 13:59:47,681     INFO         labels: loaded /home/meelis/merlin/egs/build_your_own_voice/s1/experiments/eva_laused/acoustic_model/data/label_state_align/lause01417.lab, 210 labels
2025-05-09 13:59:47,689     INFO         labels: loaded /home/meelis/merlin/egs/build_your_own_voice/s1/experiments/eva_laused/acoustic_model/data/label_state_align/lause01775.lab, 280 labels
2025-05-09 13:59:47,725     INFO         labels: loaded /home/meelis/merlin/egs/build_your_own_voice/s1/experiments/eva_laused/acoustic_model/data/label_state_align/lause01538.lab, 230 labels
2025-05-09 13:59:47,732     INFO         labels: loaded /home/meelis/merlin/egs/build_your_own_voice/s1/experiments/eva_laused/acoustic_model/data/label_state_align/lause01719.lab, 355 labels
2025-05-09 13:59:47,851     INFO         labels: loaded /home/meelis/merlin/egs/build_your_own_voice/s1/experiments/eva_laused/acoustic_model/data/label_state_align/lause01656.lab, 245 labels
2025-05-09 13:59:47,930     INFO         labels: loaded /home/meelis/merlin/egs/build_your_own_voice/s1/experiments/eva_laused/acoustic_model/data/label_state_align/lause01839.lab, 255 labels
2025-05-09 13:59:47,943     INFO         labels: loaded /home/meelis/merlin/egs/build_your_own_voice/s1/experiments/eva_laused/acoustic_model/data/label_state_align/lause01512.lab, 355 labels
2025-05-09 13:59:48,168     INFO         labels: loaded /home/meelis/merlin/egs/build_your_own_voice/s1/experiments/eva_laused/acoustic_model/data/label_state_align/lause01418.lab, 260 labels
2025-05-09 13:59:48,171     INFO         labels: loaded /home/meelis/merlin/egs/build_your_own_voice/s1/experiments/eva_laused/acoustic_model/data/label_state_align/lause01776.lab, 150 labels
2025-05-09 13:59:48,173     INFO         labels: loaded /home/meelis/merlin/egs/build_your_own_voice/s1/experiments/eva_laused/acoustic_model/data/label_state_align/lause01720.lab, 305 labels
2025-05-09 13:59:48,184     INFO         labels: loaded /home/meelis/merlin/egs/build_your_own_voice/s1/experiments/eva_laused/acoustic_model/data/label_state_align/lause01596.lab, 245 labels
2025-05-09 13:59:48,301     INFO         labels: loaded /home/meelis/merlin/egs/build_your_own_voice/s1/experiments/eva_laused/acoustic_model/data/label_state_align/lause01840.lab, 285 labels
2025-05-09 13:59:48,315     INFO         labels: loaded /home/meelis/merlin/egs/build_your_own_voice/s1/experiments/eva_laused/acoustic_model/data/label_state_align/lause01539.lab, 190 labels
2025-05-09 13:59:48,393     INFO         labels: loaded /home/meelis/merlin/egs/build_your_own_voice/s1/experiments/eva_laused/acoustic_model/data/label_state_align/lause01513.lab, 320 labels
2025-05-09 13:59:48,556     INFO         labels: loaded /home/meelis/merlin/egs/build_your_own_voice/s1/experiments/eva_laused/acoustic_model/data/label_state_align/lause01777.lab, 180 labels
2025-05-09 13:59:48,617     INFO         labels: loaded /home/meelis/merlin/egs/build_your_own_voice/s1/experiments/eva_laused/acoustic_model/data/label_state_align/lause01721.lab, 345 labels
2025-05-09 13:59:48,621     INFO         labels: loaded /home/meelis/merlin/egs/build_your_own_voice/s1/experiments/eva_laused/acoustic_model/data/label_state_align/lause01419.lab, 400 labels
2025-05-09 13:59:49,101     INFO         labels: loaded /home/meelis/merlin/egs/build_your_own_voice/s1/experiments/eva_laused/acoustic_model/data/label_state_align/lause01722.lab, 195 labels
2025-05-09 13:59:49,102     INFO         labels: loaded /home/meelis/merlin/egs/build_your_own_voice/s1/experiments/eva_laused/acoustic_model/data/label_state_align/lause01778.lab, 315 labels
2025-05-09 13:59:49,133     INFO         labels: loaded /home/meelis/merlin/egs/build_your_own_voice/s1/experiments/eva_laused/acoustic_model/data/label_state_align/lause01597.lab, 145 labels
2025-05-09 13:59:49,133     INFO         labels: loaded /home/meelis/merlin/egs/build_your_own_voice/s1/experiments/eva_laused/acoustic_model/data/label_state_align/lause01657.lab, 160 labels
2025-05-09 13:59:49,134     INFO         labels: loaded /home/meelis/merlin/egs/build_your_own_voice/s1/experiments/eva_laused/acoustic_model/data/label_state_align/lause01540.lab, 220 labels
2025-05-09 13:59:49,171     INFO         labels: loaded /home/meelis/merlin/egs/build_your_own_voice/s1/experiments/eva_laused/acoustic_model/data/label_state_align/lause01723.lab, 220 labels
2025-05-09 13:59:49,197     INFO         labels: loaded /home/meelis/merlin/egs/build_your_own_voice/s1/experiments/eva_laused/acoustic_model/data/label_state_align/lause01514.lab, 215 labels
2025-05-09 13:59:49,200     INFO         labels: loaded /home/meelis/merlin/egs/build_your_own_voice/s1/experiments/eva_laused/acoustic_model/data/label_state_align/lause01841.lab, 305 labels
2025-05-09 13:59:49,205     INFO         labels: loaded /home/meelis/merlin/egs/build_your_own_voice/s1/experiments/eva_laused/acoustic_model/data/label_state_align/lause01420.lab, 275 labels
2025-05-09 13:59:49,300     INFO         labels: loaded /home/meelis/merlin/egs/build_your_own_voice/s1/experiments/eva_laused/acoustic_model/data/label_state_align/lause01779.lab, 235 labels
2025-05-09 13:59:49,498     INFO         labels: loaded /home/meelis/merlin/egs/build_your_own_voice/s1/experiments/eva_laused/acoustic_model/data/label_state_align/lause01598.lab, 150 labels
2025-05-09 13:59:49,500     INFO         labels: loaded /home/meelis/merlin/egs/build_your_own_voice/s1/experiments/eva_laused/acoustic_model/data/label_state_align/lause01515.lab, 465 labels
2025-05-09 13:59:49,586     INFO         labels: loaded /home/meelis/merlin/egs/build_your_own_voice/s1/experiments/eva_laused/acoustic_model/data/label_state_align/lause01724.lab, 175 labels
2025-05-09 13:59:49,590     INFO         labels: loaded /home/meelis/merlin/egs/build_your_own_voice/s1/experiments/eva_laused/acoustic_model/data/label_state_align/lause01658.lab, 190 labels
2025-05-09 13:59:49,695     INFO         labels: loaded /home/meelis/merlin/egs/build_your_own_voice/s1/experiments/eva_laused/acoustic_model/data/label_state_align/lause01541.lab, 260 labels
2025-05-09 13:59:49,766     INFO         labels: loaded /home/meelis/merlin/egs/build_your_own_voice/s1/experiments/eva_laused/acoustic_model/data/label_state_align/lause01780.lab, 180 labels
2025-05-09 13:59:49,767     INFO         labels: loaded /home/meelis/merlin/egs/build_your_own_voice/s1/experiments/eva_laused/acoustic_model/data/label_state_align/lause01842.lab, 295 labels
2025-05-09 13:59:49,824     INFO         labels: loaded /home/meelis/merlin/egs/build_your_own_voice/s1/experiments/eva_laused/acoustic_model/data/label_state_align/lause01421.lab, 280 labels
2025-05-09 13:59:49,904     INFO         labels: loaded /home/meelis/merlin/egs/build_your_own_voice/s1/experiments/eva_laused/acoustic_model/data/label_state_align/lause01599.lab, 155 labels
2025-05-09 13:59:49,943     INFO         labels: loaded /home/meelis/merlin/egs/build_your_own_voice/s1/experiments/eva_laused/acoustic_model/data/label_state_align/lause01725.lab, 205 labels
2025-05-09 13:59:49,956     INFO         labels: loaded /home/meelis/merlin/egs/build_your_own_voice/s1/experiments/eva_laused/acoustic_model/data/label_state_align/lause01894.lab, 225 labels
2025-05-09 13:59:50,061     INFO         labels: loaded /home/meelis/merlin/egs/build_your_own_voice/s1/experiments/eva_laused/acoustic_model/data/label_state_align/lause01843.lab, 270 labels
2025-05-09 13:59:50,123     INFO         labels: loaded /home/meelis/merlin/egs/build_your_own_voice/s1/experiments/eva_laused/acoustic_model/data/label_state_align/lause01659.lab, 155 labels
2025-05-09 13:59:50,139     INFO         labels: loaded /home/meelis/merlin/egs/build_your_own_voice/s1/experiments/eva_laused/acoustic_model/data/label_state_align/lause01781.lab, 205 labels
2025-05-09 13:59:50,198     INFO         labels: loaded /home/meelis/merlin/egs/build_your_own_voice/s1/experiments/eva_laused/acoustic_model/data/label_state_align/lause01895.lab, 170 labels
2025-05-09 13:59:50,245     INFO         labels: loaded /home/meelis/merlin/egs/build_your_own_voice/s1/experiments/eva_laused/acoustic_model/data/label_state_align/lause01422.lab, 330 labels
2025-05-09 13:59:50,253     INFO         labels: loaded /home/meelis/merlin/egs/build_your_own_voice/s1/experiments/eva_laused/acoustic_model/data/label_state_align/lause01542.lab, 235 labels
2025-05-09 13:59:50,307     INFO         labels: loaded /home/meelis/merlin/egs/build_your_own_voice/s1/experiments/eva_laused/acoustic_model/data/label_state_align/lause01726.lab, 160 labels
2025-05-09 13:59:50,349     INFO         labels: loaded /home/meelis/merlin/egs/build_your_own_voice/s1/experiments/eva_laused/acoustic_model/data/label_state_align/lause01600.lab, 115 labels
2025-05-09 13:59:50,374     INFO         labels: loaded /home/meelis/merlin/egs/build_your_own_voice/s1/experiments/eva_laused/acoustic_model/data/label_state_align/lause01896.lab, 140 labels
2025-05-09 13:59:50,401     INFO         labels: loaded /home/meelis/merlin/egs/build_your_own_voice/s1/experiments/eva_laused/acoustic_model/data/label_state_align/lause01844.lab, 200 labels
2025-05-09 13:59:50,552     INFO         labels: loaded /home/meelis/merlin/egs/build_your_own_voice/s1/experiments/eva_laused/acoustic_model/data/label_state_align/lause01782.lab, 255 labels
2025-05-09 13:59:50,558     INFO         labels: loaded /home/meelis/merlin/egs/build_your_own_voice/s1/experiments/eva_laused/acoustic_model/data/label_state_align/lause01897.lab, 145 labels
2025-05-09 13:59:50,560     INFO         labels: loaded /home/meelis/merlin/egs/build_your_own_voice/s1/experiments/eva_laused/acoustic_model/data/label_state_align/lause01727.lab, 140 labels
2025-05-09 13:59:50,569     INFO         labels: loaded /home/meelis/merlin/egs/build_your_own_voice/s1/experiments/eva_laused/acoustic_model/data/label_state_align/lause01660.lab, 390 labels
2025-05-09 13:59:50,678     INFO         labels: loaded /home/meelis/merlin/egs/build_your_own_voice/s1/experiments/eva_laused/acoustic_model/data/label_state_align/lause01845.lab, 235 labels
2025-05-09 13:59:50,751     INFO         labels: loaded /home/meelis/merlin/egs/build_your_own_voice/s1/experiments/eva_laused/acoustic_model/data/label_state_align/lause01898.lab, 110 labels
2025-05-09 13:59:50,759     INFO         labels: loaded /home/meelis/merlin/egs/build_your_own_voice/s1/experiments/eva_laused/acoustic_model/data/label_state_align/lause01601.lab, 405 labels
2025-05-09 13:59:50,788     INFO         labels: loaded /home/meelis/merlin/egs/build_your_own_voice/s1/experiments/eva_laused/acoustic_model/data/label_state_align/lause01423.lab, 280 labels
2025-05-09 13:59:50,798     INFO         labels: loaded /home/meelis/merlin/egs/build_your_own_voice/s1/experiments/eva_laused/acoustic_model/data/label_state_align/lause01543.lab, 200 labels
2025-05-09 13:59:50,877     INFO         labels: loaded /home/meelis/merlin/egs/build_your_own_voice/s1/experiments/eva_laused/acoustic_model/data/label_state_align/lause01728.lab, 105 labels
2025-05-09 13:59:50,978     INFO         labels: loaded /home/meelis/merlin/egs/build_your_own_voice/s1/experiments/eva_laused/acoustic_model/data/label_state_align/lause01899.lab, 195 labels
2025-05-09 13:59:51,007     INFO         labels: loaded /home/meelis/merlin/egs/build_your_own_voice/s1/experiments/eva_laused/acoustic_model/data/label_state_align/lause01783.lab, 285 labels
2025-05-09 13:59:51,018     INFO         labels: loaded /home/meelis/merlin/egs/build_your_own_voice/s1/experiments/eva_laused/acoustic_model/data/label_state_align/lause01846.lab, 135 labels
2025-05-09 13:59:51,193     INFO         labels: loaded /home/meelis/merlin/egs/build_your_own_voice/s1/experiments/eva_laused/acoustic_model/data/label_state_align/lause01729.lab, 140 labels
2025-05-09 13:59:51,233     INFO         labels: loaded /home/meelis/merlin/egs/build_your_own_voice/s1/experiments/eva_laused/acoustic_model/data/label_state_align/lause01900.lab, 250 labels
2025-05-09 13:59:51,266     INFO         labels: loaded /home/meelis/merlin/egs/build_your_own_voice/s1/experiments/eva_laused/acoustic_model/data/label_state_align/lause01847.lab, 245 labels
2025-05-09 13:59:51,398     INFO         labels: loaded /home/meelis/merlin/egs/build_your_own_voice/s1/experiments/eva_laused/acoustic_model/data/label_state_align/lause01544.lab, 310 labels
2025-05-09 13:59:51,476     INFO         labels: loaded /home/meelis/merlin/egs/build_your_own_voice/s1/experiments/eva_laused/acoustic_model/data/label_state_align/lause01661.lab, 155 labels
2025-05-09 13:59:51,508     INFO         labels: loaded /home/meelis/merlin/egs/build_your_own_voice/s1/experiments/eva_laused/acoustic_model/data/label_state_align/lause01424.lab, 330 labels
2025-05-09 13:59:51,532     INFO         labels: loaded /home/meelis/merlin/egs/build_your_own_voice/s1/experiments/eva_laused/acoustic_model/data/label_state_align/lause01784.lab, 250 labels
2025-05-09 13:59:51,575     INFO         labels: loaded /home/meelis/merlin/egs/build_your_own_voice/s1/experiments/eva_laused/acoustic_model/data/label_state_align/lause01730.lab, 145 labels
2025-05-09 13:59:51,675     INFO         labels: loaded /home/meelis/merlin/egs/build_your_own_voice/s1/experiments/eva_laused/acoustic_model/data/label_state_align/lause01901.lab, 180 labels
2025-05-09 13:59:51,697     INFO         labels: loaded /home/meelis/merlin/egs/build_your_own_voice/s1/experiments/eva_laused/acoustic_model/data/label_state_align/lause01848.lab, 125 labels
2025-05-09 13:59:51,768     INFO         labels: loaded /home/meelis/merlin/egs/build_your_own_voice/s1/experiments/eva_laused/acoustic_model/data/label_state_align/lause01602.lab, 190 labels
2025-05-09 13:59:51,862     INFO         labels: loaded /home/meelis/merlin/egs/build_your_own_voice/s1/experiments/eva_laused/acoustic_model/data/label_state_align/lause01731.lab, 100 labels
2025-05-09 13:59:51,874     INFO         labels: loaded /home/meelis/merlin/egs/build_your_own_voice/s1/experiments/eva_laused/acoustic_model/data/label_state_align/lause01902.lab, 295 labels
2025-05-09 13:59:51,894     INFO         labels: loaded /home/meelis/merlin/egs/build_your_own_voice/s1/experiments/eva_laused/acoustic_model/data/label_state_align/lause01849.lab, 155 labels
2025-05-09 13:59:52,022     INFO         labels: loaded /home/meelis/merlin/egs/build_your_own_voice/s1/experiments/eva_laused/acoustic_model/data/label_state_align/lause01785.lab, 105 labels
2025-05-09 13:59:52,084     INFO         labels: loaded /home/meelis/merlin/egs/build_your_own_voice/s1/experiments/eva_laused/acoustic_model/data/label_state_align/lause01662.lab, 205 labels
2025-05-09 13:59:52,103     INFO         labels: loaded /home/meelis/merlin/egs/build_your_own_voice/s1/experiments/eva_laused/acoustic_model/data/label_state_align/lause01732.lab,  80 labels
2025-05-09 13:59:52,109     INFO         labels: loaded /home/meelis/merlin/egs/build_your_own_voice/s1/experiments/eva_laused/acoustic_model/data/label_state_align/lause01545.lab, 345 labels
2025-05-09 13:59:52,178     INFO         labels: loaded /home/meelis/merlin/egs/build_your_own_voice/s1/experiments/eva_laused/acoustic_model/data/label_state_align/lause01850.lab, 145 labels
2025-05-09 13:59:52,204     INFO         labels: loaded /home/meelis/merlin/egs/build_your_own_voice/s1/experiments/eva_laused/acoustic_model/data/label_state_align/lause01903.lab, 220 labels
2025-05-09 13:59:52,221     INFO         labels: loaded /home/meelis/merlin/egs/build_your_own_voice/s1/experiments/eva_laused/acoustic_model/data/label_state_align/lause01425.lab, 165 labels
2025-05-09 13:59:52,255     INFO         labels: loaded /home/meelis/merlin/egs/build_your_own_voice/s1/experiments/eva_laused/acoustic_model/data/label_state_align/lause01733.lab, 145 labels
2025-05-09 13:59:52,280     INFO         labels: loaded /home/meelis/merlin/egs/build_your_own_voice/s1/experiments/eva_laused/acoustic_model/data/label_state_align/lause01786.lab, 290 labels
2025-05-09 13:59:52,314     INFO         labels: loaded /home/meelis/merlin/egs/build_your_own_voice/s1/experiments/eva_laused/acoustic_model/data/label_state_align/lause01603.lab, 195 labels
2025-05-09 13:59:52,352     INFO         labels: loaded /home/meelis/merlin/egs/build_your_own_voice/s1/experiments/eva_laused/acoustic_model/data/label_state_align/lause01851.lab, 150 labels
2025-05-09 13:59:52,429     INFO         labels: loaded /home/meelis/merlin/egs/build_your_own_voice/s1/experiments/eva_laused/acoustic_model/data/label_state_align/lause01904.lab, 245 labels
2025-05-09 13:59:52,536     INFO         labels: loaded /home/meelis/merlin/egs/build_your_own_voice/s1/experiments/eva_laused/acoustic_model/data/label_state_align/lause01734.lab, 150 labels
2025-05-09 13:59:52,619     INFO         labels: loaded /home/meelis/merlin/egs/build_your_own_voice/s1/experiments/eva_laused/acoustic_model/data/label_state_align/lause01426.lab, 130 labels
2025-05-09 13:59:52,624     INFO         labels: loaded /home/meelis/merlin/egs/build_your_own_voice/s1/experiments/eva_laused/acoustic_model/data/label_state_align/lause01852.lab, 180 labels
2025-05-09 13:59:52,656     INFO         labels: loaded /home/meelis/merlin/egs/build_your_own_voice/s1/experiments/eva_laused/acoustic_model/data/label_state_align/lause01663.lab, 210 labels
2025-05-09 13:59:52,771     INFO         labels: loaded /home/meelis/merlin/egs/build_your_own_voice/s1/experiments/eva_laused/acoustic_model/data/label_state_align/lause01546.lab, 335 labels
2025-05-09 13:59:52,832     INFO         labels: loaded /home/meelis/merlin/egs/build_your_own_voice/s1/experiments/eva_laused/acoustic_model/data/label_state_align/lause01604.lab, 120 labels
2025-05-09 13:59:52,835     INFO         labels: loaded /home/meelis/merlin/egs/build_your_own_voice/s1/experiments/eva_laused/acoustic_model/data/label_state_align/lause01905.lab, 160 labels
2025-05-09 13:59:52,837     INFO         labels: loaded /home/meelis/merlin/egs/build_your_own_voice/s1/experiments/eva_laused/acoustic_model/data/label_state_align/lause01787.lab, 200 labels
2025-05-09 13:59:52,874     INFO         labels: loaded /home/meelis/merlin/egs/build_your_own_voice/s1/experiments/eva_laused/acoustic_model/data/label_state_align/lause01853.lab, 250 labels
2025-05-09 13:59:52,897     INFO         labels: loaded /home/meelis/merlin/egs/build_your_own_voice/s1/experiments/eva_laused/acoustic_model/data/label_state_align/lause01735.lab,  85 labels
2025-05-09 13:59:53,006     INFO         labels: loaded /home/meelis/merlin/egs/build_your_own_voice/s1/experiments/eva_laused/acoustic_model/data/label_state_align/lause01427.lab, 145 labels
2025-05-09 13:59:53,058     INFO         labels: loaded /home/meelis/merlin/egs/build_your_own_voice/s1/experiments/eva_laused/acoustic_model/data/label_state_align/lause01906.lab, 155 labels
2025-05-09 13:59:53,145     INFO         labels: loaded /home/meelis/merlin/egs/build_your_own_voice/s1/experiments/eva_laused/acoustic_model/data/label_state_align/lause01736.lab,  35 labels
2025-05-09 13:59:53,196     INFO         labels: loaded /home/meelis/merlin/egs/build_your_own_voice/s1/experiments/eva_laused/acoustic_model/data/label_state_align/lause01788.lab, 140 labels
2025-05-09 13:59:53,206     INFO         labels: loaded /home/meelis/merlin/egs/build_your_own_voice/s1/experiments/eva_laused/acoustic_model/data/label_state_align/lause01854.lab, 140 labels
2025-05-09 13:59:53,214     INFO         labels: loaded /home/meelis/merlin/egs/build_your_own_voice/s1/experiments/eva_laused/acoustic_model/data/label_state_align/lause01605.lab, 350 labels
2025-05-09 13:59:53,260     INFO         labels: loaded /home/meelis/merlin/egs/build_your_own_voice/s1/experiments/eva_laused/acoustic_model/data/label_state_align/lause01907.lab, 235 labels
2025-05-09 13:59:53,272     INFO         labels: loaded /home/meelis/merlin/egs/build_your_own_voice/s1/experiments/eva_laused/acoustic_model/data/label_state_align/lause01737.lab, 115 labels
2025-05-09 13:59:53,316     INFO         labels: loaded /home/meelis/merlin/egs/build_your_own_voice/s1/experiments/eva_laused/acoustic_model/data/label_state_align/lause01664.lab, 130 labels
2025-05-09 13:59:53,410     INFO         labels: loaded /home/meelis/merlin/egs/build_your_own_voice/s1/experiments/eva_laused/acoustic_model/data/label_state_align/lause01855.lab, 215 labels
2025-05-09 13:59:53,419     INFO         labels: loaded /home/meelis/merlin/egs/build_your_own_voice/s1/experiments/eva_laused/acoustic_model/data/label_state_align/lause01428.lab, 265 labels
2025-05-09 13:59:53,435     INFO         labels: loaded /home/meelis/merlin/egs/build_your_own_voice/s1/experiments/eva_laused/acoustic_model/data/label_state_align/lause01547.lab, 360 labels
2025-05-09 13:59:53,540     INFO         labels: loaded /home/meelis/merlin/egs/build_your_own_voice/s1/experiments/eva_laused/acoustic_model/data/label_state_align/lause01789.lab, 180 labels
2025-05-09 13:59:53,597     INFO         labels: loaded /home/meelis/merlin/egs/build_your_own_voice/s1/experiments/eva_laused/acoustic_model/data/label_state_align/lause01908.lab, 265 labels
2025-05-09 13:59:53,597     INFO         labels: loaded /home/meelis/merlin/egs/build_your_own_voice/s1/experiments/eva_laused/acoustic_model/data/label_state_align/lause01738.lab,  75 labels
2025-05-09 13:59:53,711     INFO         labels: loaded /home/meelis/merlin/egs/build_your_own_voice/s1/experiments/eva_laused/acoustic_model/data/label_state_align/lause01856.lab, 115 labels
2025-05-09 13:59:53,721     INFO         labels: loaded /home/meelis/merlin/egs/build_your_own_voice/s1/experiments/eva_laused/acoustic_model/data/label_state_align/lause01665.lab, 215 labels
2025-05-09 13:59:53,847     INFO         labels: loaded /home/meelis/merlin/egs/build_your_own_voice/s1/experiments/eva_laused/acoustic_model/data/label_state_align/lause01429.lab, 310 labels
2025-05-09 13:59:53,848     INFO         labels: loaded /home/meelis/merlin/egs/build_your_own_voice/s1/experiments/eva_laused/acoustic_model/data/label_state_align/lause01739.lab,  75 labels
2025-05-09 13:59:53,903     INFO         labels: loaded /home/meelis/merlin/egs/build_your_own_voice/s1/experiments/eva_laused/acoustic_model/data/label_state_align/lause01857.lab, 210 labels
2025-05-09 13:59:53,994     INFO         labels: loaded /home/meelis/merlin/egs/build_your_own_voice/s1/experiments/eva_laused/acoustic_model/data/label_state_align/lause01790.lab, 145 labels
2025-05-09 13:59:54,003     INFO         labels: loaded /home/meelis/merlin/egs/build_your_own_voice/s1/experiments/eva_laused/acoustic_model/data/label_state_align/lause01606.lab, 240 labels
2025-05-09 13:59:54,003     INFO         labels: loaded /home/meelis/merlin/egs/build_your_own_voice/s1/experiments/eva_laused/acoustic_model/data/label_state_align/lause01909.lab, 170 labels
2025-05-09 13:59:54,101     INFO         labels: loaded /home/meelis/merlin/egs/build_your_own_voice/s1/experiments/eva_laused/acoustic_model/data/label_state_align/lause01548.lab, 290 labels
2025-05-09 13:59:54,109     INFO         labels: loaded /home/meelis/merlin/egs/build_your_own_voice/s1/experiments/eva_laused/acoustic_model/data/label_state_align/lause01740.lab,  60 labels
2025-05-09 13:59:54,153     INFO         labels: loaded /home/meelis/merlin/egs/build_your_own_voice/s1/experiments/eva_laused/acoustic_model/data/label_state_align/lause01858.lab, 310 labels
2025-05-09 13:59:54,188     INFO         labels: loaded /home/meelis/merlin/egs/build_your_own_voice/s1/experiments/eva_laused/acoustic_model/data/label_state_align/lause01791.lab, 140 labels
2025-05-09 13:59:54,278     INFO         labels: loaded /home/meelis/merlin/egs/build_your_own_voice/s1/experiments/eva_laused/acoustic_model/data/label_state_align/lause01910.lab, 140 labels
2025-05-09 13:59:54,338     INFO         labels: loaded /home/meelis/merlin/egs/build_your_own_voice/s1/experiments/eva_laused/acoustic_model/data/label_state_align/lause01666.lab, 160 labels
2025-05-09 13:59:54,396     INFO         labels: loaded /home/meelis/merlin/egs/build_your_own_voice/s1/experiments/eva_laused/acoustic_model/data/label_state_align/lause01741.lab,  50 labels
2025-05-09 13:59:54,453     INFO         labels: loaded /home/meelis/merlin/egs/build_your_own_voice/s1/experiments/eva_laused/acoustic_model/data/label_state_align/lause01430.lab, 320 labels
2025-05-09 13:59:54,475     INFO         labels: loaded /home/meelis/merlin/egs/build_your_own_voice/s1/experiments/eva_laused/acoustic_model/data/label_state_align/lause01911.lab, 205 labels
2025-05-09 13:59:54,480     INFO         labels: loaded /home/meelis/merlin/egs/build_your_own_voice/s1/experiments/eva_laused/acoustic_model/data/label_state_align/lause01792.lab, 170 labels
2025-05-09 13:59:54,554     INFO         labels: loaded /home/meelis/merlin/egs/build_your_own_voice/s1/experiments/eva_laused/acoustic_model/data/label_state_align/lause01859.lab, 225 labels
2025-05-09 13:59:54,573     INFO         labels: loaded /home/meelis/merlin/egs/build_your_own_voice/s1/experiments/eva_laused/acoustic_model/data/label_state_align/lause01742.lab,  65 labels
2025-05-09 13:59:54,608     INFO         labels: loaded /home/meelis/merlin/egs/build_your_own_voice/s1/experiments/eva_laused/acoustic_model/data/label_state_align/lause01549.lab, 215 labels
2025-05-09 13:59:54,608     INFO         labels: loaded /home/meelis/merlin/egs/build_your_own_voice/s1/experiments/eva_laused/acoustic_model/data/label_state_align/lause01607.lab, 355 labels
2025-05-09 13:59:54,655     INFO         labels: loaded /home/meelis/merlin/egs/build_your_own_voice/s1/experiments/eva_laused/acoustic_model/data/label_state_align/lause01912.lab, 210 labels
2025-05-09 13:59:54,659     INFO         labels: loaded /home/meelis/merlin/egs/build_your_own_voice/s1/experiments/eva_laused/acoustic_model/data/label_state_align/lause01793.lab, 210 labels
2025-05-09 13:59:54,660     INFO         labels: loaded /home/meelis/merlin/egs/build_your_own_voice/s1/experiments/eva_laused/acoustic_model/data/label_state_align/lause01860.lab, 100 labels
2025-05-09 13:59:54,692     INFO         labels: loaded /home/meelis/merlin/egs/build_your_own_voice/s1/experiments/eva_laused/acoustic_model/data/label_state_align/lause01667.lab, 210 labels
2025-05-09 13:59:54,810     INFO         labels: loaded /home/meelis/merlin/egs/build_your_own_voice/s1/experiments/eva_laused/acoustic_model/data/label_state_align/lause01743.lab, 135 labels
2025-05-09 13:59:54,919     INFO         labels: loaded /home/meelis/merlin/egs/build_your_own_voice/s1/experiments/eva_laused/acoustic_model/data/label_state_align/lause01431.lab, 200 labels
2025-05-09 13:59:54,920     INFO         labels: loaded /home/meelis/merlin/egs/build_your_own_voice/s1/experiments/eva_laused/acoustic_model/data/label_state_align/lause01744.lab, 200 labels
2025-05-09 13:59:54,926     INFO         labels: loaded /home/meelis/merlin/egs/build_your_own_voice/s1/experiments/eva_laused/acoustic_model/data/label_state_align/lause01913.lab, 185 labels
2025-05-09 13:59:54,931     INFO         labels: loaded /home/meelis/merlin/egs/build_your_own_voice/s1/experiments/eva_laused/acoustic_model/data/label_state_align/lause01550.lab, 235 labels
2025-05-09 13:59:54,931     INFO         labels: loaded /home/meelis/merlin/egs/build_your_own_voice/s1/experiments/eva_laused/acoustic_model/data/label_state_align/lause01794.lab, 185 labels
2025-05-09 13:59:55,012     INFO         labels: loaded /home/meelis/merlin/egs/build_your_own_voice/s1/experiments/eva_laused/acoustic_model/data/label_state_align/lause01608.lab, 170 labels
2025-05-09 13:59:55,013     INFO         labels: loaded /home/meelis/merlin/egs/build_your_own_voice/s1/experiments/eva_laused/acoustic_model/data/label_state_align/lause01861.lab, 150 labels
2025-05-09 13:59:55,121     INFO         labels: loaded /home/meelis/merlin/egs/build_your_own_voice/s1/experiments/eva_laused/acoustic_model/data/label_state_align/lause01745.lab, 120 labels
2025-05-09 13:59:55,125     INFO         labels: loaded /home/meelis/merlin/egs/build_your_own_voice/s1/experiments/eva_laused/acoustic_model/data/label_state_align/lause01795.lab, 190 labels
2025-05-09 13:59:55,125     INFO         labels: loaded /home/meelis/merlin/egs/build_your_own_voice/s1/experiments/eva_laused/acoustic_model/data/label_state_align/lause01914.lab, 170 labels
2025-05-09 13:59:55,160     INFO         labels: loaded /home/meelis/merlin/egs/build_your_own_voice/s1/experiments/eva_laused/acoustic_model/data/label_state_align/lause01668.lab, 270 labels
2025-05-09 13:59:55,275     INFO         labels: loaded /home/meelis/merlin/egs/build_your_own_voice/s1/experiments/eva_laused/acoustic_model/data/label_state_align/lause01432.lab, 260 labels
2025-05-09 13:59:55,280     INFO         labels: loaded /home/meelis/merlin/egs/build_your_own_voice/s1/experiments/eva_laused/acoustic_model/data/label_state_align/lause01862.lab, 235 labels
2025-05-09 13:59:55,316     INFO         labels: loaded /home/meelis/merlin/egs/build_your_own_voice/s1/experiments/eva_laused/acoustic_model/data/label_state_align/lause01551.lab, 185 labels
2025-05-09 13:59:55,318     INFO         labels: loaded /home/meelis/merlin/egs/build_your_own_voice/s1/experiments/eva_laused/acoustic_model/data/label_state_align/lause01915.lab, 185 labels
2025-05-09 13:59:55,391     INFO         labels: loaded /home/meelis/merlin/egs/build_your_own_voice/s1/experiments/eva_laused/acoustic_model/data/label_state_align/lause01746.lab, 120 labels
2025-05-09 13:59:55,404     INFO         labels: loaded /home/meelis/merlin/egs/build_your_own_voice/s1/experiments/eva_laused/acoustic_model/data/label_state_align/lause01609.lab, 245 labels
2025-05-09 13:59:55,547     INFO         labels: loaded /home/meelis/merlin/egs/build_your_own_voice/s1/experiments/eva_laused/acoustic_model/data/label_state_align/lause01796.lab, 205 labels
2025-05-09 13:59:55,555     INFO         labels: loaded /home/meelis/merlin/egs/build_your_own_voice/s1/experiments/eva_laused/acoustic_model/data/label_state_align/lause01916.lab, 280 labels
2025-05-09 13:59:55,672     INFO         labels: loaded /home/meelis/merlin/egs/build_your_own_voice/s1/experiments/eva_laused/acoustic_model/data/label_state_align/lause01863.lab, 165 labels
2025-05-09 13:59:55,696     INFO         labels: loaded /home/meelis/merlin/egs/build_your_own_voice/s1/experiments/eva_laused/acoustic_model/data/label_state_align/lause01747.lab,  90 labels
2025-05-09 13:59:55,719     INFO         labels: loaded /home/meelis/merlin/egs/build_your_own_voice/s1/experiments/eva_laused/acoustic_model/data/label_state_align/lause01669.lab, 325 labels
2025-05-09 13:59:55,836     INFO         labels: loaded /home/meelis/merlin/egs/build_your_own_voice/s1/experiments/eva_laused/acoustic_model/data/label_state_align/lause01433.lab, 205 labels
2025-05-09 13:59:55,883     INFO         labels: loaded /home/meelis/merlin/egs/build_your_own_voice/s1/experiments/eva_laused/acoustic_model/data/label_state_align/lause01552.lab, 215 labels
2025-05-09 13:59:55,920     INFO         labels: loaded /home/meelis/merlin/egs/build_your_own_voice/s1/experiments/eva_laused/acoustic_model/data/label_state_align/lause01748.lab, 120 labels
2025-05-09 13:59:56,254     INFO         labels: loaded /home/meelis/merlin/egs/build_your_own_voice/s1/experiments/eva_laused/acoustic_model/data/label_state_align/lause01670.lab, 125 labels
2025-05-09 13:59:56,255     INFO         labels: loaded /home/meelis/merlin/egs/build_your_own_voice/s1/experiments/eva_laused/acoustic_model/data/label_state_align/lause01749.lab, 115 labels
2025-05-09 13:59:56,289     INFO         labels: loaded /home/meelis/merlin/egs/build_your_own_voice/s1/experiments/eva_laused/acoustic_model/data/label_state_align/lause01434.lab, 215 labels
2025-05-09 13:59:56,291     INFO         labels: loaded /home/meelis/merlin/egs/build_your_own_voice/s1/experiments/eva_laused/acoustic_model/data/label_state_align/lause01553.lab, 440 labels
2025-05-09 13:59:56,295     INFO         labels: loaded /home/meelis/merlin/egs/build_your_own_voice/s1/experiments/eva_laused/acoustic_model/data/label_state_align/lause01610.lab, 145 labels
2025-05-09 13:59:56,299     INFO         labels: loaded /home/meelis/merlin/egs/build_your_own_voice/s1/experiments/eva_laused/acoustic_model/data/label_state_align/lause01864.lab, 295 labels
2025-05-09 13:59:56,300     INFO         labels: loaded /home/meelis/merlin/egs/build_your_own_voice/s1/experiments/eva_laused/acoustic_model/data/label_state_align/lause01750.lab,  65 labels
2025-05-09 13:59:56,301     INFO         labels: loaded /home/meelis/merlin/egs/build_your_own_voice/s1/experiments/eva_laused/acoustic_model/data/label_state_align/lause01797.lab, 195 labels
2025-05-09 13:59:56,411     INFO         labels: loaded /home/meelis/merlin/egs/build_your_own_voice/s1/experiments/eva_laused/acoustic_model/data/label_state_align/lause01917.lab, 180 labels
2025-05-09 13:59:56,413     INFO         labels: loaded /home/meelis/merlin/egs/build_your_own_voice/s1/experiments/eva_laused/acoustic_model/data/label_state_align/lause01671.lab, 190 labels
2025-05-09 13:59:56,475     INFO         labels: loaded /home/meelis/merlin/egs/build_your_own_voice/s1/experiments/eva_laused/acoustic_model/data/label_state_align/lause01751.lab, 180 labels
2025-05-09 13:59:56,560     INFO         labels: loaded /home/meelis/merlin/egs/build_your_own_voice/s1/experiments/eva_laused/acoustic_model/data/label_state_align/lause01865.lab, 275 labels
2025-05-09 13:59:56,613     INFO         labels: loaded /home/meelis/merlin/egs/build_your_own_voice/s1/experiments/eva_laused/acoustic_model/data/label_state_align/lause01798.lab, 130 labels
2025-05-09 13:59:56,634     INFO         labels: loaded /home/meelis/merlin/egs/build_your_own_voice/s1/experiments/eva_laused/acoustic_model/data/label_state_align/lause01611.lab, 355 labels
2025-05-09 13:59:56,635     INFO         labels: loaded /home/meelis/merlin/egs/build_your_own_voice/s1/experiments/eva_laused/acoustic_model/data/label_state_align/lause01918.lab, 295 labels
2025-05-09 13:59:56,699     INFO         labels: loaded /home/meelis/merlin/egs/build_your_own_voice/s1/experiments/eva_laused/acoustic_model/data/label_state_align/lause01435.lab, 295 labels
2025-05-09 13:59:56,780     INFO         labels: loaded /home/meelis/merlin/egs/build_your_own_voice/s1/experiments/eva_laused/acoustic_model/data/label_state_align/lause01752.lab, 105 labels
2025-05-09 13:59:56,882     INFO         labels: loaded /home/meelis/merlin/egs/build_your_own_voice/s1/experiments/eva_laused/acoustic_model/data/label_state_align/lause01866.lab, 255 labels
2025-05-09 13:59:56,909     INFO         labels: loaded /home/meelis/merlin/egs/build_your_own_voice/s1/experiments/eva_laused/acoustic_model/data/label_state_align/lause01799.lab, 210 labels
2025-05-09 13:59:56,932     INFO         labels: loaded /home/meelis/merlin/egs/build_your_own_voice/s1/experiments/eva_laused/acoustic_model/data/label_state_align/lause01672.lab, 265 labels
2025-05-09 13:59:57,009     INFO         labels: loaded /home/meelis/merlin/egs/build_your_own_voice/s1/experiments/eva_laused/acoustic_model/data/label_state_align/lause01554.lab, 200 labels
2025-05-09 13:59:57,016     INFO         labels: loaded /home/meelis/merlin/egs/build_your_own_voice/s1/experiments/eva_laused/acoustic_model/data/label_state_align/lause01919.lab, 225 labels
2025-05-09 13:59:57,020     INFO         labels: loaded /home/meelis/merlin/egs/build_your_own_voice/s1/experiments/eva_laused/acoustic_model/data/label_state_align/lause01753.lab, 240 labels
2025-05-09 13:59:57,211     INFO         labels: loaded /home/meelis/merlin/egs/build_your_own_voice/s1/experiments/eva_laused/acoustic_model/data/label_state_align/lause01867.lab, 135 labels
2025-05-09 13:59:57,371     INFO         labels: loaded /home/meelis/merlin/egs/build_your_own_voice/s1/experiments/eva_laused/acoustic_model/data/label_state_align/lause01436.lab, 315 labels
2025-05-09 13:59:57,375     INFO         labels: loaded /home/meelis/merlin/egs/build_your_own_voice/s1/experiments/eva_laused/acoustic_model/data/label_state_align/lause01800.lab, 200 labels
2025-05-09 13:59:57,410     INFO         labels: loaded /home/meelis/merlin/egs/build_your_own_voice/s1/experiments/eva_laused/acoustic_model/data/label_state_align/lause01920.lab, 255 labels
2025-05-09 13:59:57,416     INFO         labels: loaded /home/meelis/merlin/egs/build_your_own_voice/s1/experiments/eva_laused/acoustic_model/data/label_state_align/lause01612.lab, 450 labels
2025-05-09 13:59:57,421     INFO         labels: loaded /home/meelis/merlin/egs/build_your_own_voice/s1/experiments/eva_laused/acoustic_model/data/label_state_align/lause01754.lab, 230 labels
2025-05-09 13:59:57,435     INFO         labels: loaded /home/meelis/merlin/egs/build_your_own_voice/s1/experiments/eva_laused/acoustic_model/data/label_state_align/lause01868.lab, 280 labels
2025-05-09 13:59:57,516     INFO         labels: loaded /home/meelis/merlin/egs/build_your_own_voice/s1/experiments/eva_laused/acoustic_model/data/label_state_align/lause01555.lab, 195 labels
2025-05-09 13:59:57,643     INFO         labels: loaded /home/meelis/merlin/egs/build_your_own_voice/s1/experiments/eva_laused/acoustic_model/data/label_state_align/lause01673.lab, 110 labels
2025-05-09 13:59:57,818     INFO         labels: loaded /home/meelis/merlin/egs/build_your_own_voice/s1/experiments/eva_laused/acoustic_model/data/label_state_align/lause01801.lab, 130 labels
2025-05-09 13:59:57,840     INFO         labels: loaded /home/meelis/merlin/egs/build_your_own_voice/s1/experiments/eva_laused/acoustic_model/data/label_state_align/lause01869.lab, 185 labels
2025-05-09 13:59:57,872     INFO         labels: loaded /home/meelis/merlin/egs/build_your_own_voice/s1/experiments/eva_laused/acoustic_model/data/label_state_align/lause01921.lab, 200 labels
2025-05-09 13:59:57,900     INFO         labels: loaded /home/meelis/merlin/egs/build_your_own_voice/s1/experiments/eva_laused/acoustic_model/data/label_state_align/lause01755.lab, 165 labels
2025-05-09 13:59:57,975     INFO         labels: loaded /home/meelis/merlin/egs/build_your_own_voice/s1/experiments/eva_laused/acoustic_model/data/label_state_align/lause01437.lab, 160 labels
2025-05-09 13:59:58,014     INFO         labels: loaded /home/meelis/merlin/egs/build_your_own_voice/s1/experiments/eva_laused/acoustic_model/data/label_state_align/lause01556.lab,  95 labels
2025-05-09 13:59:58,024     INFO         labels: loaded /home/meelis/merlin/egs/build_your_own_voice/s1/experiments/eva_laused/acoustic_model/data/label_state_align/lause01674.lab, 110 labels
2025-05-09 13:59:58,079     INFO         labels: loaded /home/meelis/merlin/egs/build_your_own_voice/s1/experiments/eva_laused/acoustic_model/data/label_state_align/lause01870.lab, 360 labels
2025-05-09 13:59:58,093     INFO         labels: loaded /home/meelis/merlin/egs/build_your_own_voice/s1/experiments/eva_laused/acoustic_model/data/label_state_align/lause01922.lab, 230 labels
2025-05-09 13:59:58,094     INFO         labels: loaded /home/meelis/merlin/egs/build_your_own_voice/s1/experiments/eva_laused/acoustic_model/data/label_state_align/lause01802.lab, 275 labels
2025-05-09 13:59:58,256     INFO         labels: loaded /home/meelis/merlin/egs/build_your_own_voice/s1/experiments/eva_laused/acoustic_model/data/label_state_align/lause01756.lab, 175 labels
2025-05-09 13:59:58,296     INFO         labels: loaded /home/meelis/merlin/egs/build_your_own_voice/s1/experiments/eva_laused/acoustic_model/data/label_state_align/lause01613.lab, 250 labels
2025-05-09 13:59:58,414     INFO         labels: loaded /home/meelis/merlin/egs/build_your_own_voice/s1/experiments/eva_laused/acoustic_model/data/label_state_align/lause01438.lab, 130 labels
2025-05-09 13:59:58,425     INFO         labels: loaded /home/meelis/merlin/egs/build_your_own_voice/s1/experiments/eva_laused/acoustic_model/data/label_state_align/lause01557.lab, 170 labels
2025-05-09 13:59:58,431     INFO         labels: loaded /home/meelis/merlin/egs/build_your_own_voice/s1/experiments/eva_laused/acoustic_model/data/label_state_align/lause01923.lab, 325 labels
2025-05-09 13:59:58,464     INFO         labels: loaded /home/meelis/merlin/egs/build_your_own_voice/s1/experiments/eva_laused/acoustic_model/data/label_state_align/lause01675.lab, 250 labels
2025-05-09 13:59:58,590     INFO         labels: loaded /home/meelis/merlin/egs/build_your_own_voice/s1/experiments/eva_laused/acoustic_model/data/label_state_align/lause01871.lab, 220 labels
2025-05-09 13:59:58,607     INFO         labels: loaded /home/meelis/merlin/egs/build_your_own_voice/s1/experiments/eva_laused/acoustic_model/data/label_state_align/lause01757.lab, 100 labels
2025-05-09 13:59:58,619     INFO         labels: loaded /home/meelis/merlin/egs/build_your_own_voice/s1/experiments/eva_laused/acoustic_model/data/label_state_align/lause01803.lab, 145 labels
2025-05-09 13:59:58,803     INFO         labels: loaded /home/meelis/merlin/egs/build_your_own_voice/s1/experiments/eva_laused/acoustic_model/data/label_state_align/lause01439.lab, 160 labels
2025-05-09 13:59:58,847     INFO         labels: loaded /home/meelis/merlin/egs/build_your_own_voice/s1/experiments/eva_laused/acoustic_model/data/label_state_align/lause01558.lab, 195 labels
2025-05-09 13:59:58,864     INFO         labels: loaded /home/meelis/merlin/egs/build_your_own_voice/s1/experiments/eva_laused/acoustic_model/data/label_state_align/lause01872.lab, 270 labels
2025-05-09 13:59:58,890     INFO         labels: loaded /home/meelis/merlin/egs/build_your_own_voice/s1/experiments/eva_laused/acoustic_model/data/label_state_align/lause01924.lab, 180 labels
2025-05-09 13:59:58,910     INFO         labels: loaded /home/meelis/merlin/egs/build_your_own_voice/s1/experiments/eva_laused/acoustic_model/data/label_state_align/lause01758.lab, 285 labels
2025-05-09 13:59:58,964     INFO         labels: loaded /home/meelis/merlin/egs/build_your_own_voice/s1/experiments/eva_laused/acoustic_model/data/label_state_align/lause01614.lab, 325 labels
2025-05-09 13:59:58,972     INFO         labels: loaded /home/meelis/merlin/egs/build_your_own_voice/s1/experiments/eva_laused/acoustic_model/data/label_state_align/lause01804.lab, 155 labels
2025-05-09 13:59:59,101     INFO         labels: loaded /home/meelis/merlin/egs/build_your_own_voice/s1/experiments/eva_laused/acoustic_model/data/label_state_align/lause01676.lab, 155 labels
2025-05-09 13:59:59,101     INFO         labels: loaded /home/meelis/merlin/egs/build_your_own_voice/s1/experiments/eva_laused/acoustic_model/data/label_state_align/lause01925.lab, 340 labels
2025-05-09 13:59:59,154     INFO         labels: loaded /home/meelis/merlin/egs/build_your_own_voice/s1/experiments/eva_laused/acoustic_model/data/label_state_align/lause01873.lab, 260 labels
2025-05-09 13:59:59,314     INFO         labels: loaded /home/meelis/merlin/egs/build_your_own_voice/s1/experiments/eva_laused/acoustic_model/data/label_state_align/lause01440.lab, 145 labels
2025-05-09 13:59:59,355     INFO         labels: loaded /home/meelis/merlin/egs/build_your_own_voice/s1/experiments/eva_laused/acoustic_model/data/label_state_align/lause01759.lab, 230 labels
2025-05-09 13:59:59,385     INFO         labels: loaded /home/meelis/merlin/egs/build_your_own_voice/s1/experiments/eva_laused/acoustic_model/data/label_state_align/lause01559.lab, 295 labels
2025-05-09 13:59:59,396     INFO         labels: loaded /home/meelis/merlin/egs/build_your_own_voice/s1/experiments/eva_laused/acoustic_model/data/label_state_align/lause01805.lab, 575 labels
2025-05-09 13:59:59,439     INFO         labels: loaded /home/meelis/merlin/egs/build_your_own_voice/s1/experiments/eva_laused/acoustic_model/data/label_state_align/lause01874.lab, 295 labels
2025-05-09 13:59:59,445     INFO         labels: loaded /home/meelis/merlin/egs/build_your_own_voice/s1/experiments/eva_laused/acoustic_model/data/label_state_align/lause01926.lab, 230 labels
2025-05-09 13:59:59,617     INFO         labels: loaded /home/meelis/merlin/egs/build_your_own_voice/s1/experiments/eva_laused/acoustic_model/data/label_state_align/lause01677.lab, 315 labels
2025-05-09 13:59:59,679     INFO         labels: loaded /home/meelis/merlin/egs/build_your_own_voice/s1/experiments/eva_laused/acoustic_model/data/label_state_align/lause01927.lab, 210 labels
2025-05-09 13:59:59,746     INFO         labels: loaded /home/meelis/merlin/egs/build_your_own_voice/s1/experiments/eva_laused/acoustic_model/data/label_state_align/lause01615.lab, 295 labels
2025-05-09 13:59:59,770     INFO         labels: loaded /home/meelis/merlin/egs/build_your_own_voice/s1/experiments/eva_laused/acoustic_model/data/label_state_align/lause01760.lab, 365 labels
2025-05-09 13:59:59,773     INFO         labels: loaded /home/meelis/merlin/egs/build_your_own_voice/s1/experiments/eva_laused/acoustic_model/data/label_state_align/lause01441.lab, 210 labels
2025-05-09 13:59:59,787     INFO         labels: loaded /home/meelis/merlin/egs/build_your_own_voice/s1/experiments/eva_laused/acoustic_model/data/label_state_align/lause01875.lab, 365 labels
2025-05-09 14:00:00,050     INFO         labels: loaded /home/meelis/merlin/egs/build_your_own_voice/s1/experiments/eva_laused/acoustic_model/data/label_state_align/lause01560.lab, 195 labels
2025-05-09 14:00:00,050     INFO         labels: loaded /home/meelis/merlin/egs/build_your_own_voice/s1/experiments/eva_laused/acoustic_model/data/label_state_align/lause01928.lab, 240 labels
2025-05-09 14:00:00,261     INFO         labels: loaded /home/meelis/merlin/egs/build_your_own_voice/s1/experiments/eva_laused/acoustic_model/data/label_state_align/lause01806.lab, 170 labels
2025-05-09 14:00:00,350     INFO         labels: loaded /home/meelis/merlin/egs/build_your_own_voice/s1/experiments/eva_laused/acoustic_model/data/label_state_align/lause01442.lab, 175 labels
2025-05-09 14:00:00,372     INFO         labels: loaded /home/meelis/merlin/egs/build_your_own_voice/s1/experiments/eva_laused/acoustic_model/data/label_state_align/lause01876.lab, 190 labels
2025-05-09 14:00:00,374     INFO         labels: loaded /home/meelis/merlin/egs/build_your_own_voice/s1/experiments/eva_laused/acoustic_model/data/label_state_align/lause01929.lab, 175 labels
2025-05-09 14:00:00,386     INFO         labels: loaded /home/meelis/merlin/egs/build_your_own_voice/s1/experiments/eva_laused/acoustic_model/data/label_state_align/lause01761.lab, 110 labels
2025-05-09 14:00:00,437     INFO         labels: loaded /home/meelis/merlin/egs/build_your_own_voice/s1/experiments/eva_laused/acoustic_model/data/label_state_align/lause01678.lab, 290 labels
2025-05-09 14:00:00,610     INFO         labels: loaded /home/meelis/merlin/egs/build_your_own_voice/s1/experiments/eva_laused/acoustic_model/data/label_state_align/lause01616.lab, 285 labels
2025-05-09 14:00:00,613     INFO         labels: loaded /home/meelis/merlin/egs/build_your_own_voice/s1/experiments/eva_laused/acoustic_model/data/label_state_align/lause01561.lab, 310 labels
2025-05-09 14:00:00,676     INFO         labels: loaded /home/meelis/merlin/egs/build_your_own_voice/s1/experiments/eva_laused/acoustic_model/data/label_state_align/lause01877.lab, 145 labels
2025-05-09 14:00:00,678     INFO         labels: loaded /home/meelis/merlin/egs/build_your_own_voice/s1/experiments/eva_laused/acoustic_model/data/label_state_align/lause01762.lab, 195 labels
2025-05-09 14:00:00,681     INFO         labels: loaded /home/meelis/merlin/egs/build_your_own_voice/s1/experiments/eva_laused/acoustic_model/data/label_state_align/lause01443.lab,  85 labels
2025-05-09 14:00:00,682     INFO         labels: loaded /home/meelis/merlin/egs/build_your_own_voice/s1/experiments/eva_laused/acoustic_model/data/label_state_align/lause01930.lab, 270 labels
2025-05-09 14:00:00,828     INFO         labels: loaded /home/meelis/merlin/egs/build_your_own_voice/s1/experiments/eva_laused/acoustic_model/data/label_state_align/lause01807.lab, 240 labels
2025-05-09 14:00:00,881     INFO         labels: loaded /home/meelis/merlin/egs/build_your_own_voice/s1/experiments/eva_laused/acoustic_model/data/label_state_align/lause01679.lab, 200 labels
2025-05-09 14:00:00,896     INFO         labels: loaded /home/meelis/merlin/egs/build_your_own_voice/s1/experiments/eva_laused/acoustic_model/data/label_state_align/lause01878.lab, 325 labels
2025-05-09 14:00:00,901     INFO         labels: loaded /home/meelis/merlin/egs/build_your_own_voice/s1/experiments/eva_laused/acoustic_model/data/label_state_align/lause01931.lab, 300 labels
2025-05-09 14:00:00,983     INFO         labels: loaded /home/meelis/merlin/egs/build_your_own_voice/s1/experiments/eva_laused/acoustic_model/data/label_state_align/lause01444.lab, 170 labels
2025-05-09 14:00:01,021     INFO         labels: loaded /home/meelis/merlin/egs/build_your_own_voice/s1/experiments/eva_laused/acoustic_model/data/label_state_align/lause01763.lab, 235 labels
2025-05-09 14:00:01,170     INFO         labels: loaded /home/meelis/merlin/egs/build_your_own_voice/s1/experiments/eva_laused/acoustic_model/data/label_state_align/lause01562.lab, 360 labels
2025-05-09 14:00:01,246     INFO         labels: loaded /home/meelis/merlin/egs/build_your_own_voice/s1/experiments/eva_laused/acoustic_model/data/label_state_align/lause01808.lab, 250 labels
2025-05-09 14:00:01,297     INFO         labels: loaded /home/meelis/merlin/egs/build_your_own_voice/s1/experiments/eva_laused/acoustic_model/data/label_state_align/lause01617.lab, 225 labels
2025-05-09 14:00:01,316     INFO         labels: loaded /home/meelis/merlin/egs/build_your_own_voice/s1/experiments/eva_laused/acoustic_model/data/label_state_align/lause01445.lab, 250 labels
2025-05-09 14:00:01,377     INFO         labels: loaded /home/meelis/merlin/egs/build_your_own_voice/s1/experiments/eva_laused/acoustic_model/data/label_state_align/lause01932.lab, 260 labels
2025-05-09 14:00:01,380     INFO         labels: loaded /home/meelis/merlin/egs/build_your_own_voice/s1/experiments/eva_laused/acoustic_model/data/label_state_align/lause01764.lab, 160 labels
2025-05-09 14:00:01,381     INFO         labels: loaded /home/meelis/merlin/egs/build_your_own_voice/s1/experiments/eva_laused/acoustic_model/data/label_state_align/lause01879.lab, 160 labels
2025-05-09 14:00:01,431     INFO         labels: loaded /home/meelis/merlin/egs/build_your_own_voice/s1/experiments/eva_laused/acoustic_model/data/label_state_align/lause01680.lab, 210 labels
2025-05-09 14:00:01,578     INFO         labels: loaded /home/meelis/merlin/egs/build_your_own_voice/s1/experiments/eva_laused/acoustic_model/data/label_state_align/lause01809.lab, 285 labels
2025-05-09 14:00:01,579     INFO         labels: loaded /home/meelis/merlin/egs/build_your_own_voice/s1/experiments/eva_laused/acoustic_model/data/label_state_align/lause01880.lab, 210 labels
2025-05-09 14:00:01,673     INFO         labels: loaded /home/meelis/merlin/egs/build_your_own_voice/s1/experiments/eva_laused/acoustic_model/data/label_state_align/lause01563.lab, 355 labels
2025-05-09 14:00:01,675     INFO         labels: loaded /home/meelis/merlin/egs/build_your_own_voice/s1/experiments/eva_laused/acoustic_model/data/label_state_align/lause01933.lab, 160 labels
2025-05-09 14:00:01,745     INFO         labels: loaded /home/meelis/merlin/egs/build_your_own_voice/s1/experiments/eva_laused/acoustic_model/data/label_state_align/lause01765.lab, 205 labels
2025-05-09 14:00:01,752     INFO         labels: loaded /home/meelis/merlin/egs/build_your_own_voice/s1/experiments/eva_laused/acoustic_model/data/label_state_align/lause01446.lab, 170 labels
2025-05-09 14:00:01,815     INFO         labels: loaded /home/meelis/merlin/egs/build_your_own_voice/s1/experiments/eva_laused/acoustic_model/data/label_state_align/lause01881.lab, 255 labels
2025-05-09 14:00:01,817     INFO         labels: loaded /home/meelis/merlin/egs/build_your_own_voice/s1/experiments/eva_laused/acoustic_model/data/label_state_align/lause01934.lab, 280 labels
2025-05-09 14:00:01,886     INFO         labels: loaded /home/meelis/merlin/egs/build_your_own_voice/s1/experiments/eva_laused/acoustic_model/data/label_state_align/lause01618.lab, 220 labels
2025-05-09 14:00:02,017     INFO         labels: loaded /home/meelis/merlin/egs/build_your_own_voice/s1/experiments/eva_laused/acoustic_model/data/label_state_align/lause01810.lab, 205 labels
2025-05-09 14:00:02,074     INFO         labels: loaded /home/meelis/merlin/egs/build_your_own_voice/s1/experiments/eva_laused/acoustic_model/data/label_state_align/lause01681.lab, 140 labels
2025-05-09 14:00:02,074     INFO         labels: loaded /home/meelis/merlin/egs/build_your_own_voice/s1/experiments/eva_laused/acoustic_model/data/label_state_align/lause01882.lab, 180 labels
2025-05-09 14:00:02,086     INFO         labels: loaded /home/meelis/merlin/egs/build_your_own_voice/s1/experiments/eva_laused/acoustic_model/data/label_state_align/lause01935.lab, 270 labels
2025-05-09 14:00:02,119     INFO         labels: loaded /home/meelis/merlin/egs/build_your_own_voice/s1/experiments/eva_laused/acoustic_model/data/label_state_align/lause01766.lab, 150 labels
2025-05-09 14:00:02,198     INFO         labels: loaded /home/meelis/merlin/egs/build_your_own_voice/s1/experiments/eva_laused/acoustic_model/data/label_state_align/lause01447.lab, 140 labels
2025-05-09 14:00:02,407     INFO         labels: loaded /home/meelis/merlin/egs/build_your_own_voice/s1/experiments/eva_laused/acoustic_model/data/label_state_align/lause01811.lab, 225 labels
2025-05-09 14:00:02,412     INFO         labels: loaded /home/meelis/merlin/egs/build_your_own_voice/s1/experiments/eva_laused/acoustic_model/data/label_state_align/lause01883.lab, 225 labels
2025-05-09 14:00:02,413     INFO         labels: loaded /home/meelis/merlin/egs/build_your_own_voice/s1/experiments/eva_laused/acoustic_model/data/label_state_align/lause01564.lab, 290 labels
2025-05-09 14:00:02,432     INFO         labels: loaded /home/meelis/merlin/egs/build_your_own_voice/s1/experiments/eva_laused/acoustic_model/data/label_state_align/lause01936.lab, 310 labels
2025-05-09 14:00:02,482     INFO         labels: loaded /home/meelis/merlin/egs/build_your_own_voice/s1/experiments/eva_laused/acoustic_model/data/label_state_align/lause01767.lab, 170 labels
2025-05-09 14:00:02,572     INFO         labels: loaded /home/meelis/merlin/egs/build_your_own_voice/s1/experiments/eva_laused/acoustic_model/data/label_state_align/lause01884.lab, 225 labels
2025-05-09 14:00:02,572     INFO         labels: loaded /home/meelis/merlin/egs/build_your_own_voice/s1/experiments/eva_laused/acoustic_model/data/label_state_align/lause01937.lab, 280 labels
2025-05-09 14:00:02,572     INFO         labels: loaded /home/meelis/merlin/egs/build_your_own_voice/s1/experiments/eva_laused/acoustic_model/data/label_state_align/lause01619.lab, 190 labels
2025-05-09 14:00:02,572     INFO         labels: loaded /home/meelis/merlin/egs/build_your_own_voice/s1/experiments/eva_laused/acoustic_model/data/label_state_align/lause01448.lab, 220 labels
2025-05-09 14:00:02,619     INFO         labels: loaded /home/meelis/merlin/egs/build_your_own_voice/s1/experiments/eva_laused/acoustic_model/data/label_state_align/lause01682.lab, 265 labels
2025-05-09 14:00:02,703     INFO         labels: loaded /home/meelis/merlin/egs/build_your_own_voice/s1/experiments/eva_laused/acoustic_model/data/label_state_align/lause01812.lab, 210 labels
2025-05-09 14:00:02,709     INFO         labels: loaded /home/meelis/merlin/egs/build_your_own_voice/s1/experiments/eva_laused/acoustic_model/data/label_state_align/lause01957.lab, 380 labels
2025-05-09 14:00:02,844     INFO         labels: loaded /home/meelis/merlin/egs/build_your_own_voice/s1/experiments/eva_laused/acoustic_model/data/label_state_align/lause01885.lab, 240 labels
2025-05-09 14:00:02,863     INFO         labels: loaded /home/meelis/merlin/egs/build_your_own_voice/s1/experiments/eva_laused/acoustic_model/data/label_state_align/lause01565.lab, 180 labels
2025-05-09 14:00:02,935     INFO         labels: loaded /home/meelis/merlin/egs/build_your_own_voice/s1/experiments/eva_laused/acoustic_model/data/label_state_align/lause01938.lab, 275 labels
2025-05-09 14:00:02,952     INFO         labels: loaded /home/meelis/merlin/egs/build_your_own_voice/s1/experiments/eva_laused/acoustic_model/data/label_state_align/lause01813.lab,  90 labels
2025-05-09 14:00:03,049     INFO         labels: loaded /home/meelis/merlin/egs/build_your_own_voice/s1/experiments/eva_laused/acoustic_model/data/label_state_align/lause01620.lab, 210 labels
2025-05-09 14:00:03,119     INFO         labels: loaded /home/meelis/merlin/egs/build_your_own_voice/s1/experiments/eva_laused/acoustic_model/data/label_state_align/lause01449.lab, 280 labels
2025-05-09 14:00:03,226     INFO         labels: loaded /home/meelis/merlin/egs/build_your_own_voice/s1/experiments/eva_laused/acoustic_model/data/label_state_align/lause01886.lab, 250 labels
2025-05-09 14:00:03,227     INFO         labels: loaded /home/meelis/merlin/egs/build_your_own_voice/s1/experiments/eva_laused/acoustic_model/data/label_state_align/lause01958.lab, 225 labels
2025-05-09 14:00:03,228     INFO         labels: loaded /home/meelis/merlin/egs/build_your_own_voice/s1/experiments/eva_laused/acoustic_model/data/label_state_align/lause01683.lab, 220 labels
2025-05-09 14:00:03,228     INFO         labels: loaded /home/meelis/merlin/egs/build_your_own_voice/s1/experiments/eva_laused/acoustic_model/data/label_state_align/lause01814.lab, 335 labels
2025-05-09 14:00:03,229     INFO         labels: loaded /home/meelis/merlin/egs/build_your_own_voice/s1/experiments/eva_laused/acoustic_model/data/label_state_align/lause01939.lab, 305 labels
2025-05-09 14:00:03,287     INFO         labels: loaded /home/meelis/merlin/egs/build_your_own_voice/s1/experiments/eva_laused/acoustic_model/data/label_state_align/lause01566.lab, 300 labels
2025-05-09 14:00:03,548     INFO         labels: loaded /home/meelis/merlin/egs/build_your_own_voice/s1/experiments/eva_laused/acoustic_model/data/label_state_align/lause01940.lab, 225 labels
2025-05-09 14:00:03,560     INFO         labels: loaded /home/meelis/merlin/egs/build_your_own_voice/s1/experiments/eva_laused/acoustic_model/data/label_state_align/lause01887.lab, 295 labels
2025-05-09 14:00:03,584     INFO         labels: loaded /home/meelis/merlin/egs/build_your_own_voice/s1/experiments/eva_laused/acoustic_model/data/label_state_align/lause01450.lab, 135 labels
2025-05-09 14:00:03,608     INFO         labels: loaded /home/meelis/merlin/egs/build_your_own_voice/s1/experiments/eva_laused/acoustic_model/data/label_state_align/lause01959.lab, 340 labels
2025-05-09 14:00:03,679     INFO         labels: loaded /home/meelis/merlin/egs/build_your_own_voice/s1/experiments/eva_laused/acoustic_model/data/label_state_align/lause01621.lab, 220 labels
2025-05-09 14:00:03,827     INFO         labels: loaded /home/meelis/merlin/egs/build_your_own_voice/s1/experiments/eva_laused/acoustic_model/data/label_state_align/lause01815.lab, 180 labels
2025-05-09 14:00:03,856     INFO         labels: loaded /home/meelis/merlin/egs/build_your_own_voice/s1/experiments/eva_laused/acoustic_model/data/label_state_align/lause01684.lab, 240 labels
2025-05-09 14:00:03,933     INFO         labels: loaded /home/meelis/merlin/egs/build_your_own_voice/s1/experiments/eva_laused/acoustic_model/data/label_state_align/lause01941.lab, 215 labels
2025-05-09 14:00:03,980     INFO         labels: loaded /home/meelis/merlin/egs/build_your_own_voice/s1/experiments/eva_laused/acoustic_model/data/label_state_align/lause01451.lab, 305 labels
2025-05-09 14:00:03,988     INFO         labels: loaded /home/meelis/merlin/egs/build_your_own_voice/s1/experiments/eva_laused/acoustic_model/data/label_state_align/lause01888.lab, 380 labels
2025-05-09 14:00:04,004     INFO         labels: loaded /home/meelis/merlin/egs/build_your_own_voice/s1/experiments/eva_laused/acoustic_model/data/label_state_align/lause01567.lab, 160 labels
2025-05-09 14:00:04,162     INFO         labels: loaded /home/meelis/merlin/egs/build_your_own_voice/s1/experiments/eva_laused/acoustic_model/data/label_state_align/lause01960.lab, 255 labels
2025-05-09 14:00:04,196     INFO         labels: loaded /home/meelis/merlin/egs/build_your_own_voice/s1/experiments/eva_laused/acoustic_model/data/label_state_align/lause01816.lab, 195 labels
2025-05-09 14:00:04,270     INFO         labels: loaded /home/meelis/merlin/egs/build_your_own_voice/s1/experiments/eva_laused/acoustic_model/data/label_state_align/lause01622.lab, 180 labels
2025-05-09 14:00:04,277     INFO         labels: loaded /home/meelis/merlin/egs/build_your_own_voice/s1/experiments/eva_laused/acoustic_model/data/label_state_align/lause01942.lab, 195 labels
2025-05-09 14:00:04,462     INFO         labels: loaded /home/meelis/merlin/egs/build_your_own_voice/s1/experiments/eva_laused/acoustic_model/data/label_state_align/lause01889.lab, 340 labels
2025-05-09 14:00:04,471     INFO         labels: loaded /home/meelis/merlin/egs/build_your_own_voice/s1/experiments/eva_laused/acoustic_model/data/label_state_align/lause01685.lab, 425 labels
2025-05-09 14:00:04,535     INFO         labels: loaded /home/meelis/merlin/egs/build_your_own_voice/s1/experiments/eva_laused/acoustic_model/data/label_state_align/lause01568.lab, 465 labels
2025-05-09 14:00:04,592     INFO         labels: loaded /home/meelis/merlin/egs/build_your_own_voice/s1/experiments/eva_laused/acoustic_model/data/label_state_align/lause01943.lab, 290 labels
2025-05-09 14:00:04,624     INFO         labels: loaded /home/meelis/merlin/egs/build_your_own_voice/s1/experiments/eva_laused/acoustic_model/data/label_state_align/lause01961.lab, 285 labels
2025-05-09 14:00:04,690     INFO         labels: loaded /home/meelis/merlin/egs/build_your_own_voice/s1/experiments/eva_laused/acoustic_model/data/label_state_align/lause01817.lab, 205 labels
2025-05-09 14:00:04,729     INFO         labels: loaded /home/meelis/merlin/egs/build_your_own_voice/s1/experiments/eva_laused/acoustic_model/data/label_state_align/lause01452.lab, 185 labels
2025-05-09 14:00:04,784     INFO         labels: loaded /home/meelis/merlin/egs/build_your_own_voice/s1/experiments/eva_laused/acoustic_model/data/label_state_align/lause01623.lab, 180 labels
2025-05-09 14:00:05,007     INFO         labels: loaded /home/meelis/merlin/egs/build_your_own_voice/s1/experiments/eva_laused/acoustic_model/data/label_state_align/lause01944.lab, 215 labels
2025-05-09 14:00:05,042     INFO         labels: loaded /home/meelis/merlin/egs/build_your_own_voice/s1/experiments/eva_laused/acoustic_model/data/label_state_align/lause01890.lab, 320 labels
2025-05-09 14:00:05,147     INFO         labels: loaded /home/meelis/merlin/egs/build_your_own_voice/s1/experiments/eva_laused/acoustic_model/data/label_state_align/lause01818.lab, 240 labels
2025-05-09 14:00:05,242     INFO         labels: loaded /home/meelis/merlin/egs/build_your_own_voice/s1/experiments/eva_laused/acoustic_model/data/label_state_align/lause01962.lab, 290 labels
2025-05-09 14:00:05,342     INFO         labels: loaded /home/meelis/merlin/egs/build_your_own_voice/s1/experiments/eva_laused/acoustic_model/data/label_state_align/lause01945.lab, 220 labels
2025-05-09 14:00:05,362     INFO         labels: loaded /home/meelis/merlin/egs/build_your_own_voice/s1/experiments/eva_laused/acoustic_model/data/label_state_align/lause01686.lab, 160 labels
2025-05-09 14:00:05,366     INFO         labels: loaded /home/meelis/merlin/egs/build_your_own_voice/s1/experiments/eva_laused/acoustic_model/data/label_state_align/lause01624.lab, 155 labels
2025-05-09 14:00:05,385     INFO         labels: loaded /home/meelis/merlin/egs/build_your_own_voice/s1/experiments/eva_laused/acoustic_model/data/label_state_align/lause01569.lab, 305 labels
2025-05-09 14:00:05,485     INFO         labels: loaded /home/meelis/merlin/egs/build_your_own_voice/s1/experiments/eva_laused/acoustic_model/data/label_state_align/lause01891.lab, 220 labels
2025-05-09 14:00:05,538     INFO         labels: loaded /home/meelis/merlin/egs/build_your_own_voice/s1/experiments/eva_laused/acoustic_model/data/label_state_align/lause01946.lab, 230 labels
2025-05-09 14:00:05,574     INFO         labels: loaded /home/meelis/merlin/egs/build_your_own_voice/s1/experiments/eva_laused/acoustic_model/data/label_state_align/lause01819.lab, 290 labels
2025-05-09 14:00:05,664     INFO         labels: loaded /home/meelis/merlin/egs/build_your_own_voice/s1/experiments/eva_laused/acoustic_model/data/label_state_align/lause01963.lab, 190 labels
2025-05-09 14:00:05,724     INFO         labels: loaded /home/meelis/merlin/egs/build_your_own_voice/s1/experiments/eva_laused/acoustic_model/data/label_state_align/lause01947.lab, 240 labels
2025-05-09 14:00:05,794     INFO         labels: loaded /home/meelis/merlin/egs/build_your_own_voice/s1/experiments/eva_laused/acoustic_model/data/label_state_align/lause01625.lab, 155 labels
2025-05-09 14:00:05,801     INFO         labels: loaded /home/meelis/merlin/egs/build_your_own_voice/s1/experiments/eva_laused/acoustic_model/data/label_state_align/lause01687.lab, 365 labels
2025-05-09 14:00:05,974     INFO         labels: loaded /home/meelis/merlin/egs/build_your_own_voice/s1/experiments/eva_laused/acoustic_model/data/label_state_align/lause01892.lab, 245 labels
2025-05-09 14:00:06,008     INFO         labels: loaded /home/meelis/merlin/egs/build_your_own_voice/s1/experiments/eva_laused/acoustic_model/data/label_state_align/lause01964.lab, 215 labels
2025-05-09 14:00:06,012     INFO         labels: loaded /home/meelis/merlin/egs/build_your_own_voice/s1/experiments/eva_laused/acoustic_model/data/label_state_align/lause01570.lab, 310 labels
2025-05-09 14:00:06,012     INFO         labels: loaded /home/meelis/merlin/egs/build_your_own_voice/s1/experiments/eva_laused/acoustic_model/data/label_state_align/lause01820.lab, 120 labels
2025-05-09 14:00:06,014     INFO         labels: loaded /home/meelis/merlin/egs/build_your_own_voice/s1/experiments/eva_laused/acoustic_model/data/label_state_align/lause01948.lab, 275 labels
2025-05-09 14:00:06,152     INFO         labels: loaded /home/meelis/merlin/egs/build_your_own_voice/s1/experiments/eva_laused/acoustic_model/data/label_state_align/lause01949.lab, 365 labels
2025-05-09 14:00:06,238     INFO         labels: loaded /home/meelis/merlin/egs/build_your_own_voice/s1/experiments/eva_laused/acoustic_model/data/label_state_align/lause01821.lab, 300 labels
2025-05-09 14:00:06,268     INFO         labels: loaded /home/meelis/merlin/egs/build_your_own_voice/s1/experiments/eva_laused/acoustic_model/data/label_state_align/lause01626.lab, 145 labels
2025-05-09 14:00:06,375     INFO         labels: loaded /home/meelis/merlin/egs/build_your_own_voice/s1/experiments/eva_laused/acoustic_model/data/label_state_align/lause01893.lab, 200 labels
2025-05-09 14:00:06,392     INFO         labels: loaded /home/meelis/merlin/egs/build_your_own_voice/s1/experiments/eva_laused/acoustic_model/data/label_state_align/lause01965.lab, 300 labels
2025-05-09 14:00:06,395     INFO         labels: loaded /home/meelis/merlin/egs/build_your_own_voice/s1/experiments/eva_laused/acoustic_model/data/label_state_align/lause01688.lab, 255 labels
2025-05-09 14:00:06,492     INFO         labels: loaded /home/meelis/merlin/egs/build_your_own_voice/s1/experiments/eva_laused/acoustic_model/data/label_state_align/lause01950.lab, 200 labels
2025-05-09 14:00:06,534     INFO         labels: loaded /home/meelis/merlin/egs/build_your_own_voice/s1/experiments/eva_laused/acoustic_model/data/label_state_align/lause01571.lab, 430 labels
2025-05-09 14:00:06,642     INFO         labels: loaded /home/meelis/merlin/egs/build_your_own_voice/s1/experiments/eva_laused/acoustic_model/data/label_state_align/lause01822.lab, 445 labels
2025-05-09 14:00:06,647     INFO         labels: loaded /home/meelis/merlin/egs/build_your_own_voice/s1/experiments/eva_laused/acoustic_model/data/label_state_align/lause01627.lab, 215 labels
2025-05-09 14:00:06,711     INFO         labels: loaded /home/meelis/merlin/egs/build_your_own_voice/s1/experiments/eva_laused/acoustic_model/data/label_state_align/lause01951.lab, 330 labels
2025-05-09 14:00:06,806     INFO         labels: loaded /home/meelis/merlin/egs/build_your_own_voice/s1/experiments/eva_laused/acoustic_model/data/label_state_align/lause01966.lab, 150 labels
2025-05-09 14:00:06,834     INFO         labels: loaded /home/meelis/merlin/egs/build_your_own_voice/s1/experiments/eva_laused/acoustic_model/data/label_state_align/lause01689.lab, 230 labels
2025-05-09 14:00:06,855     INFO         labels: loaded /home/meelis/merlin/egs/build_your_own_voice/s1/experiments/eva_laused/acoustic_model/data/label_state_align/lause01952.lab, 215 labels
2025-05-09 14:00:07,245     INFO         labels: loaded /home/meelis/merlin/egs/build_your_own_voice/s1/experiments/eva_laused/acoustic_model/data/label_state_align/lause01823.lab, 445 labels
2025-05-09 14:00:07,279     INFO         labels: loaded /home/meelis/merlin/egs/build_your_own_voice/s1/experiments/eva_laused/acoustic_model/data/label_state_align/lause01953.lab, 225 labels
2025-05-09 14:00:07,281     INFO         labels: loaded /home/meelis/merlin/egs/build_your_own_voice/s1/experiments/eva_laused/acoustic_model/data/label_state_align/lause01967.lab, 140 labels
2025-05-09 14:00:07,285     INFO         labels: loaded /home/meelis/merlin/egs/build_your_own_voice/s1/experiments/eva_laused/acoustic_model/data/label_state_align/lause01628.lab, 410 labels
2025-05-09 14:00:07,316     INFO         labels: loaded /home/meelis/merlin/egs/build_your_own_voice/s1/experiments/eva_laused/acoustic_model/data/label_state_align/lause01690.lab, 275 labels
2025-05-09 14:00:07,374     INFO         labels: loaded /home/meelis/merlin/egs/build_your_own_voice/s1/experiments/eva_laused/acoustic_model/data/label_state_align/lause01824.lab, 260 labels
2025-05-09 14:00:07,623     INFO         labels: loaded /home/meelis/merlin/egs/build_your_own_voice/s1/experiments/eva_laused/acoustic_model/data/label_state_align/lause01572.lab, 290 labels
2025-05-09 14:00:07,653     INFO         labels: loaded /home/meelis/merlin/egs/build_your_own_voice/s1/experiments/eva_laused/acoustic_model/data/label_state_align/lause01954.lab, 270 labels
2025-05-09 14:00:07,654     INFO         labels: loaded /home/meelis/merlin/egs/build_your_own_voice/s1/experiments/eva_laused/acoustic_model/data/label_state_align/lause01968.lab, 165 labels
2025-05-09 14:00:07,675     INFO         labels: loaded /home/meelis/merlin/egs/build_your_own_voice/s1/experiments/eva_laused/acoustic_model/data/label_state_align/lause01629.lab, 250 labels
2025-05-09 14:00:07,675     INFO         labels: loaded /home/meelis/merlin/egs/build_your_own_voice/s1/experiments/eva_laused/acoustic_model/data/label_state_align/lause01825.lab, 265 labels
2025-05-09 14:00:07,677     INFO         labels: loaded /home/meelis/merlin/egs/build_your_own_voice/s1/experiments/eva_laused/acoustic_model/data/label_state_align/lause01691.lab, 255 labels
2025-05-09 14:00:07,715     INFO         labels: loaded /home/meelis/merlin/egs/build_your_own_voice/s1/experiments/eva_laused/acoustic_model/data/label_state_align/lause01573.lab, 345 labels
2025-05-09 14:00:07,826     INFO         labels: loaded /home/meelis/merlin/egs/build_your_own_voice/s1/experiments/eva_laused/acoustic_model/data/label_state_align/lause01826.lab, 155 labels
2025-05-09 14:00:07,843     INFO         labels: loaded /home/meelis/merlin/egs/build_your_own_voice/s1/experiments/eva_laused/acoustic_model/data/label_state_align/lause01955.lab, 490 labels
2025-05-09 14:00:07,875     INFO         labels: loaded /home/meelis/merlin/egs/build_your_own_voice/s1/experiments/eva_laused/acoustic_model/data/label_state_align/lause01969.lab, 130 labels
2025-05-09 14:00:07,912     INFO         labels: loaded /home/meelis/merlin/egs/build_your_own_voice/s1/experiments/eva_laused/acoustic_model/data/label_state_align/lause01827.lab, 175 labels
2025-05-09 14:00:07,984     INFO         labels: loaded /home/meelis/merlin/egs/build_your_own_voice/s1/experiments/eva_laused/acoustic_model/data/label_state_align/lause01828.lab, 255 labels
2025-05-09 14:00:07,999     INFO         labels: loaded /home/meelis/merlin/egs/build_your_own_voice/s1/experiments/eva_laused/acoustic_model/data/label_state_align/lause01630.lab, 405 labels
2025-05-09 14:00:08,137     INFO         labels: loaded /home/meelis/merlin/egs/build_your_own_voice/s1/experiments/eva_laused/acoustic_model/data/label_state_align/lause01574.lab, 165 labels
2025-05-09 14:00:08,162     INFO         labels: loaded /home/meelis/merlin/egs/build_your_own_voice/s1/experiments/eva_laused/acoustic_model/data/label_state_align/lause01692.lab, 250 labels
2025-05-09 14:00:08,165     INFO         labels: loaded /home/meelis/merlin/egs/build_your_own_voice/s1/experiments/eva_laused/acoustic_model/data/label_state_align/lause01829.lab, 250 labels
2025-05-09 14:00:08,169     INFO         labels: loaded /home/meelis/merlin/egs/build_your_own_voice/s1/experiments/eva_laused/acoustic_model/data/label_state_align/lause01970.lab, 125 labels
2025-05-09 14:00:08,261     INFO         labels: loaded /home/meelis/merlin/egs/build_your_own_voice/s1/experiments/eva_laused/acoustic_model/data/label_state_align/lause01956.lab, 335 labels
2025-05-09 14:00:08,300     INFO         labels: loaded /home/meelis/merlin/egs/build_your_own_voice/s1/experiments/eva_laused/acoustic_model/data/label_state_align/lause01830.lab, 230 labels
2025-05-09 14:00:08,375     INFO         labels: loaded /home/meelis/merlin/egs/build_your_own_voice/s1/experiments/eva_laused/acoustic_model/data/label_state_align/lause01971.lab, 340 labels
2025-05-09 14:00:08,435     INFO         labels: loaded /home/meelis/merlin/egs/build_your_own_voice/s1/experiments/eva_laused/acoustic_model/data/label_state_align/lause01575.lab, 205 labels
2025-05-09 14:00:08,504     INFO         labels: loaded /home/meelis/merlin/egs/build_your_own_voice/s1/experiments/eva_laused/acoustic_model/data/label_state_align/lause01693.lab, 205 labels
2025-05-09 14:00:08,538     INFO         labels: loaded /home/meelis/merlin/egs/build_your_own_voice/s1/experiments/eva_laused/acoustic_model/data/label_state_align/lause01631.lab, 495 labels
2025-05-09 14:00:08,615     INFO         labels: loaded /home/meelis/merlin/egs/build_your_own_voice/s1/experiments/eva_laused/acoustic_model/data/label_state_align/lause01972.lab, 200 labels
2025-05-09 14:00:08,621     INFO         labels: loaded /home/meelis/merlin/egs/build_your_own_voice/s1/experiments/eva_laused/acoustic_model/data/label_state_align/lause01694.lab, 110 labels
2025-05-09 14:00:08,622     INFO         labels: loaded /home/meelis/merlin/egs/build_your_own_voice/s1/experiments/eva_laused/acoustic_model/data/label_state_align/lause01576.lab, 305 labels
2025-05-09 14:00:08,682     INFO         labels: loaded /home/meelis/merlin/egs/build_your_own_voice/s1/experiments/eva_laused/acoustic_model/data/label_state_align/lause01632.lab, 235 labels
2025-05-09 14:00:08,747     INFO         labels: loaded /home/meelis/merlin/egs/build_your_own_voice/s1/experiments/eva_laused/acoustic_model/data/label_state_align/lause01577.lab, 170 labels
2025-05-09 14:00:08,759     INFO         labels: loaded /home/meelis/merlin/egs/build_your_own_voice/s1/experiments/eva_laused/acoustic_model/data/label_state_align/lause01695.lab, 180 labels
2025-05-09 14:00:08,766     INFO         labels: loaded /home/meelis/merlin/egs/build_your_own_voice/s1/experiments/eva_laused/acoustic_model/data/label_state_align/lause01633.lab, 335 labels
2025-05-09 14:00:08,776     INFO         labels: loaded /home/meelis/merlin/egs/build_your_own_voice/s1/experiments/eva_laused/acoustic_model/data/label_state_align/lause01973.lab, 165 labels
2025-05-09 14:00:08,821     INFO         labels: loaded /home/meelis/merlin/egs/build_your_own_voice/s1/experiments/eva_laused/acoustic_model/data/label_state_align/lause01578.lab, 210 labels
2025-05-09 14:00:08,827     INFO         labels: loaded /home/meelis/merlin/egs/build_your_own_voice/s1/experiments/eva_laused/acoustic_model/data/label_state_align/lause01634.lab, 535 labels
2025-05-09 14:00:08,963     INFO         labels: loaded /home/meelis/merlin/egs/build_your_own_voice/s1/experiments/eva_laused/acoustic_model/data/label_state_align/lause01635.lab, 605 labels
2025-05-09 14:00:08,997     INFO         labels: loaded /home/meelis/merlin/egs/build_your_own_voice/s1/experiments/eva_laused/acoustic_model/data/label_state_align/lause01974.lab, 170 labels
2025-05-09 14:00:09,026     INFO         labels: loaded /home/meelis/merlin/egs/build_your_own_voice/s1/experiments/eva_laused/acoustic_model/data/label_state_align/lause01696.lab, 215 labels
2025-05-09 14:00:09,117     INFO         labels: loaded /home/meelis/merlin/egs/build_your_own_voice/s1/experiments/eva_laused/acoustic_model/data/label_state_align/lause01636.lab, 240 labels
2025-05-09 14:00:09,152     INFO         labels: loaded /home/meelis/merlin/egs/build_your_own_voice/s1/experiments/eva_laused/acoustic_model/data/label_state_align/lause01975.lab, 260 labels
2025-05-09 14:00:09,158     INFO         labels: loaded /home/meelis/merlin/egs/build_your_own_voice/s1/experiments/eva_laused/acoustic_model/data/label_state_align/lause01697.lab, 270 labels
2025-05-09 14:00:09,197     INFO         labels: loaded /home/meelis/merlin/egs/build_your_own_voice/s1/experiments/eva_laused/acoustic_model/data/label_state_align/lause01637.lab, 290 labels
2025-05-09 14:00:09,296     INFO         labels: loaded /home/meelis/merlin/egs/build_your_own_voice/s1/experiments/eva_laused/acoustic_model/data/label_state_align/lause01976.lab, 245 labels
2025-05-09 14:00:09,327     INFO         labels: loaded /home/meelis/merlin/egs/build_your_own_voice/s1/experiments/eva_laused/acoustic_model/data/label_state_align/lause01638.lab, 365 labels
2025-05-09 14:00:09,367     INFO         labels: loaded /home/meelis/merlin/egs/build_your_own_voice/s1/experiments/eva_laused/acoustic_model/data/label_state_align/lause01977.lab, 260 labels
2025-05-09 14:00:09,370     INFO         labels: loaded /home/meelis/merlin/egs/build_your_own_voice/s1/experiments/eva_laused/acoustic_model/data/label_state_align/lause01698.lab, 245 labels
2025-05-09 14:00:09,377     INFO         labels: loaded /home/meelis/merlin/egs/build_your_own_voice/s1/experiments/eva_laused/acoustic_model/data/label_state_align/lause01639.lab, 295 labels
2025-05-09 14:00:09,470     INFO         labels: loaded /home/meelis/merlin/egs/build_your_own_voice/s1/experiments/eva_laused/acoustic_model/data/label_state_align/lause01640.lab, 195 labels
2025-05-09 14:00:09,478     INFO         labels: loaded /home/meelis/merlin/egs/build_your_own_voice/s1/experiments/eva_laused/acoustic_model/data/label_state_align/lause01978.lab, 230 labels
2025-05-09 14:00:09,492     INFO         labels: loaded /home/meelis/merlin/egs/build_your_own_voice/s1/experiments/eva_laused/acoustic_model/data/label_state_align/lause01699.lab, 250 labels
2025-05-09 14:00:09,509     INFO         labels: loaded /home/meelis/merlin/egs/build_your_own_voice/s1/experiments/eva_laused/acoustic_model/data/label_state_align/lause01641.lab, 255 labels
2025-05-09 14:00:09,593     INFO         labels: loaded /home/meelis/merlin/egs/build_your_own_voice/s1/experiments/eva_laused/acoustic_model/data/label_state_align/lause01979.lab, 280 labels
2025-05-09 14:00:09,620     INFO         labels: loaded /home/meelis/merlin/egs/build_your_own_voice/s1/experiments/eva_laused/acoustic_model/data/label_state_align/lause01700.lab, 230 labels
2025-05-09 14:00:09,658     INFO         labels: loaded /home/meelis/merlin/egs/build_your_own_voice/s1/experiments/eva_laused/acoustic_model/data/label_state_align/lause01980.lab, 185 labels
2025-05-09 14:00:09,690     INFO         labels: loaded /home/meelis/merlin/egs/build_your_own_voice/s1/experiments/eva_laused/acoustic_model/data/label_state_align/lause01701.lab, 255 labels
2025-05-09 14:00:09,706     INFO         labels: loaded /home/meelis/merlin/egs/build_your_own_voice/s1/experiments/eva_laused/acoustic_model/data/label_state_align/lause01981.lab, 215 labels
2025-05-09 14:00:09,760     INFO         labels: loaded /home/meelis/merlin/egs/build_your_own_voice/s1/experiments/eva_laused/acoustic_model/data/label_state_align/lause01982.lab, 160 labels
2025-05-09 14:00:09,768     INFO         labels: loaded /home/meelis/merlin/egs/build_your_own_voice/s1/experiments/eva_laused/acoustic_model/data/label_state_align/lause01702.lab, 285 labels
2025-05-09 14:00:09,806     INFO         labels: loaded /home/meelis/merlin/egs/build_your_own_voice/s1/experiments/eva_laused/acoustic_model/data/label_state_align/lause01983.lab, 205 labels
2025-05-09 14:00:09,839     INFO         labels: loaded /home/meelis/merlin/egs/build_your_own_voice/s1/experiments/eva_laused/acoustic_model/data/label_state_align/lause01703.lab, 185 labels
2025-05-09 14:00:09,861     INFO         labels: loaded /home/meelis/merlin/egs/build_your_own_voice/s1/experiments/eva_laused/acoustic_model/data/label_state_align/lause01984.lab, 135 labels
2025-05-09 14:00:09,893     INFO         labels: loaded /home/meelis/merlin/egs/build_your_own_voice/s1/experiments/eva_laused/acoustic_model/data/label_state_align/lause01704.lab, 105 labels
2025-05-09 14:00:09,899     INFO         labels: loaded /home/meelis/merlin/egs/build_your_own_voice/s1/experiments/eva_laused/acoustic_model/data/label_state_align/lause01985.lab, 195 labels
2025-05-09 14:00:09,936     INFO         labels: loaded /home/meelis/merlin/egs/build_your_own_voice/s1/experiments/eva_laused/acoustic_model/data/label_state_align/lause01986.lab, 115 labels
2025-05-09 14:00:09,949     INFO         labels: loaded /home/meelis/merlin/egs/build_your_own_voice/s1/experiments/eva_laused/acoustic_model/data/label_state_align/lause01987.lab,  70 labels
2025-05-09 14:00:09,958     INFO         labels: loaded /home/meelis/merlin/egs/build_your_own_voice/s1/experiments/eva_laused/acoustic_model/data/label_state_align/lause01988.lab,  85 labels
2025-05-09 14:00:09,969     INFO         labels: loaded /home/meelis/merlin/egs/build_your_own_voice/s1/experiments/eva_laused/acoustic_model/data/label_state_align/lause01989.lab, 100 labels
2025-05-09 14:00:09,981     INFO         labels: loaded /home/meelis/merlin/egs/build_your_own_voice/s1/experiments/eva_laused/acoustic_model/data/label_state_align/lause01990.lab,  85 labels
2025-05-09 14:00:09,992     INFO         labels: loaded /home/meelis/merlin/egs/build_your_own_voice/s1/experiments/eva_laused/acoustic_model/data/label_state_align/lause01991.lab, 140 labels
2025-05-09 14:00:10,009     INFO         labels: loaded /home/meelis/merlin/egs/build_your_own_voice/s1/experiments/eva_laused/acoustic_model/data/label_state_align/lause01992.lab, 120 labels
2025-05-09 14:00:10,023     INFO         labels: loaded /home/meelis/merlin/egs/build_your_own_voice/s1/experiments/eva_laused/acoustic_model/data/label_state_align/lause01993.lab, 175 labels
2025-05-09 14:00:10,043     INFO         labels: loaded /home/meelis/merlin/egs/build_your_own_voice/s1/experiments/eva_laused/acoustic_model/data/label_state_align/lause01994.lab, 140 labels
2025-05-09 14:00:10,059     INFO         labels: loaded /home/meelis/merlin/egs/build_your_own_voice/s1/experiments/eva_laused/acoustic_model/data/label_state_align/lause01995.lab,  75 labels
2025-05-09 14:00:10,068     INFO         labels: loaded /home/meelis/merlin/egs/build_your_own_voice/s1/experiments/eva_laused/acoustic_model/data/label_state_align/lause01996.lab,  65 labels
2025-05-09 14:00:10,076     INFO         labels: loaded /home/meelis/merlin/egs/build_your_own_voice/s1/experiments/eva_laused/acoustic_model/data/label_state_align/lause01997.lab,  75 labels
2025-05-09 14:00:10,085     INFO         labels: loaded /home/meelis/merlin/egs/build_your_own_voice/s1/experiments/eva_laused/acoustic_model/data/label_state_align/lause01998.lab, 100 labels
2025-05-09 14:00:10,097     INFO         labels: loaded /home/meelis/merlin/egs/build_your_own_voice/s1/experiments/eva_laused/acoustic_model/data/label_state_align/lause01999.lab, 100 labels
2025-05-09 14:00:10,109     INFO         labels: loaded /home/meelis/merlin/egs/build_your_own_voice/s1/experiments/eva_laused/acoustic_model/data/label_state_align/lause02000.lab,  70 labels
2025-05-09 14:00:10,117     INFO         labels: loaded /home/meelis/merlin/egs/build_your_own_voice/s1/experiments/eva_laused/acoustic_model/data/label_state_align/lause02001.lab,  80 labels
2025-05-09 14:00:17,419     INFO  acoustic_norm: across 1850 files found min/max values of length 369:
2025-05-09 14:00:17,422     INFO  acoustic_norm:   min: [[ 0.          0.          0.          0.          0.          0.
   0.          0.          0.          0.          0.          0.
   0.          0.          0.          0.          0.          0.
   0.          0.          0.          0.          0.          0.
   0.          0.          0.          0.          0.          0.
   0.          0.          0.          0.          0.          0.
   0.          0.          0.          0.          0.          0.
   0.          0.          0.          0.          0.          0.
   0.          0.          0.          0.          0.          0.
   0.          0.          0.          0.          0.          0.
   0.          0.          0.          0.          0.          0.
   0.          0.          0.          0.          0.          0.
   0.          0.          0.          0.          0.          0.
   0.          0.          0.          0.          0.          0.
   0.          0.          0.          0.          0.          0.
   0.          0.          0.          0.          0.          0.
   0.          0.          0.          0.          0.          0.
   0.          0.          0.          0.          0.          0.
   0.          0.          0.          0.          0.          0.
   0.          0.          0.          0.          0.          0.
   0.          0.          0.          0.          0.          0.
   0.          0.          0.          0.          0.          0.
   0.          0.          0.          0.          0.          0.
   0.          0.          0.          0.          0.          0.
   0.          0.          0.          0.          0.          0.
   0.          0.          0.          0.          0.          0.
   0.          0.          0.          0.          0.          0.
   0.          0.          0.          0.          0.          0.
   0.          0.          0.          0.          0.          0.
   0.          0.          0.          0.          0.          0.
   0.          0.          0.          0.          0.          0.
   0.          0.          0.          0.          0.          0.
   0.          0.          0.          0.          0.          0.
   0.          0.          0.          0.          0.          0.
   0.          0.          0.          0.          0.          0.
   0.          0.          0.          0.          0.          0.
   0.          0.          0.          0.          0.          0.
   0.          0.          0.          0.          0.          0.
   0.          0.          0.          0.          0.          0.
   0.          0.          0.          0.          0.          0.
   0.          0.          0.          0.          0.          0.
   0.          0.          0.          0.          0.          0.
   0.          0.          0.          0.          0.          0.
   0.          0.          0.          0.          0.          0.
   0.          0.          0.          0.          0.          0.
   0.          0.          0.          0.          0.          0.
   0.          0.          0.          0.          0.          0.
   0.          0.          0.          0.          0.          0.
   0.          0.          0.          0.          0.          0.
   0.          0.          0.          0.          0.          0.
   0.          0.          0.          0.          0.          0.
   0.          0.          0.          0.          0.          0.
   0.          0.          0.          0.          0.          0.
   0.          0.          0.          0.          0.          0.
   0.          0.          0.          0.         -1.         -1.
   0.          0.          0.          0.          0.          0.
   0.          0.          0.          0.          0.          0.
   0.          0.          0.          0.          0.          0.
   0.          0.          0.          0.          0.          0.
   0.          0.          1.          2.          1.          1.
   0.01        0.01        1.          1.          1.          5.
   0.00892857  0.00892857  0.00892857]]
2025-05-09 14:00:17,424     INFO  acoustic_norm:   max: [[  1.           1.           1.           1.           1.
    1.           1.           1.           1.           1.
    1.           1.           1.           1.           1.
    1.           1.           1.           1.           1.
    1.           1.           1.           1.           1.
    1.           1.           1.           1.           1.
    1.           1.           0.           1.           1.
    1.           1.           1.           1.           1.
    1.           1.           1.           1.           1.
    1.           1.           1.           1.           1.
    1.           1.           1.           1.           1.
    1.           1.           1.           1.           0.
    1.           1.           1.           1.           1.
    1.           0.           1.           1.           1.
    1.           1.           1.           1.           1.
    1.           1.           1.           1.           1.
    1.           1.           1.           1.           1.
    1.           1.           1.           1.           1.
    1.           1.           1.           1.           1.
    1.           1.           1.           1.           1.
    1.           1.           1.           1.           1.
    1.           1.           1.           1.           1.
    1.           1.           1.           1.           0.
    1.           1.           1.           1.           1.
    1.           1.           1.           1.           1.
    1.           1.           1.           1.           1.
    1.           1.           1.           1.           1.
    1.           1.           1.           1.           1.
    1.           1.           1.           1.           1.
    1.           1.           1.           1.           1.
    1.           1.           1.           1.           1.
    1.           1.           1.           1.           1.
    1.           1.           1.           1.           1.
    1.           1.           1.           1.           0.
    1.           1.           1.           1.           1.
    1.           1.           1.           1.           1.
    1.           1.           1.           1.           1.
    1.           1.           1.           1.           1.
    1.           1.           1.           1.           1.
    1.           1.           1.           1.           1.
    1.           1.           1.           1.           1.
    1.           1.           1.           1.           1.
    1.           1.           1.           1.           1.
    1.           1.           1.           1.           1.
    1.           1.           1.           1.           0.
    1.           1.           1.           1.           1.
    1.           1.           1.           1.           1.
    1.           1.           1.           1.           1.
    1.           1.           1.           1.           1.
    1.           1.           1.           1.           1.
    1.           1.           1.           1.           1.
    1.           1.           1.           1.           1.
    1.           1.           1.           1.           1.
    1.           1.           1.           1.           1.
    1.           1.           1.           1.           1.
    1.           1.           1.           1.           0.
    1.           1.           1.           1.           1.
    1.           1.           1.           1.           1.
    1.           1.           1.           1.           1.
    1.           1.           1.           1.           1.
    1.           1.           1.           1.           1.
    1.           1.           1.           1.           1.
    1.           1.           1.           1.           1.
    1.           1.           1.           1.           1.
    1.           1.           1.           1.           1.
    1.           1.           1.           7.           7.
    2.           1.           6.           2.           1.
    7.          11.          11.          41.          41.
    2.           1.           6.          11.          11.
   13.          13.           8.          32.          10.
   41.          13.           5.           5.          30.
   11.           3.          41.          18.           5.
    1.           1.         100.           5.           5.
  112.           0.93846154   1.           1.        ]]
2025-05-09 14:00:22,494     INFO           main: saved 369 vectors to /home/meelis/merlin/egs/build_your_own_voice/s1/experiments/eva_laused/acoustic_model/inter_module/label_norm_HTS_369.dat
2025-05-09 14:00:22,494     INFO           main: creating acoustic (output) features
2025-05-09 14:00:22,521     INFO  acoustic_comp: processing file    1 of  250 : /home/meelis/merlin/egs/build_your_own_voice/s1/experiments/eva_laused/acoustic_model/inter_module/nn_mgc_lf0_vuv_bap_199/lause00001.cmp
2025-05-09 14:00:22,521     INFO  acoustic_comp: processing file    1 of  250 : /home/meelis/merlin/egs/build_your_own_voice/s1/experiments/eva_laused/acoustic_model/inter_module/nn_mgc_lf0_vuv_bap_199/lause00002.cmp
2025-05-09 14:00:22,522     INFO  acoustic_comp: processing file    1 of  250 : /home/meelis/merlin/egs/build_your_own_voice/s1/experiments/eva_laused/acoustic_model/inter_module/nn_mgc_lf0_vuv_bap_199/lause00003.cmp
2025-05-09 14:00:22,522     INFO  acoustic_comp: processing file    1 of  250 : /home/meelis/merlin/egs/build_your_own_voice/s1/experiments/eva_laused/acoustic_model/inter_module/nn_mgc_lf0_vuv_bap_199/lause00004.cmp
2025-05-09 14:00:22,522     INFO  acoustic_comp: processing file    1 of  250 : /home/meelis/merlin/egs/build_your_own_voice/s1/experiments/eva_laused/acoustic_model/inter_module/nn_mgc_lf0_vuv_bap_199/lause00005.cmp
2025-05-09 14:00:22,522     INFO  acoustic_comp: processing file    1 of  250 : /home/meelis/merlin/egs/build_your_own_voice/s1/experiments/eva_laused/acoustic_model/inter_module/nn_mgc_lf0_vuv_bap_199/lause00006.cmp
2025-05-09 14:00:22,523     INFO  acoustic_comp: processing file    1 of  249 : /home/meelis/merlin/egs/build_your_own_voice/s1/experiments/eva_laused/acoustic_model/inter_module/nn_mgc_lf0_vuv_bap_199/lause00007.cmp
2025-05-09 14:00:22,531     INFO  acoustic_comp: processing file    1 of  249 : /home/meelis/merlin/egs/build_your_own_voice/s1/experiments/eva_laused/acoustic_model/inter_module/nn_mgc_lf0_vuv_bap_199/lause00008.cmp
2025-05-09 14:00:23,421     INFO  acoustic_comp: processing file    2 of  249 : /home/meelis/merlin/egs/build_your_own_voice/s1/experiments/eva_laused/acoustic_model/inter_module/nn_mgc_lf0_vuv_bap_199/lause00016.cmp
2025-05-09 14:00:23,458     INFO  acoustic_comp: processing file    2 of  250 : /home/meelis/merlin/egs/build_your_own_voice/s1/experiments/eva_laused/acoustic_model/inter_module/nn_mgc_lf0_vuv_bap_199/lause00011.cmp
2025-05-09 14:00:23,490     INFO  acoustic_comp: processing file    2 of  250 : /home/meelis/merlin/egs/build_your_own_voice/s1/experiments/eva_laused/acoustic_model/inter_module/nn_mgc_lf0_vuv_bap_199/lause00014.cmp
2025-05-09 14:00:23,537     INFO  acoustic_comp: processing file    2 of  250 : /home/meelis/merlin/egs/build_your_own_voice/s1/experiments/eva_laused/acoustic_model/inter_module/nn_mgc_lf0_vuv_bap_199/lause00013.cmp
2025-05-09 14:00:23,558     INFO  acoustic_comp: processing file    2 of  250 : /home/meelis/merlin/egs/build_your_own_voice/s1/experiments/eva_laused/acoustic_model/inter_module/nn_mgc_lf0_vuv_bap_199/lause00009.cmp
2025-05-09 14:00:23,568     INFO  acoustic_comp: processing file    2 of  250 : /home/meelis/merlin/egs/build_your_own_voice/s1/experiments/eva_laused/acoustic_model/inter_module/nn_mgc_lf0_vuv_bap_199/lause00012.cmp
2025-05-09 14:00:23,707     INFO  acoustic_comp: processing file    2 of  250 : /home/meelis/merlin/egs/build_your_own_voice/s1/experiments/eva_laused/acoustic_model/inter_module/nn_mgc_lf0_vuv_bap_199/lause00010.cmp
2025-05-09 14:00:23,729     INFO  acoustic_comp: processing file    2 of  249 : /home/meelis/merlin/egs/build_your_own_voice/s1/experiments/eva_laused/acoustic_model/inter_module/nn_mgc_lf0_vuv_bap_199/lause00015.cmp
2025-05-09 14:00:24,320     INFO  acoustic_comp: processing file    3 of  250 : /home/meelis/merlin/egs/build_your_own_voice/s1/experiments/eva_laused/acoustic_model/inter_module/nn_mgc_lf0_vuv_bap_199/lause00019.cmp
2025-05-09 14:00:24,357     INFO  acoustic_comp: processing file    3 of  250 : /home/meelis/merlin/egs/build_your_own_voice/s1/experiments/eva_laused/acoustic_model/inter_module/nn_mgc_lf0_vuv_bap_199/lause00017.cmp
2025-05-09 14:00:24,752     INFO  acoustic_comp: processing file    3 of  250 : /home/meelis/merlin/egs/build_your_own_voice/s1/experiments/eva_laused/acoustic_model/inter_module/nn_mgc_lf0_vuv_bap_199/lause00021.cmp
2025-05-09 14:00:24,765     INFO  acoustic_comp: processing file    3 of  250 : /home/meelis/merlin/egs/build_your_own_voice/s1/experiments/eva_laused/acoustic_model/inter_module/nn_mgc_lf0_vuv_bap_199/lause00022.cmp
2025-05-09 14:00:24,789     INFO  acoustic_comp: processing file    3 of  250 : /home/meelis/merlin/egs/build_your_own_voice/s1/experiments/eva_laused/acoustic_model/inter_module/nn_mgc_lf0_vuv_bap_199/lause00020.cmp
2025-05-09 14:00:24,821     INFO  acoustic_comp: processing file    3 of  249 : /home/meelis/merlin/egs/build_your_own_voice/s1/experiments/eva_laused/acoustic_model/inter_module/nn_mgc_lf0_vuv_bap_199/lause00024.cmp
2025-05-09 14:00:24,945     INFO  acoustic_comp: processing file    3 of  250 : /home/meelis/merlin/egs/build_your_own_voice/s1/experiments/eva_laused/acoustic_model/inter_module/nn_mgc_lf0_vuv_bap_199/lause00018.cmp
2025-05-09 14:00:25,223     INFO  acoustic_comp: processing file    4 of  250 : /home/meelis/merlin/egs/build_your_own_voice/s1/experiments/eva_laused/acoustic_model/inter_module/nn_mgc_lf0_vuv_bap_199/lause00025.cmp
2025-05-09 14:00:25,480     INFO  acoustic_comp: processing file    4 of  250 : /home/meelis/merlin/egs/build_your_own_voice/s1/experiments/eva_laused/acoustic_model/inter_module/nn_mgc_lf0_vuv_bap_199/lause00027.cmp
2025-05-09 14:00:25,516     INFO  acoustic_comp: processing file    4 of  250 : /home/meelis/merlin/egs/build_your_own_voice/s1/experiments/eva_laused/acoustic_model/inter_module/nn_mgc_lf0_vuv_bap_199/lause00029.cmp
2025-05-09 14:00:25,536     INFO  acoustic_comp: processing file    4 of  249 : /home/meelis/merlin/egs/build_your_own_voice/s1/experiments/eva_laused/acoustic_model/inter_module/nn_mgc_lf0_vuv_bap_199/lause00032.cmp
2025-05-09 14:00:25,676     INFO  acoustic_comp: processing file    3 of  249 : /home/meelis/merlin/egs/build_your_own_voice/s1/experiments/eva_laused/acoustic_model/inter_module/nn_mgc_lf0_vuv_bap_199/lause00023.cmp
2025-05-09 14:00:25,818     INFO  acoustic_comp: processing file    4 of  250 : /home/meelis/merlin/egs/build_your_own_voice/s1/experiments/eva_laused/acoustic_model/inter_module/nn_mgc_lf0_vuv_bap_199/lause00030.cmp
2025-05-09 14:00:25,845     INFO  acoustic_comp: processing file    4 of  250 : /home/meelis/merlin/egs/build_your_own_voice/s1/experiments/eva_laused/acoustic_model/inter_module/nn_mgc_lf0_vuv_bap_199/lause00026.cmp
2025-05-09 14:00:25,966     INFO  acoustic_comp: processing file    4 of  250 : /home/meelis/merlin/egs/build_your_own_voice/s1/experiments/eva_laused/acoustic_model/inter_module/nn_mgc_lf0_vuv_bap_199/lause00028.cmp
2025-05-09 14:00:26,068     INFO  acoustic_comp: processing file    5 of  250 : /home/meelis/merlin/egs/build_your_own_voice/s1/experiments/eva_laused/acoustic_model/inter_module/nn_mgc_lf0_vuv_bap_199/lause00033.cmp
2025-05-09 14:00:26,532     INFO  acoustic_comp: processing file    5 of  250 : /home/meelis/merlin/egs/build_your_own_voice/s1/experiments/eva_laused/acoustic_model/inter_module/nn_mgc_lf0_vuv_bap_199/lause00037.cmp
2025-05-09 14:00:26,639     INFO  acoustic_comp: processing file    4 of  249 : /home/meelis/merlin/egs/build_your_own_voice/s1/experiments/eva_laused/acoustic_model/inter_module/nn_mgc_lf0_vuv_bap_199/lause00031.cmp
2025-05-09 14:00:26,804     INFO  acoustic_comp: processing file    5 of  250 : /home/meelis/merlin/egs/build_your_own_voice/s1/experiments/eva_laused/acoustic_model/inter_module/nn_mgc_lf0_vuv_bap_199/lause00035.cmp
2025-05-09 14:00:26,804     INFO  acoustic_comp: processing file    5 of  249 : /home/meelis/merlin/egs/build_your_own_voice/s1/experiments/eva_laused/acoustic_model/inter_module/nn_mgc_lf0_vuv_bap_199/lause00040.cmp
2025-05-09 14:00:26,953     INFO  acoustic_comp: processing file    5 of  250 : /home/meelis/merlin/egs/build_your_own_voice/s1/experiments/eva_laused/acoustic_model/inter_module/nn_mgc_lf0_vuv_bap_199/lause00038.cmp
2025-05-09 14:00:26,980     INFO  acoustic_comp: processing file    5 of  250 : /home/meelis/merlin/egs/build_your_own_voice/s1/experiments/eva_laused/acoustic_model/inter_module/nn_mgc_lf0_vuv_bap_199/lause00036.cmp
2025-05-09 14:00:27,017     INFO  acoustic_comp: processing file    5 of  250 : /home/meelis/merlin/egs/build_your_own_voice/s1/experiments/eva_laused/acoustic_model/inter_module/nn_mgc_lf0_vuv_bap_199/lause00034.cmp
2025-05-09 14:00:27,046     INFO  acoustic_comp: processing file    6 of  250 : /home/meelis/merlin/egs/build_your_own_voice/s1/experiments/eva_laused/acoustic_model/inter_module/nn_mgc_lf0_vuv_bap_199/lause00041.cmp
2025-05-09 14:00:27,477     INFO  acoustic_comp: processing file    5 of  249 : /home/meelis/merlin/egs/build_your_own_voice/s1/experiments/eva_laused/acoustic_model/inter_module/nn_mgc_lf0_vuv_bap_199/lause00039.cmp
2025-05-09 14:00:27,510     INFO  acoustic_comp: processing file    6 of  249 : /home/meelis/merlin/egs/build_your_own_voice/s1/experiments/eva_laused/acoustic_model/inter_module/nn_mgc_lf0_vuv_bap_199/lause00048.cmp
2025-05-09 14:00:27,732     INFO  acoustic_comp: processing file    6 of  250 : /home/meelis/merlin/egs/build_your_own_voice/s1/experiments/eva_laused/acoustic_model/inter_module/nn_mgc_lf0_vuv_bap_199/lause00045.cmp
2025-05-09 14:00:27,876     INFO  acoustic_comp: processing file    7 of  250 : /home/meelis/merlin/egs/build_your_own_voice/s1/experiments/eva_laused/acoustic_model/inter_module/nn_mgc_lf0_vuv_bap_199/lause00049.cmp
2025-05-09 14:00:27,957     INFO  acoustic_comp: processing file    6 of  250 : /home/meelis/merlin/egs/build_your_own_voice/s1/experiments/eva_laused/acoustic_model/inter_module/nn_mgc_lf0_vuv_bap_199/lause00043.cmp
2025-05-09 14:00:28,023     INFO  acoustic_comp: processing file    6 of  250 : /home/meelis/merlin/egs/build_your_own_voice/s1/experiments/eva_laused/acoustic_model/inter_module/nn_mgc_lf0_vuv_bap_199/lause00044.cmp
2025-05-09 14:00:28,038     INFO  acoustic_comp: processing file    6 of  250 : /home/meelis/merlin/egs/build_your_own_voice/s1/experiments/eva_laused/acoustic_model/inter_module/nn_mgc_lf0_vuv_bap_199/lause00042.cmp
2025-05-09 14:00:28,251     INFO  acoustic_comp: processing file    6 of  250 : /home/meelis/merlin/egs/build_your_own_voice/s1/experiments/eva_laused/acoustic_model/inter_module/nn_mgc_lf0_vuv_bap_199/lause00046.cmp
2025-05-09 14:00:28,503     INFO  acoustic_comp: processing file    7 of  250 : /home/meelis/merlin/egs/build_your_own_voice/s1/experiments/eva_laused/acoustic_model/inter_module/nn_mgc_lf0_vuv_bap_199/lause00053.cmp
2025-05-09 14:00:28,650     INFO  acoustic_comp: processing file    7 of  249 : /home/meelis/merlin/egs/build_your_own_voice/s1/experiments/eva_laused/acoustic_model/inter_module/nn_mgc_lf0_vuv_bap_199/lause00056.cmp
2025-05-09 14:00:28,934     INFO  acoustic_comp: processing file    7 of  250 : /home/meelis/merlin/egs/build_your_own_voice/s1/experiments/eva_laused/acoustic_model/inter_module/nn_mgc_lf0_vuv_bap_199/lause00052.cmp
2025-05-09 14:00:28,972     INFO  acoustic_comp: processing file    7 of  250 : /home/meelis/merlin/egs/build_your_own_voice/s1/experiments/eva_laused/acoustic_model/inter_module/nn_mgc_lf0_vuv_bap_199/lause00054.cmp
2025-05-09 14:00:29,082     INFO  acoustic_comp: processing file    8 of  250 : /home/meelis/merlin/egs/build_your_own_voice/s1/experiments/eva_laused/acoustic_model/inter_module/nn_mgc_lf0_vuv_bap_199/lause00057.cmp
2025-05-09 14:00:29,111     INFO  acoustic_comp: processing file    6 of  249 : /home/meelis/merlin/egs/build_your_own_voice/s1/experiments/eva_laused/acoustic_model/inter_module/nn_mgc_lf0_vuv_bap_199/lause00047.cmp
2025-05-09 14:00:29,156     INFO  acoustic_comp: processing file    7 of  250 : /home/meelis/merlin/egs/build_your_own_voice/s1/experiments/eva_laused/acoustic_model/inter_module/nn_mgc_lf0_vuv_bap_199/lause00050.cmp
2025-05-09 14:00:29,162     INFO  acoustic_comp: processing file    7 of  250 : /home/meelis/merlin/egs/build_your_own_voice/s1/experiments/eva_laused/acoustic_model/inter_module/nn_mgc_lf0_vuv_bap_199/lause00051.cmp
2025-05-09 14:00:29,394     INFO  acoustic_comp: processing file    8 of  249 : /home/meelis/merlin/egs/build_your_own_voice/s1/experiments/eva_laused/acoustic_model/inter_module/nn_mgc_lf0_vuv_bap_199/lause00064.cmp
2025-05-09 14:00:29,742     INFO  acoustic_comp: processing file    8 of  250 : /home/meelis/merlin/egs/build_your_own_voice/s1/experiments/eva_laused/acoustic_model/inter_module/nn_mgc_lf0_vuv_bap_199/lause00061.cmp
2025-05-09 14:00:30,014     INFO  acoustic_comp: processing file    9 of  250 : /home/meelis/merlin/egs/build_your_own_voice/s1/experiments/eva_laused/acoustic_model/inter_module/nn_mgc_lf0_vuv_bap_199/lause00065.cmp
2025-05-09 14:00:30,066     INFO  acoustic_comp: processing file    8 of  250 : /home/meelis/merlin/egs/build_your_own_voice/s1/experiments/eva_laused/acoustic_model/inter_module/nn_mgc_lf0_vuv_bap_199/lause00062.cmp
2025-05-09 14:00:30,175     INFO  acoustic_comp: processing file    8 of  250 : /home/meelis/merlin/egs/build_your_own_voice/s1/experiments/eva_laused/acoustic_model/inter_module/nn_mgc_lf0_vuv_bap_199/lause00059.cmp
2025-05-09 14:00:30,233     INFO  acoustic_comp: processing file    8 of  250 : /home/meelis/merlin/egs/build_your_own_voice/s1/experiments/eva_laused/acoustic_model/inter_module/nn_mgc_lf0_vuv_bap_199/lause00058.cmp
2025-05-09 14:00:30,276     INFO  acoustic_comp: processing file    7 of  249 : /home/meelis/merlin/egs/build_your_own_voice/s1/experiments/eva_laused/acoustic_model/inter_module/nn_mgc_lf0_vuv_bap_199/lause00055.cmp
2025-05-09 14:00:30,427     INFO  acoustic_comp: processing file    8 of  250 : /home/meelis/merlin/egs/build_your_own_voice/s1/experiments/eva_laused/acoustic_model/inter_module/nn_mgc_lf0_vuv_bap_199/lause00060.cmp
2025-05-09 14:00:30,530     INFO  acoustic_comp: processing file    9 of  249 : /home/meelis/merlin/egs/build_your_own_voice/s1/experiments/eva_laused/acoustic_model/inter_module/nn_mgc_lf0_vuv_bap_199/lause00072.cmp
2025-05-09 14:00:30,638     INFO  acoustic_comp: processing file    9 of  250 : /home/meelis/merlin/egs/build_your_own_voice/s1/experiments/eva_laused/acoustic_model/inter_module/nn_mgc_lf0_vuv_bap_199/lause00069.cmp
2025-05-09 14:00:31,222     INFO  acoustic_comp: processing file    9 of  250 : /home/meelis/merlin/egs/build_your_own_voice/s1/experiments/eva_laused/acoustic_model/inter_module/nn_mgc_lf0_vuv_bap_199/lause00067.cmp
2025-05-09 14:00:31,254     INFO  acoustic_comp: processing file   10 of  250 : /home/meelis/merlin/egs/build_your_own_voice/s1/experiments/eva_laused/acoustic_model/inter_module/nn_mgc_lf0_vuv_bap_199/lause00073.cmp
2025-05-09 14:00:31,317     INFO  acoustic_comp: processing file    9 of  250 : /home/meelis/merlin/egs/build_your_own_voice/s1/experiments/eva_laused/acoustic_model/inter_module/nn_mgc_lf0_vuv_bap_199/lause00068.cmp
2025-05-09 14:00:31,340     INFO  acoustic_comp: processing file    9 of  250 : /home/meelis/merlin/egs/build_your_own_voice/s1/experiments/eva_laused/acoustic_model/inter_module/nn_mgc_lf0_vuv_bap_199/lause00070.cmp
2025-05-09 14:00:31,396     INFO  acoustic_comp: processing file    9 of  250 : /home/meelis/merlin/egs/build_your_own_voice/s1/experiments/eva_laused/acoustic_model/inter_module/nn_mgc_lf0_vuv_bap_199/lause00066.cmp
2025-05-09 14:00:31,499     INFO  acoustic_comp: processing file    8 of  249 : /home/meelis/merlin/egs/build_your_own_voice/s1/experiments/eva_laused/acoustic_model/inter_module/nn_mgc_lf0_vuv_bap_199/lause00063.cmp
2025-05-09 14:00:31,974     INFO  acoustic_comp: processing file   10 of  249 : /home/meelis/merlin/egs/build_your_own_voice/s1/experiments/eva_laused/acoustic_model/inter_module/nn_mgc_lf0_vuv_bap_199/lause00080.cmp
2025-05-09 14:00:32,038     INFO  acoustic_comp: processing file   11 of  250 : /home/meelis/merlin/egs/build_your_own_voice/s1/experiments/eva_laused/acoustic_model/inter_module/nn_mgc_lf0_vuv_bap_199/lause00081.cmp
2025-05-09 14:00:32,264     INFO  acoustic_comp: processing file   10 of  250 : /home/meelis/merlin/egs/build_your_own_voice/s1/experiments/eva_laused/acoustic_model/inter_module/nn_mgc_lf0_vuv_bap_199/lause00077.cmp
2025-05-09 14:00:32,341     INFO  acoustic_comp: processing file   10 of  250 : /home/meelis/merlin/egs/build_your_own_voice/s1/experiments/eva_laused/acoustic_model/inter_module/nn_mgc_lf0_vuv_bap_199/lause00075.cmp
2025-05-09 14:00:32,356     INFO  acoustic_comp: processing file   10 of  250 : /home/meelis/merlin/egs/build_your_own_voice/s1/experiments/eva_laused/acoustic_model/inter_module/nn_mgc_lf0_vuv_bap_199/lause00076.cmp
2025-05-09 14:00:32,446     INFO  acoustic_comp: processing file   10 of  250 : /home/meelis/merlin/egs/build_your_own_voice/s1/experiments/eva_laused/acoustic_model/inter_module/nn_mgc_lf0_vuv_bap_199/lause00078.cmp
2025-05-09 14:00:32,447     INFO  acoustic_comp: processing file   10 of  250 : /home/meelis/merlin/egs/build_your_own_voice/s1/experiments/eva_laused/acoustic_model/inter_module/nn_mgc_lf0_vuv_bap_199/lause00074.cmp
2025-05-09 14:00:32,538     INFO  acoustic_comp: processing file    9 of  249 : /home/meelis/merlin/egs/build_your_own_voice/s1/experiments/eva_laused/acoustic_model/inter_module/nn_mgc_lf0_vuv_bap_199/lause00071.cmp
2025-05-09 14:00:32,849     INFO  acoustic_comp: processing file   11 of  249 : /home/meelis/merlin/egs/build_your_own_voice/s1/experiments/eva_laused/acoustic_model/inter_module/nn_mgc_lf0_vuv_bap_199/lause00088.cmp
2025-05-09 14:00:33,236     INFO  acoustic_comp: processing file   11 of  250 : /home/meelis/merlin/egs/build_your_own_voice/s1/experiments/eva_laused/acoustic_model/inter_module/nn_mgc_lf0_vuv_bap_199/lause00085.cmp
2025-05-09 14:00:33,467     INFO  acoustic_comp: processing file   12 of  250 : /home/meelis/merlin/egs/build_your_own_voice/s1/experiments/eva_laused/acoustic_model/inter_module/nn_mgc_lf0_vuv_bap_199/lause00089.cmp
2025-05-09 14:00:33,514     INFO  acoustic_comp: processing file   11 of  250 : /home/meelis/merlin/egs/build_your_own_voice/s1/experiments/eva_laused/acoustic_model/inter_module/nn_mgc_lf0_vuv_bap_199/lause00082.cmp
2025-05-09 14:00:33,526     INFO  acoustic_comp: processing file   10 of  249 : /home/meelis/merlin/egs/build_your_own_voice/s1/experiments/eva_laused/acoustic_model/inter_module/nn_mgc_lf0_vuv_bap_199/lause00079.cmp
2025-05-09 14:00:33,608     INFO  acoustic_comp: processing file   11 of  250 : /home/meelis/merlin/egs/build_your_own_voice/s1/experiments/eva_laused/acoustic_model/inter_module/nn_mgc_lf0_vuv_bap_199/lause00084.cmp
2025-05-09 14:00:33,664     INFO  acoustic_comp: processing file   11 of  250 : /home/meelis/merlin/egs/build_your_own_voice/s1/experiments/eva_laused/acoustic_model/inter_module/nn_mgc_lf0_vuv_bap_199/lause00083.cmp
2025-05-09 14:00:33,699     INFO  acoustic_comp: processing file   12 of  249 : /home/meelis/merlin/egs/build_your_own_voice/s1/experiments/eva_laused/acoustic_model/inter_module/nn_mgc_lf0_vuv_bap_199/lause00096.cmp
2025-05-09 14:00:33,724     INFO  acoustic_comp: processing file   11 of  250 : /home/meelis/merlin/egs/build_your_own_voice/s1/experiments/eva_laused/acoustic_model/inter_module/nn_mgc_lf0_vuv_bap_199/lause00086.cmp
2025-05-09 14:00:34,240     INFO  acoustic_comp: processing file   12 of  250 : /home/meelis/merlin/egs/build_your_own_voice/s1/experiments/eva_laused/acoustic_model/inter_module/nn_mgc_lf0_vuv_bap_199/lause00093.cmp
2025-05-09 14:00:34,452     INFO  acoustic_comp: processing file   12 of  250 : /home/meelis/merlin/egs/build_your_own_voice/s1/experiments/eva_laused/acoustic_model/inter_module/nn_mgc_lf0_vuv_bap_199/lause00092.cmp
2025-05-09 14:00:34,571     INFO  acoustic_comp: processing file   12 of  250 : /home/meelis/merlin/egs/build_your_own_voice/s1/experiments/eva_laused/acoustic_model/inter_module/nn_mgc_lf0_vuv_bap_199/lause00090.cmp
2025-05-09 14:00:34,628     INFO  acoustic_comp: processing file   13 of  250 : /home/meelis/merlin/egs/build_your_own_voice/s1/experiments/eva_laused/acoustic_model/inter_module/nn_mgc_lf0_vuv_bap_199/lause00097.cmp
2025-05-09 14:00:34,638     INFO  acoustic_comp: processing file   13 of  249 : /home/meelis/merlin/egs/build_your_own_voice/s1/experiments/eva_laused/acoustic_model/inter_module/nn_mgc_lf0_vuv_bap_199/lause00104.cmp
2025-05-09 14:00:34,881     INFO  acoustic_comp: processing file   12 of  250 : /home/meelis/merlin/egs/build_your_own_voice/s1/experiments/eva_laused/acoustic_model/inter_module/nn_mgc_lf0_vuv_bap_199/lause00094.cmp
2025-05-09 14:00:35,179     INFO  acoustic_comp: processing file   11 of  249 : /home/meelis/merlin/egs/build_your_own_voice/s1/experiments/eva_laused/acoustic_model/inter_module/nn_mgc_lf0_vuv_bap_199/lause00087.cmp
2025-05-09 14:00:35,227     INFO  acoustic_comp: processing file   12 of  250 : /home/meelis/merlin/egs/build_your_own_voice/s1/experiments/eva_laused/acoustic_model/inter_module/nn_mgc_lf0_vuv_bap_199/lause00091.cmp
2025-05-09 14:00:35,228     INFO  acoustic_comp: processing file   13 of  250 : /home/meelis/merlin/egs/build_your_own_voice/s1/experiments/eva_laused/acoustic_model/inter_module/nn_mgc_lf0_vuv_bap_199/lause00101.cmp
2025-05-09 14:00:35,339     INFO  acoustic_comp: processing file   13 of  250 : /home/meelis/merlin/egs/build_your_own_voice/s1/experiments/eva_laused/acoustic_model/inter_module/nn_mgc_lf0_vuv_bap_199/lause00100.cmp
2025-05-09 14:00:35,498     INFO  acoustic_comp: processing file   14 of  249 : /home/meelis/merlin/egs/build_your_own_voice/s1/experiments/eva_laused/acoustic_model/inter_module/nn_mgc_lf0_vuv_bap_199/lause00112.cmp
2025-05-09 14:00:35,570     INFO  acoustic_comp: processing file   13 of  250 : /home/meelis/merlin/egs/build_your_own_voice/s1/experiments/eva_laused/acoustic_model/inter_module/nn_mgc_lf0_vuv_bap_199/lause00098.cmp
2025-05-09 14:00:35,853     INFO  acoustic_comp: processing file   13 of  250 : /home/meelis/merlin/egs/build_your_own_voice/s1/experiments/eva_laused/acoustic_model/inter_module/nn_mgc_lf0_vuv_bap_199/lause00102.cmp
2025-05-09 14:00:36,063     INFO  acoustic_comp: processing file   14 of  250 : /home/meelis/merlin/egs/build_your_own_voice/s1/experiments/eva_laused/acoustic_model/inter_module/nn_mgc_lf0_vuv_bap_199/lause00105.cmp
2025-05-09 14:00:36,131     INFO  acoustic_comp: processing file   12 of  249 : /home/meelis/merlin/egs/build_your_own_voice/s1/experiments/eva_laused/acoustic_model/inter_module/nn_mgc_lf0_vuv_bap_199/lause00095.cmp
2025-05-09 14:00:36,258     INFO  acoustic_comp: processing file   13 of  250 : /home/meelis/merlin/egs/build_your_own_voice/s1/experiments/eva_laused/acoustic_model/inter_module/nn_mgc_lf0_vuv_bap_199/lause00099.cmp
2025-05-09 14:00:36,261     INFO  acoustic_comp: processing file   14 of  250 : /home/meelis/merlin/egs/build_your_own_voice/s1/experiments/eva_laused/acoustic_model/inter_module/nn_mgc_lf0_vuv_bap_199/lause00108.cmp
2025-05-09 14:00:36,360     INFO  acoustic_comp: processing file   15 of  249 : /home/meelis/merlin/egs/build_your_own_voice/s1/experiments/eva_laused/acoustic_model/inter_module/nn_mgc_lf0_vuv_bap_199/lause00120.cmp
2025-05-09 14:00:36,612     INFO  acoustic_comp: processing file   14 of  250 : /home/meelis/merlin/egs/build_your_own_voice/s1/experiments/eva_laused/acoustic_model/inter_module/nn_mgc_lf0_vuv_bap_199/lause00109.cmp
2025-05-09 14:00:36,787     INFO  acoustic_comp: processing file   14 of  250 : /home/meelis/merlin/egs/build_your_own_voice/s1/experiments/eva_laused/acoustic_model/inter_module/nn_mgc_lf0_vuv_bap_199/lause00106.cmp
2025-05-09 14:00:36,848     INFO  acoustic_comp: processing file   15 of  250 : /home/meelis/merlin/egs/build_your_own_voice/s1/experiments/eva_laused/acoustic_model/inter_module/nn_mgc_lf0_vuv_bap_199/lause00116.cmp
2025-05-09 14:00:37,091     INFO  acoustic_comp: processing file   15 of  250 : /home/meelis/merlin/egs/build_your_own_voice/s1/experiments/eva_laused/acoustic_model/inter_module/nn_mgc_lf0_vuv_bap_199/lause00113.cmp
2025-05-09 14:00:37,104     INFO  acoustic_comp: processing file   14 of  250 : /home/meelis/merlin/egs/build_your_own_voice/s1/experiments/eva_laused/acoustic_model/inter_module/nn_mgc_lf0_vuv_bap_199/lause00107.cmp
2025-05-09 14:00:37,246     INFO  acoustic_comp: processing file   14 of  250 : /home/meelis/merlin/egs/build_your_own_voice/s1/experiments/eva_laused/acoustic_model/inter_module/nn_mgc_lf0_vuv_bap_199/lause00110.cmp
2025-05-09 14:00:37,327     INFO  acoustic_comp: processing file   13 of  249 : /home/meelis/merlin/egs/build_your_own_voice/s1/experiments/eva_laused/acoustic_model/inter_module/nn_mgc_lf0_vuv_bap_199/lause00103.cmp
2025-05-09 14:00:37,435     INFO  acoustic_comp: processing file   16 of  249 : /home/meelis/merlin/egs/build_your_own_voice/s1/experiments/eva_laused/acoustic_model/inter_module/nn_mgc_lf0_vuv_bap_199/lause00128.cmp
2025-05-09 14:00:37,787     INFO  acoustic_comp: processing file   15 of  250 : /home/meelis/merlin/egs/build_your_own_voice/s1/experiments/eva_laused/acoustic_model/inter_module/nn_mgc_lf0_vuv_bap_199/lause00114.cmp
2025-05-09 14:00:37,852     INFO  acoustic_comp: processing file   16 of  250 : /home/meelis/merlin/egs/build_your_own_voice/s1/experiments/eva_laused/acoustic_model/inter_module/nn_mgc_lf0_vuv_bap_199/lause00124.cmp
2025-05-09 14:00:37,874     INFO  acoustic_comp: processing file   15 of  250 : /home/meelis/merlin/egs/build_your_own_voice/s1/experiments/eva_laused/acoustic_model/inter_module/nn_mgc_lf0_vuv_bap_199/lause00117.cmp
2025-05-09 14:00:37,994     INFO  acoustic_comp: processing file   15 of  250 : /home/meelis/merlin/egs/build_your_own_voice/s1/experiments/eva_laused/acoustic_model/inter_module/nn_mgc_lf0_vuv_bap_199/lause00115.cmp
2025-05-09 14:00:38,140     INFO  acoustic_comp: processing file   15 of  250 : /home/meelis/merlin/egs/build_your_own_voice/s1/experiments/eva_laused/acoustic_model/inter_module/nn_mgc_lf0_vuv_bap_199/lause00118.cmp
2025-05-09 14:00:38,489     INFO  acoustic_comp: processing file   14 of  249 : /home/meelis/merlin/egs/build_your_own_voice/s1/experiments/eva_laused/acoustic_model/inter_module/nn_mgc_lf0_vuv_bap_199/lause00111.cmp
2025-05-09 14:00:38,754     INFO  acoustic_comp: processing file   16 of  250 : /home/meelis/merlin/egs/build_your_own_voice/s1/experiments/eva_laused/acoustic_model/inter_module/nn_mgc_lf0_vuv_bap_199/lause00121.cmp
2025-05-09 14:00:38,896     INFO  acoustic_comp: processing file   17 of  250 : /home/meelis/merlin/egs/build_your_own_voice/s1/experiments/eva_laused/acoustic_model/inter_module/nn_mgc_lf0_vuv_bap_199/lause00132.cmp
2025-05-09 14:00:38,945     INFO  acoustic_comp: processing file   17 of  249 : /home/meelis/merlin/egs/build_your_own_voice/s1/experiments/eva_laused/acoustic_model/inter_module/nn_mgc_lf0_vuv_bap_199/lause00136.cmp
2025-05-09 14:00:38,991     INFO  acoustic_comp: processing file   16 of  250 : /home/meelis/merlin/egs/build_your_own_voice/s1/experiments/eva_laused/acoustic_model/inter_module/nn_mgc_lf0_vuv_bap_199/lause00126.cmp
2025-05-09 14:00:39,251     INFO  acoustic_comp: processing file   16 of  250 : /home/meelis/merlin/egs/build_your_own_voice/s1/experiments/eva_laused/acoustic_model/inter_module/nn_mgc_lf0_vuv_bap_199/lause00125.cmp
2025-05-09 14:00:39,580     INFO  acoustic_comp: processing file   16 of  250 : /home/meelis/merlin/egs/build_your_own_voice/s1/experiments/eva_laused/acoustic_model/inter_module/nn_mgc_lf0_vuv_bap_199/lause00123.cmp
2025-05-09 14:00:39,624     INFO  acoustic_comp: processing file   15 of  249 : /home/meelis/merlin/egs/build_your_own_voice/s1/experiments/eva_laused/acoustic_model/inter_module/nn_mgc_lf0_vuv_bap_199/lause00119.cmp
2025-05-09 14:00:39,713     INFO  acoustic_comp: processing file   16 of  250 : /home/meelis/merlin/egs/build_your_own_voice/s1/experiments/eva_laused/acoustic_model/inter_module/nn_mgc_lf0_vuv_bap_199/lause00122.cmp
2025-05-09 14:00:39,827     INFO  acoustic_comp: processing file   17 of  250 : /home/meelis/merlin/egs/build_your_own_voice/s1/experiments/eva_laused/acoustic_model/inter_module/nn_mgc_lf0_vuv_bap_199/lause00129.cmp
2025-05-09 14:00:40,184     INFO  acoustic_comp: processing file   17 of  250 : /home/meelis/merlin/egs/build_your_own_voice/s1/experiments/eva_laused/acoustic_model/inter_module/nn_mgc_lf0_vuv_bap_199/lause00134.cmp
2025-05-09 14:00:40,460     INFO  acoustic_comp: processing file   18 of  250 : /home/meelis/merlin/egs/build_your_own_voice/s1/experiments/eva_laused/acoustic_model/inter_module/nn_mgc_lf0_vuv_bap_199/lause00140.cmp
2025-05-09 14:00:40,528     INFO  acoustic_comp: processing file   17 of  250 : /home/meelis/merlin/egs/build_your_own_voice/s1/experiments/eva_laused/acoustic_model/inter_module/nn_mgc_lf0_vuv_bap_199/lause00131.cmp
2025-05-09 14:00:40,620     INFO  acoustic_comp: processing file   18 of  249 : /home/meelis/merlin/egs/build_your_own_voice/s1/experiments/eva_laused/acoustic_model/inter_module/nn_mgc_lf0_vuv_bap_199/lause00144.cmp
2025-05-09 14:00:40,651     INFO  acoustic_comp: processing file   16 of  249 : /home/meelis/merlin/egs/build_your_own_voice/s1/experiments/eva_laused/acoustic_model/inter_module/nn_mgc_lf0_vuv_bap_199/lause00127.cmp
2025-05-09 14:00:40,801     INFO  acoustic_comp: processing file   17 of  250 : /home/meelis/merlin/egs/build_your_own_voice/s1/experiments/eva_laused/acoustic_model/inter_module/nn_mgc_lf0_vuv_bap_199/lause00130.cmp
2025-05-09 14:00:40,862     INFO  acoustic_comp: processing file   17 of  250 : /home/meelis/merlin/egs/build_your_own_voice/s1/experiments/eva_laused/acoustic_model/inter_module/nn_mgc_lf0_vuv_bap_199/lause00133.cmp
2025-05-09 14:00:41,025     INFO  acoustic_comp: processing file   18 of  250 : /home/meelis/merlin/egs/build_your_own_voice/s1/experiments/eva_laused/acoustic_model/inter_module/nn_mgc_lf0_vuv_bap_199/lause00137.cmp
2025-05-09 14:00:41,499     INFO  acoustic_comp: processing file   19 of  250 : /home/meelis/merlin/egs/build_your_own_voice/s1/experiments/eva_laused/acoustic_model/inter_module/nn_mgc_lf0_vuv_bap_199/lause00148.cmp
2025-05-09 14:00:41,513     INFO  acoustic_comp: processing file   18 of  250 : /home/meelis/merlin/egs/build_your_own_voice/s1/experiments/eva_laused/acoustic_model/inter_module/nn_mgc_lf0_vuv_bap_199/lause00139.cmp
2025-05-09 14:00:41,731     INFO  acoustic_comp: processing file   19 of  249 : /home/meelis/merlin/egs/build_your_own_voice/s1/experiments/eva_laused/acoustic_model/inter_module/nn_mgc_lf0_vuv_bap_199/lause00152.cmp
2025-05-09 14:00:41,902     INFO  acoustic_comp: processing file   18 of  250 : /home/meelis/merlin/egs/build_your_own_voice/s1/experiments/eva_laused/acoustic_model/inter_module/nn_mgc_lf0_vuv_bap_199/lause00138.cmp
2025-05-09 14:00:42,215     INFO  acoustic_comp: processing file   18 of  250 : /home/meelis/merlin/egs/build_your_own_voice/s1/experiments/eva_laused/acoustic_model/inter_module/nn_mgc_lf0_vuv_bap_199/lause00141.cmp
2025-05-09 14:00:42,215     INFO  acoustic_comp: processing file   19 of  250 : /home/meelis/merlin/egs/build_your_own_voice/s1/experiments/eva_laused/acoustic_model/inter_module/nn_mgc_lf0_vuv_bap_199/lause00145.cmp
2025-05-09 14:00:42,215     INFO  acoustic_comp: processing file   17 of  249 : /home/meelis/merlin/egs/build_your_own_voice/s1/experiments/eva_laused/acoustic_model/inter_module/nn_mgc_lf0_vuv_bap_199/lause00135.cmp
2025-05-09 14:00:42,215     INFO  acoustic_comp: processing file   18 of  250 : /home/meelis/merlin/egs/build_your_own_voice/s1/experiments/eva_laused/acoustic_model/inter_module/nn_mgc_lf0_vuv_bap_199/lause00142.cmp
2025-05-09 14:00:42,569     INFO  acoustic_comp: processing file   20 of  249 : /home/meelis/merlin/egs/build_your_own_voice/s1/experiments/eva_laused/acoustic_model/inter_module/nn_mgc_lf0_vuv_bap_199/lause00160.cmp
2025-05-09 14:00:42,608     INFO  acoustic_comp: processing file   20 of  250 : /home/meelis/merlin/egs/build_your_own_voice/s1/experiments/eva_laused/acoustic_model/inter_module/nn_mgc_lf0_vuv_bap_199/lause00156.cmp
2025-05-09 14:00:42,758     INFO  acoustic_comp: processing file   19 of  250 : /home/meelis/merlin/egs/build_your_own_voice/s1/experiments/eva_laused/acoustic_model/inter_module/nn_mgc_lf0_vuv_bap_199/lause00147.cmp
2025-05-09 14:00:43,453     INFO  acoustic_comp: processing file   20 of  250 : /home/meelis/merlin/egs/build_your_own_voice/s1/experiments/eva_laused/acoustic_model/inter_module/nn_mgc_lf0_vuv_bap_199/lause00153.cmp
2025-05-09 14:00:43,454     INFO  acoustic_comp: processing file   21 of  249 : /home/meelis/merlin/egs/build_your_own_voice/s1/experiments/eva_laused/acoustic_model/inter_module/nn_mgc_lf0_vuv_bap_199/lause00168.cmp
2025-05-09 14:00:43,460     INFO  acoustic_comp: processing file   18 of  249 : /home/meelis/merlin/egs/build_your_own_voice/s1/experiments/eva_laused/acoustic_model/inter_module/nn_mgc_lf0_vuv_bap_199/lause00143.cmp
2025-05-09 14:00:43,645     INFO  acoustic_comp: processing file   21 of  250 : /home/meelis/merlin/egs/build_your_own_voice/s1/experiments/eva_laused/acoustic_model/inter_module/nn_mgc_lf0_vuv_bap_199/lause00164.cmp
2025-05-09 14:00:43,664     INFO  acoustic_comp: processing file   19 of  250 : /home/meelis/merlin/egs/build_your_own_voice/s1/experiments/eva_laused/acoustic_model/inter_module/nn_mgc_lf0_vuv_bap_199/lause00146.cmp
2025-05-09 14:00:43,781     INFO  acoustic_comp: processing file   20 of  250 : /home/meelis/merlin/egs/build_your_own_voice/s1/experiments/eva_laused/acoustic_model/inter_module/nn_mgc_lf0_vuv_bap_199/lause00155.cmp
2025-05-09 14:00:43,815     INFO  acoustic_comp: processing file   19 of  250 : /home/meelis/merlin/egs/build_your_own_voice/s1/experiments/eva_laused/acoustic_model/inter_module/nn_mgc_lf0_vuv_bap_199/lause00150.cmp
2025-05-09 14:00:43,854     INFO  acoustic_comp: processing file   19 of  250 : /home/meelis/merlin/egs/build_your_own_voice/s1/experiments/eva_laused/acoustic_model/inter_module/nn_mgc_lf0_vuv_bap_199/lause00149.cmp
2025-05-09 14:00:44,416     INFO  acoustic_comp: processing file   21 of  250 : /home/meelis/merlin/egs/build_your_own_voice/s1/experiments/eva_laused/acoustic_model/inter_module/nn_mgc_lf0_vuv_bap_199/lause00161.cmp
2025-05-09 14:00:44,609     INFO  acoustic_comp: processing file   21 of  250 : /home/meelis/merlin/egs/build_your_own_voice/s1/experiments/eva_laused/acoustic_model/inter_module/nn_mgc_lf0_vuv_bap_199/lause00163.cmp
2025-05-09 14:00:44,692     INFO  acoustic_comp: processing file   22 of  250 : /home/meelis/merlin/egs/build_your_own_voice/s1/experiments/eva_laused/acoustic_model/inter_module/nn_mgc_lf0_vuv_bap_199/lause00172.cmp
2025-05-09 14:00:44,714     INFO  acoustic_comp: processing file   20 of  250 : /home/meelis/merlin/egs/build_your_own_voice/s1/experiments/eva_laused/acoustic_model/inter_module/nn_mgc_lf0_vuv_bap_199/lause00157.cmp
2025-05-09 14:00:44,750     INFO  acoustic_comp: processing file   19 of  249 : /home/meelis/merlin/egs/build_your_own_voice/s1/experiments/eva_laused/acoustic_model/inter_module/nn_mgc_lf0_vuv_bap_199/lause00151.cmp
2025-05-09 14:00:44,764     INFO  acoustic_comp: processing file   22 of  249 : /home/meelis/merlin/egs/build_your_own_voice/s1/experiments/eva_laused/acoustic_model/inter_module/nn_mgc_lf0_vuv_bap_199/lause00176.cmp
2025-05-09 14:00:44,809     INFO  acoustic_comp: processing file   20 of  250 : /home/meelis/merlin/egs/build_your_own_voice/s1/experiments/eva_laused/acoustic_model/inter_module/nn_mgc_lf0_vuv_bap_199/lause00154.cmp
2025-05-09 14:00:44,947     INFO  acoustic_comp: processing file   20 of  250 : /home/meelis/merlin/egs/build_your_own_voice/s1/experiments/eva_laused/acoustic_model/inter_module/nn_mgc_lf0_vuv_bap_199/lause00158.cmp
2025-05-09 14:00:45,611     INFO  acoustic_comp: processing file   21 of  250 : /home/meelis/merlin/egs/build_your_own_voice/s1/experiments/eva_laused/acoustic_model/inter_module/nn_mgc_lf0_vuv_bap_199/lause00162.cmp
2025-05-09 14:00:45,723     INFO  acoustic_comp: processing file   22 of  250 : /home/meelis/merlin/egs/build_your_own_voice/s1/experiments/eva_laused/acoustic_model/inter_module/nn_mgc_lf0_vuv_bap_199/lause00169.cmp
2025-05-09 14:00:45,746     INFO  acoustic_comp: processing file   20 of  249 : /home/meelis/merlin/egs/build_your_own_voice/s1/experiments/eva_laused/acoustic_model/inter_module/nn_mgc_lf0_vuv_bap_199/lause00159.cmp
2025-05-09 14:00:45,860     INFO  acoustic_comp: processing file   22 of  250 : /home/meelis/merlin/egs/build_your_own_voice/s1/experiments/eva_laused/acoustic_model/inter_module/nn_mgc_lf0_vuv_bap_199/lause00171.cmp
2025-05-09 14:00:46,014     INFO  acoustic_comp: processing file   23 of  250 : /home/meelis/merlin/egs/build_your_own_voice/s1/experiments/eva_laused/acoustic_model/inter_module/nn_mgc_lf0_vuv_bap_199/lause00180.cmp
2025-05-09 14:00:46,054     INFO  acoustic_comp: processing file   21 of  250 : /home/meelis/merlin/egs/build_your_own_voice/s1/experiments/eva_laused/acoustic_model/inter_module/nn_mgc_lf0_vuv_bap_199/lause00166.cmp
2025-05-09 14:00:46,118     INFO  acoustic_comp: processing file   21 of  250 : /home/meelis/merlin/egs/build_your_own_voice/s1/experiments/eva_laused/acoustic_model/inter_module/nn_mgc_lf0_vuv_bap_199/lause00165.cmp
2025-05-09 14:00:46,140     INFO  acoustic_comp: processing file   23 of  249 : /home/meelis/merlin/egs/build_your_own_voice/s1/experiments/eva_laused/acoustic_model/inter_module/nn_mgc_lf0_vuv_bap_199/lause00184.cmp
2025-05-09 14:00:46,714     INFO  acoustic_comp: processing file   24 of  250 : /home/meelis/merlin/egs/build_your_own_voice/s1/experiments/eva_laused/acoustic_model/inter_module/nn_mgc_lf0_vuv_bap_199/lause00188.cmp
2025-05-09 14:00:46,720     INFO  acoustic_comp: processing file   23 of  250 : /home/meelis/merlin/egs/build_your_own_voice/s1/experiments/eva_laused/acoustic_model/inter_module/nn_mgc_lf0_vuv_bap_199/lause00179.cmp
2025-05-09 14:00:46,830     INFO  acoustic_comp: processing file   23 of  250 : /home/meelis/merlin/egs/build_your_own_voice/s1/experiments/eva_laused/acoustic_model/inter_module/nn_mgc_lf0_vuv_bap_199/lause00177.cmp
2025-05-09 14:00:46,833     INFO  acoustic_comp: processing file   21 of  249 : /home/meelis/merlin/egs/build_your_own_voice/s1/experiments/eva_laused/acoustic_model/inter_module/nn_mgc_lf0_vuv_bap_199/lause00167.cmp
2025-05-09 14:00:46,930     INFO  acoustic_comp: processing file   22 of  250 : /home/meelis/merlin/egs/build_your_own_voice/s1/experiments/eva_laused/acoustic_model/inter_module/nn_mgc_lf0_vuv_bap_199/lause00170.cmp
2025-05-09 14:00:46,972     INFO  acoustic_comp: processing file   22 of  250 : /home/meelis/merlin/egs/build_your_own_voice/s1/experiments/eva_laused/acoustic_model/inter_module/nn_mgc_lf0_vuv_bap_199/lause00173.cmp
2025-05-09 14:00:47,044     INFO  acoustic_comp: processing file   22 of  250 : /home/meelis/merlin/egs/build_your_own_voice/s1/experiments/eva_laused/acoustic_model/inter_module/nn_mgc_lf0_vuv_bap_199/lause00174.cmp
2025-05-09 14:00:47,244     INFO  acoustic_comp: processing file   24 of  249 : /home/meelis/merlin/egs/build_your_own_voice/s1/experiments/eva_laused/acoustic_model/inter_module/nn_mgc_lf0_vuv_bap_199/lause00192.cmp
2025-05-09 14:00:47,608     INFO  acoustic_comp: processing file   25 of  250 : /home/meelis/merlin/egs/build_your_own_voice/s1/experiments/eva_laused/acoustic_model/inter_module/nn_mgc_lf0_vuv_bap_199/lause00196.cmp
2025-05-09 14:00:47,774     INFO  acoustic_comp: processing file   23 of  250 : /home/meelis/merlin/egs/build_your_own_voice/s1/experiments/eva_laused/acoustic_model/inter_module/nn_mgc_lf0_vuv_bap_199/lause00181.cmp
2025-05-09 14:00:47,912     INFO  acoustic_comp: processing file   24 of  250 : /home/meelis/merlin/egs/build_your_own_voice/s1/experiments/eva_laused/acoustic_model/inter_module/nn_mgc_lf0_vuv_bap_199/lause00185.cmp
2025-05-09 14:00:48,055     INFO  acoustic_comp: processing file   22 of  249 : /home/meelis/merlin/egs/build_your_own_voice/s1/experiments/eva_laused/acoustic_model/inter_module/nn_mgc_lf0_vuv_bap_199/lause00175.cmp
2025-05-09 14:00:48,128     INFO  acoustic_comp: processing file   23 of  250 : /home/meelis/merlin/egs/build_your_own_voice/s1/experiments/eva_laused/acoustic_model/inter_module/nn_mgc_lf0_vuv_bap_199/lause00182.cmp
2025-05-09 14:00:48,198     INFO  acoustic_comp: processing file   24 of  250 : /home/meelis/merlin/egs/build_your_own_voice/s1/experiments/eva_laused/acoustic_model/inter_module/nn_mgc_lf0_vuv_bap_199/lause00187.cmp
2025-05-09 14:00:48,300     INFO  acoustic_comp: processing file   25 of  249 : /home/meelis/merlin/egs/build_your_own_voice/s1/experiments/eva_laused/acoustic_model/inter_module/nn_mgc_lf0_vuv_bap_199/lause00200.cmp
2025-05-09 14:00:48,304     INFO  acoustic_comp: processing file   23 of  250 : /home/meelis/merlin/egs/build_your_own_voice/s1/experiments/eva_laused/acoustic_model/inter_module/nn_mgc_lf0_vuv_bap_199/lause00178.cmp
2025-05-09 14:00:48,304     INFO  acoustic_comp: processing file   26 of  250 : /home/meelis/merlin/egs/build_your_own_voice/s1/experiments/eva_laused/acoustic_model/inter_module/nn_mgc_lf0_vuv_bap_199/lause00204.cmp
2025-05-09 14:00:48,958     INFO  acoustic_comp: processing file   24 of  250 : /home/meelis/merlin/egs/build_your_own_voice/s1/experiments/eva_laused/acoustic_model/inter_module/nn_mgc_lf0_vuv_bap_199/lause00189.cmp
2025-05-09 14:00:49,009     INFO  acoustic_comp: processing file   24 of  250 : /home/meelis/merlin/egs/build_your_own_voice/s1/experiments/eva_laused/acoustic_model/inter_module/nn_mgc_lf0_vuv_bap_199/lause00190.cmp
2025-05-09 14:00:49,014     INFO  acoustic_comp: processing file   23 of  249 : /home/meelis/merlin/egs/build_your_own_voice/s1/experiments/eva_laused/acoustic_model/inter_module/nn_mgc_lf0_vuv_bap_199/lause00183.cmp
2025-05-09 14:00:49,174     INFO  acoustic_comp: processing file   25 of  250 : /home/meelis/merlin/egs/build_your_own_voice/s1/experiments/eva_laused/acoustic_model/inter_module/nn_mgc_lf0_vuv_bap_199/lause00195.cmp
2025-05-09 14:00:49,176     INFO  acoustic_comp: processing file   25 of  250 : /home/meelis/merlin/egs/build_your_own_voice/s1/experiments/eva_laused/acoustic_model/inter_module/nn_mgc_lf0_vuv_bap_199/lause00193.cmp
2025-05-09 14:00:49,211     INFO  acoustic_comp: processing file   24 of  250 : /home/meelis/merlin/egs/build_your_own_voice/s1/experiments/eva_laused/acoustic_model/inter_module/nn_mgc_lf0_vuv_bap_199/lause00186.cmp
2025-05-09 14:00:49,268     INFO  acoustic_comp: processing file   26 of  249 : /home/meelis/merlin/egs/build_your_own_voice/s1/experiments/eva_laused/acoustic_model/inter_module/nn_mgc_lf0_vuv_bap_199/lause00208.cmp
2025-05-09 14:00:49,370     INFO  acoustic_comp: processing file   27 of  250 : /home/meelis/merlin/egs/build_your_own_voice/s1/experiments/eva_laused/acoustic_model/inter_module/nn_mgc_lf0_vuv_bap_199/lause00212.cmp
2025-05-09 14:00:49,868     INFO  acoustic_comp: processing file   25 of  250 : /home/meelis/merlin/egs/build_your_own_voice/s1/experiments/eva_laused/acoustic_model/inter_module/nn_mgc_lf0_vuv_bap_199/lause00198.cmp
2025-05-09 14:00:49,921     INFO  acoustic_comp: processing file   26 of  250 : /home/meelis/merlin/egs/build_your_own_voice/s1/experiments/eva_laused/acoustic_model/inter_module/nn_mgc_lf0_vuv_bap_199/lause00203.cmp
2025-05-09 14:00:50,040     INFO  acoustic_comp: processing file   27 of  249 : /home/meelis/merlin/egs/build_your_own_voice/s1/experiments/eva_laused/acoustic_model/inter_module/nn_mgc_lf0_vuv_bap_199/lause00216.cmp
2025-05-09 14:00:50,087     INFO  acoustic_comp: processing file   24 of  249 : /home/meelis/merlin/egs/build_your_own_voice/s1/experiments/eva_laused/acoustic_model/inter_module/nn_mgc_lf0_vuv_bap_199/lause00191.cmp
2025-05-09 14:00:50,185     INFO  acoustic_comp: processing file   28 of  250 : /home/meelis/merlin/egs/build_your_own_voice/s1/experiments/eva_laused/acoustic_model/inter_module/nn_mgc_lf0_vuv_bap_199/lause00220.cmp
2025-05-09 14:00:50,233     INFO  acoustic_comp: processing file   25 of  250 : /home/meelis/merlin/egs/build_your_own_voice/s1/experiments/eva_laused/acoustic_model/inter_module/nn_mgc_lf0_vuv_bap_199/lause00197.cmp
2025-05-09 14:00:50,409     INFO  acoustic_comp: processing file   26 of  250 : /home/meelis/merlin/egs/build_your_own_voice/s1/experiments/eva_laused/acoustic_model/inter_module/nn_mgc_lf0_vuv_bap_199/lause00201.cmp
2025-05-09 14:00:50,690     INFO  acoustic_comp: processing file   25 of  250 : /home/meelis/merlin/egs/build_your_own_voice/s1/experiments/eva_laused/acoustic_model/inter_module/nn_mgc_lf0_vuv_bap_199/lause00194.cmp
2025-05-09 14:00:50,866     INFO  acoustic_comp: processing file   27 of  250 : /home/meelis/merlin/egs/build_your_own_voice/s1/experiments/eva_laused/acoustic_model/inter_module/nn_mgc_lf0_vuv_bap_199/lause00211.cmp
2025-05-09 14:00:50,987     INFO  acoustic_comp: processing file   25 of  249 : /home/meelis/merlin/egs/build_your_own_voice/s1/experiments/eva_laused/acoustic_model/inter_module/nn_mgc_lf0_vuv_bap_199/lause00199.cmp
2025-05-09 14:00:50,999     INFO  acoustic_comp: processing file   29 of  250 : /home/meelis/merlin/egs/build_your_own_voice/s1/experiments/eva_laused/acoustic_model/inter_module/nn_mgc_lf0_vuv_bap_199/lause00228.cmp
2025-05-09 14:00:51,426     INFO  acoustic_comp: processing file   27 of  250 : /home/meelis/merlin/egs/build_your_own_voice/s1/experiments/eva_laused/acoustic_model/inter_module/nn_mgc_lf0_vuv_bap_199/lause00209.cmp
2025-05-09 14:00:51,476     INFO  acoustic_comp: processing file   26 of  250 : /home/meelis/merlin/egs/build_your_own_voice/s1/experiments/eva_laused/acoustic_model/inter_module/nn_mgc_lf0_vuv_bap_199/lause00206.cmp
2025-05-09 14:00:51,480     INFO  acoustic_comp: processing file   28 of  249 : /home/meelis/merlin/egs/build_your_own_voice/s1/experiments/eva_laused/acoustic_model/inter_module/nn_mgc_lf0_vuv_bap_199/lause00224.cmp
2025-05-09 14:00:51,531     INFO  acoustic_comp: processing file   26 of  250 : /home/meelis/merlin/egs/build_your_own_voice/s1/experiments/eva_laused/acoustic_model/inter_module/nn_mgc_lf0_vuv_bap_199/lause00205.cmp
2025-05-09 14:00:51,739     INFO  acoustic_comp: processing file   28 of  250 : /home/meelis/merlin/egs/build_your_own_voice/s1/experiments/eva_laused/acoustic_model/inter_module/nn_mgc_lf0_vuv_bap_199/lause00219.cmp
2025-05-09 14:00:51,866     INFO  acoustic_comp: processing file   26 of  250 : /home/meelis/merlin/egs/build_your_own_voice/s1/experiments/eva_laused/acoustic_model/inter_module/nn_mgc_lf0_vuv_bap_199/lause00202.cmp
2025-05-09 14:00:51,901     INFO  acoustic_comp: processing file   26 of  249 : /home/meelis/merlin/egs/build_your_own_voice/s1/experiments/eva_laused/acoustic_model/inter_module/nn_mgc_lf0_vuv_bap_199/lause00207.cmp
2025-05-09 14:00:52,234     INFO  acoustic_comp: processing file   30 of  250 : /home/meelis/merlin/egs/build_your_own_voice/s1/experiments/eva_laused/acoustic_model/inter_module/nn_mgc_lf0_vuv_bap_199/lause00236.cmp
2025-05-09 14:00:52,274     INFO  acoustic_comp: processing file   28 of  250 : /home/meelis/merlin/egs/build_your_own_voice/s1/experiments/eva_laused/acoustic_model/inter_module/nn_mgc_lf0_vuv_bap_199/lause00217.cmp
2025-05-09 14:00:52,294     INFO  acoustic_comp: processing file   29 of  249 : /home/meelis/merlin/egs/build_your_own_voice/s1/experiments/eva_laused/acoustic_model/inter_module/nn_mgc_lf0_vuv_bap_199/lause00232.cmp
2025-05-09 14:00:52,608     INFO  acoustic_comp: processing file   27 of  250 : /home/meelis/merlin/egs/build_your_own_voice/s1/experiments/eva_laused/acoustic_model/inter_module/nn_mgc_lf0_vuv_bap_199/lause00214.cmp
2025-05-09 14:00:52,743     INFO  acoustic_comp: processing file   29 of  250 : /home/meelis/merlin/egs/build_your_own_voice/s1/experiments/eva_laused/acoustic_model/inter_module/nn_mgc_lf0_vuv_bap_199/lause00227.cmp
2025-05-09 14:00:52,745     INFO  acoustic_comp: processing file   27 of  250 : /home/meelis/merlin/egs/build_your_own_voice/s1/experiments/eva_laused/acoustic_model/inter_module/nn_mgc_lf0_vuv_bap_199/lause00213.cmp
2025-05-09 14:00:52,798     INFO  acoustic_comp: processing file   27 of  249 : /home/meelis/merlin/egs/build_your_own_voice/s1/experiments/eva_laused/acoustic_model/inter_module/nn_mgc_lf0_vuv_bap_199/lause00215.cmp
2025-05-09 14:00:53,228     INFO  acoustic_comp: processing file   27 of  250 : /home/meelis/merlin/egs/build_your_own_voice/s1/experiments/eva_laused/acoustic_model/inter_module/nn_mgc_lf0_vuv_bap_199/lause00210.cmp
2025-05-09 14:00:53,364     INFO  acoustic_comp: processing file   31 of  250 : /home/meelis/merlin/egs/build_your_own_voice/s1/experiments/eva_laused/acoustic_model/inter_module/nn_mgc_lf0_vuv_bap_199/lause00244.cmp
2025-05-09 14:00:53,518     INFO  acoustic_comp: processing file   30 of  249 : /home/meelis/merlin/egs/build_your_own_voice/s1/experiments/eva_laused/acoustic_model/inter_module/nn_mgc_lf0_vuv_bap_199/lause00240.cmp
2025-05-09 14:00:53,627     INFO  acoustic_comp: processing file   30 of  250 : /home/meelis/merlin/egs/build_your_own_voice/s1/experiments/eva_laused/acoustic_model/inter_module/nn_mgc_lf0_vuv_bap_199/lause00235.cmp
2025-05-09 14:00:53,673     INFO  acoustic_comp: processing file   29 of  250 : /home/meelis/merlin/egs/build_your_own_voice/s1/experiments/eva_laused/acoustic_model/inter_module/nn_mgc_lf0_vuv_bap_199/lause00225.cmp
2025-05-09 14:00:53,749     INFO  acoustic_comp: processing file   28 of  250 : /home/meelis/merlin/egs/build_your_own_voice/s1/experiments/eva_laused/acoustic_model/inter_module/nn_mgc_lf0_vuv_bap_199/lause00222.cmp
2025-05-09 14:00:53,756     INFO  acoustic_comp: processing file   28 of  249 : /home/meelis/merlin/egs/build_your_own_voice/s1/experiments/eva_laused/acoustic_model/inter_module/nn_mgc_lf0_vuv_bap_199/lause00223.cmp
2025-05-09 14:00:54,012     INFO  acoustic_comp: processing file   28 of  250 : /home/meelis/merlin/egs/build_your_own_voice/s1/experiments/eva_laused/acoustic_model/inter_module/nn_mgc_lf0_vuv_bap_199/lause00221.cmp
2025-05-09 14:00:54,318     INFO  acoustic_comp: processing file   32 of  250 : /home/meelis/merlin/egs/build_your_own_voice/s1/experiments/eva_laused/acoustic_model/inter_module/nn_mgc_lf0_vuv_bap_199/lause00252.cmp
2025-05-09 14:00:54,397     INFO  acoustic_comp: processing file   28 of  250 : /home/meelis/merlin/egs/build_your_own_voice/s1/experiments/eva_laused/acoustic_model/inter_module/nn_mgc_lf0_vuv_bap_199/lause00218.cmp
2025-05-09 14:00:54,488     INFO  acoustic_comp: processing file   30 of  250 : /home/meelis/merlin/egs/build_your_own_voice/s1/experiments/eva_laused/acoustic_model/inter_module/nn_mgc_lf0_vuv_bap_199/lause00233.cmp
2025-05-09 14:00:54,578     INFO  acoustic_comp: processing file   31 of  249 : /home/meelis/merlin/egs/build_your_own_voice/s1/experiments/eva_laused/acoustic_model/inter_module/nn_mgc_lf0_vuv_bap_199/lause00248.cmp
2025-05-09 14:00:54,838     INFO  acoustic_comp: processing file   29 of  250 : /home/meelis/merlin/egs/build_your_own_voice/s1/experiments/eva_laused/acoustic_model/inter_module/nn_mgc_lf0_vuv_bap_199/lause00230.cmp
2025-05-09 14:00:54,875     INFO  acoustic_comp: processing file   29 of  250 : /home/meelis/merlin/egs/build_your_own_voice/s1/experiments/eva_laused/acoustic_model/inter_module/nn_mgc_lf0_vuv_bap_199/lause00229.cmp
2025-05-09 14:00:54,903     INFO  acoustic_comp: processing file   31 of  250 : /home/meelis/merlin/egs/build_your_own_voice/s1/experiments/eva_laused/acoustic_model/inter_module/nn_mgc_lf0_vuv_bap_199/lause00243.cmp
2025-05-09 14:00:55,120     INFO  acoustic_comp: processing file   29 of  249 : /home/meelis/merlin/egs/build_your_own_voice/s1/experiments/eva_laused/acoustic_model/inter_module/nn_mgc_lf0_vuv_bap_199/lause00231.cmp
2025-05-09 14:00:55,442     INFO  acoustic_comp: processing file   31 of  250 : /home/meelis/merlin/egs/build_your_own_voice/s1/experiments/eva_laused/acoustic_model/inter_module/nn_mgc_lf0_vuv_bap_199/lause00241.cmp
2025-05-09 14:00:55,664     INFO  acoustic_comp: processing file   30 of  250 : /home/meelis/merlin/egs/build_your_own_voice/s1/experiments/eva_laused/acoustic_model/inter_module/nn_mgc_lf0_vuv_bap_199/lause00238.cmp
2025-05-09 14:00:55,736     INFO  acoustic_comp: processing file   30 of  250 : /home/meelis/merlin/egs/build_your_own_voice/s1/experiments/eva_laused/acoustic_model/inter_module/nn_mgc_lf0_vuv_bap_199/lause00237.cmp
2025-05-09 14:00:55,856     INFO  acoustic_comp: processing file   33 of  250 : /home/meelis/merlin/egs/build_your_own_voice/s1/experiments/eva_laused/acoustic_model/inter_module/nn_mgc_lf0_vuv_bap_199/lause00260.cmp
2025-05-09 14:00:56,028     INFO  acoustic_comp: processing file   32 of  250 : /home/meelis/merlin/egs/build_your_own_voice/s1/experiments/eva_laused/acoustic_model/inter_module/nn_mgc_lf0_vuv_bap_199/lause00251.cmp
2025-05-09 14:00:56,038     INFO  acoustic_comp: processing file   30 of  249 : /home/meelis/merlin/egs/build_your_own_voice/s1/experiments/eva_laused/acoustic_model/inter_module/nn_mgc_lf0_vuv_bap_199/lause00239.cmp
2025-05-09 14:00:56,052     INFO  acoustic_comp: processing file   29 of  250 : /home/meelis/merlin/egs/build_your_own_voice/s1/experiments/eva_laused/acoustic_model/inter_module/nn_mgc_lf0_vuv_bap_199/lause00226.cmp
2025-05-09 14:00:56,208     INFO  acoustic_comp: processing file   32 of  249 : /home/meelis/merlin/egs/build_your_own_voice/s1/experiments/eva_laused/acoustic_model/inter_module/nn_mgc_lf0_vuv_bap_199/lause00256.cmp
2025-05-09 14:00:56,879     INFO  acoustic_comp: processing file   33 of  250 : /home/meelis/merlin/egs/build_your_own_voice/s1/experiments/eva_laused/acoustic_model/inter_module/nn_mgc_lf0_vuv_bap_199/lause00259.cmp
2025-05-09 14:00:56,972     INFO  acoustic_comp: processing file   31 of  250 : /home/meelis/merlin/egs/build_your_own_voice/s1/experiments/eva_laused/acoustic_model/inter_module/nn_mgc_lf0_vuv_bap_199/lause00246.cmp
2025-05-09 14:00:57,010     INFO  acoustic_comp: processing file   32 of  250 : /home/meelis/merlin/egs/build_your_own_voice/s1/experiments/eva_laused/acoustic_model/inter_module/nn_mgc_lf0_vuv_bap_199/lause00249.cmp
2025-05-09 14:00:57,018     INFO  acoustic_comp: processing file   31 of  249 : /home/meelis/merlin/egs/build_your_own_voice/s1/experiments/eva_laused/acoustic_model/inter_module/nn_mgc_lf0_vuv_bap_199/lause00247.cmp
2025-05-09 14:00:57,180     INFO  acoustic_comp: processing file   34 of  250 : /home/meelis/merlin/egs/build_your_own_voice/s1/experiments/eva_laused/acoustic_model/inter_module/nn_mgc_lf0_vuv_bap_199/lause00268.cmp
2025-05-09 14:00:57,180     INFO  acoustic_comp: processing file   30 of  250 : /home/meelis/merlin/egs/build_your_own_voice/s1/experiments/eva_laused/acoustic_model/inter_module/nn_mgc_lf0_vuv_bap_199/lause00234.cmp
2025-05-09 14:00:57,831     INFO  acoustic_comp: processing file   33 of  250 : /home/meelis/merlin/egs/build_your_own_voice/s1/experiments/eva_laused/acoustic_model/inter_module/nn_mgc_lf0_vuv_bap_199/lause00257.cmp
2025-05-09 14:00:57,831     INFO  acoustic_comp: processing file   33 of  249 : /home/meelis/merlin/egs/build_your_own_voice/s1/experiments/eva_laused/acoustic_model/inter_module/nn_mgc_lf0_vuv_bap_199/lause00264.cmp
2025-05-09 14:00:57,831     INFO  acoustic_comp: processing file   32 of  249 : /home/meelis/merlin/egs/build_your_own_voice/s1/experiments/eva_laused/acoustic_model/inter_module/nn_mgc_lf0_vuv_bap_199/lause00255.cmp
2025-05-09 14:00:57,831     INFO  acoustic_comp: processing file   35 of  250 : /home/meelis/merlin/egs/build_your_own_voice/s1/experiments/eva_laused/acoustic_model/inter_module/nn_mgc_lf0_vuv_bap_199/lause00276.cmp
2025-05-09 14:00:57,831     INFO  acoustic_comp: processing file   31 of  250 : /home/meelis/merlin/egs/build_your_own_voice/s1/experiments/eva_laused/acoustic_model/inter_module/nn_mgc_lf0_vuv_bap_199/lause00245.cmp
2025-05-09 14:00:58,003     INFO  acoustic_comp: processing file   34 of  250 : /home/meelis/merlin/egs/build_your_own_voice/s1/experiments/eva_laused/acoustic_model/inter_module/nn_mgc_lf0_vuv_bap_199/lause00267.cmp
2025-05-09 14:00:58,117     INFO  acoustic_comp: processing file   32 of  250 : /home/meelis/merlin/egs/build_your_own_voice/s1/experiments/eva_laused/acoustic_model/inter_module/nn_mgc_lf0_vuv_bap_199/lause00254.cmp
2025-05-09 14:00:58,384     INFO  acoustic_comp: processing file   31 of  250 : /home/meelis/merlin/egs/build_your_own_voice/s1/experiments/eva_laused/acoustic_model/inter_module/nn_mgc_lf0_vuv_bap_199/lause00242.cmp
2025-05-09 14:00:58,726     INFO  acoustic_comp: processing file   36 of  250 : /home/meelis/merlin/egs/build_your_own_voice/s1/experiments/eva_laused/acoustic_model/inter_module/nn_mgc_lf0_vuv_bap_199/lause00284.cmp
2025-05-09 14:00:58,766     INFO  acoustic_comp: processing file   32 of  250 : /home/meelis/merlin/egs/build_your_own_voice/s1/experiments/eva_laused/acoustic_model/inter_module/nn_mgc_lf0_vuv_bap_199/lause00253.cmp
2025-05-09 14:00:58,789     INFO  acoustic_comp: processing file   33 of  249 : /home/meelis/merlin/egs/build_your_own_voice/s1/experiments/eva_laused/acoustic_model/inter_module/nn_mgc_lf0_vuv_bap_199/lause00263.cmp
2025-05-09 14:00:58,997     INFO  acoustic_comp: processing file   34 of  250 : /home/meelis/merlin/egs/build_your_own_voice/s1/experiments/eva_laused/acoustic_model/inter_module/nn_mgc_lf0_vuv_bap_199/lause00265.cmp
2025-05-09 14:00:59,000     INFO  acoustic_comp: processing file   34 of  249 : /home/meelis/merlin/egs/build_your_own_voice/s1/experiments/eva_laused/acoustic_model/inter_module/nn_mgc_lf0_vuv_bap_199/lause00272.cmp
2025-05-09 14:00:59,046     INFO  acoustic_comp: processing file   33 of  250 : /home/meelis/merlin/egs/build_your_own_voice/s1/experiments/eva_laused/acoustic_model/inter_module/nn_mgc_lf0_vuv_bap_199/lause00262.cmp
2025-05-09 14:00:59,504     INFO  acoustic_comp: processing file   32 of  250 : /home/meelis/merlin/egs/build_your_own_voice/s1/experiments/eva_laused/acoustic_model/inter_module/nn_mgc_lf0_vuv_bap_199/lause00250.cmp
2025-05-09 14:00:59,628     INFO  acoustic_comp: processing file   35 of  250 : /home/meelis/merlin/egs/build_your_own_voice/s1/experiments/eva_laused/acoustic_model/inter_module/nn_mgc_lf0_vuv_bap_199/lause00275.cmp
2025-05-09 14:00:59,754     INFO  acoustic_comp: processing file   37 of  250 : /home/meelis/merlin/egs/build_your_own_voice/s1/experiments/eva_laused/acoustic_model/inter_module/nn_mgc_lf0_vuv_bap_199/lause00292.cmp
2025-05-09 14:00:59,868     INFO  acoustic_comp: processing file   33 of  250 : /home/meelis/merlin/egs/build_your_own_voice/s1/experiments/eva_laused/acoustic_model/inter_module/nn_mgc_lf0_vuv_bap_199/lause00261.cmp
2025-05-09 14:00:59,899     INFO  acoustic_comp: processing file   34 of  249 : /home/meelis/merlin/egs/build_your_own_voice/s1/experiments/eva_laused/acoustic_model/inter_module/nn_mgc_lf0_vuv_bap_199/lause00271.cmp
2025-05-09 14:01:00,052     INFO  acoustic_comp: processing file   34 of  250 : /home/meelis/merlin/egs/build_your_own_voice/s1/experiments/eva_laused/acoustic_model/inter_module/nn_mgc_lf0_vuv_bap_199/lause00270.cmp
2025-05-09 14:01:00,072     INFO  acoustic_comp: processing file   35 of  249 : /home/meelis/merlin/egs/build_your_own_voice/s1/experiments/eva_laused/acoustic_model/inter_module/nn_mgc_lf0_vuv_bap_199/lause00280.cmp
2025-05-09 14:01:00,484     INFO  acoustic_comp: processing file   33 of  250 : /home/meelis/merlin/egs/build_your_own_voice/s1/experiments/eva_laused/acoustic_model/inter_module/nn_mgc_lf0_vuv_bap_199/lause00258.cmp
2025-05-09 14:01:00,489     INFO  acoustic_comp: processing file   35 of  250 : /home/meelis/merlin/egs/build_your_own_voice/s1/experiments/eva_laused/acoustic_model/inter_module/nn_mgc_lf0_vuv_bap_199/lause00273.cmp
2025-05-09 14:01:00,617     INFO  acoustic_comp: processing file   38 of  250 : /home/meelis/merlin/egs/build_your_own_voice/s1/experiments/eva_laused/acoustic_model/inter_module/nn_mgc_lf0_vuv_bap_199/lause00300.cmp
2025-05-09 14:01:00,864     INFO  acoustic_comp: processing file   35 of  249 : /home/meelis/merlin/egs/build_your_own_voice/s1/experiments/eva_laused/acoustic_model/inter_module/nn_mgc_lf0_vuv_bap_199/lause00279.cmp
2025-05-09 14:01:01,009     INFO  acoustic_comp: processing file   36 of  250 : /home/meelis/merlin/egs/build_your_own_voice/s1/experiments/eva_laused/acoustic_model/inter_module/nn_mgc_lf0_vuv_bap_199/lause00283.cmp
2025-05-09 14:01:01,020     INFO  acoustic_comp: processing file   35 of  250 : /home/meelis/merlin/egs/build_your_own_voice/s1/experiments/eva_laused/acoustic_model/inter_module/nn_mgc_lf0_vuv_bap_199/lause00278.cmp
2025-05-09 14:01:01,068     INFO  acoustic_comp: processing file   34 of  250 : /home/meelis/merlin/egs/build_your_own_voice/s1/experiments/eva_laused/acoustic_model/inter_module/nn_mgc_lf0_vuv_bap_199/lause00269.cmp
2025-05-09 14:01:01,435     INFO  acoustic_comp: processing file   36 of  250 : /home/meelis/merlin/egs/build_your_own_voice/s1/experiments/eva_laused/acoustic_model/inter_module/nn_mgc_lf0_vuv_bap_199/lause00281.cmp
2025-05-09 14:01:01,666     INFO  acoustic_comp: processing file   34 of  250 : /home/meelis/merlin/egs/build_your_own_voice/s1/experiments/eva_laused/acoustic_model/inter_module/nn_mgc_lf0_vuv_bap_199/lause00266.cmp
2025-05-09 14:01:01,684     INFO  acoustic_comp: processing file   36 of  249 : /home/meelis/merlin/egs/build_your_own_voice/s1/experiments/eva_laused/acoustic_model/inter_module/nn_mgc_lf0_vuv_bap_199/lause00288.cmp
2025-05-09 14:01:01,971     INFO  acoustic_comp: processing file   36 of  249 : /home/meelis/merlin/egs/build_your_own_voice/s1/experiments/eva_laused/acoustic_model/inter_module/nn_mgc_lf0_vuv_bap_199/lause00287.cmp
2025-05-09 14:01:02,045     INFO  acoustic_comp: processing file   37 of  250 : /home/meelis/merlin/egs/build_your_own_voice/s1/experiments/eva_laused/acoustic_model/inter_module/nn_mgc_lf0_vuv_bap_199/lause00291.cmp
2025-05-09 14:01:02,049     INFO  acoustic_comp: processing file   39 of  250 : /home/meelis/merlin/egs/build_your_own_voice/s1/experiments/eva_laused/acoustic_model/inter_module/nn_mgc_lf0_vuv_bap_199/lause00308.cmp
2025-05-09 14:01:02,232     INFO  acoustic_comp: processing file   35 of  250 : /home/meelis/merlin/egs/build_your_own_voice/s1/experiments/eva_laused/acoustic_model/inter_module/nn_mgc_lf0_vuv_bap_199/lause00277.cmp
2025-05-09 14:01:02,234     INFO  acoustic_comp: processing file   36 of  250 : /home/meelis/merlin/egs/build_your_own_voice/s1/experiments/eva_laused/acoustic_model/inter_module/nn_mgc_lf0_vuv_bap_199/lause00286.cmp
2025-05-09 14:01:02,375     INFO  acoustic_comp: processing file   37 of  250 : /home/meelis/merlin/egs/build_your_own_voice/s1/experiments/eva_laused/acoustic_model/inter_module/nn_mgc_lf0_vuv_bap_199/lause00289.cmp
2025-05-09 14:01:02,878     INFO  acoustic_comp: processing file   38 of  250 : /home/meelis/merlin/egs/build_your_own_voice/s1/experiments/eva_laused/acoustic_model/inter_module/nn_mgc_lf0_vuv_bap_199/lause00299.cmp
2025-05-09 14:01:02,983     INFO  acoustic_comp: processing file   37 of  249 : /home/meelis/merlin/egs/build_your_own_voice/s1/experiments/eva_laused/acoustic_model/inter_module/nn_mgc_lf0_vuv_bap_199/lause00296.cmp
2025-05-09 14:01:03,050     INFO  acoustic_comp: processing file   35 of  250 : /home/meelis/merlin/egs/build_your_own_voice/s1/experiments/eva_laused/acoustic_model/inter_module/nn_mgc_lf0_vuv_bap_199/lause00274.cmp
2025-05-09 14:01:03,153     INFO  acoustic_comp: processing file   40 of  250 : /home/meelis/merlin/egs/build_your_own_voice/s1/experiments/eva_laused/acoustic_model/inter_module/nn_mgc_lf0_vuv_bap_199/lause00316.cmp
2025-05-09 14:01:03,238     INFO  acoustic_comp: processing file   36 of  250 : /home/meelis/merlin/egs/build_your_own_voice/s1/experiments/eva_laused/acoustic_model/inter_module/nn_mgc_lf0_vuv_bap_199/lause00285.cmp
2025-05-09 14:01:03,263     INFO  acoustic_comp: processing file   37 of  250 : /home/meelis/merlin/egs/build_your_own_voice/s1/experiments/eva_laused/acoustic_model/inter_module/nn_mgc_lf0_vuv_bap_199/lause00294.cmp
2025-05-09 14:01:03,435     INFO  acoustic_comp: processing file   37 of  249 : /home/meelis/merlin/egs/build_your_own_voice/s1/experiments/eva_laused/acoustic_model/inter_module/nn_mgc_lf0_vuv_bap_199/lause00295.cmp
2025-05-09 14:01:03,571     INFO  acoustic_comp: processing file   38 of  250 : /home/meelis/merlin/egs/build_your_own_voice/s1/experiments/eva_laused/acoustic_model/inter_module/nn_mgc_lf0_vuv_bap_199/lause00297.cmp
2025-05-09 14:01:04,168     INFO  acoustic_comp: processing file   41 of  250 : /home/meelis/merlin/egs/build_your_own_voice/s1/experiments/eva_laused/acoustic_model/inter_module/nn_mgc_lf0_vuv_bap_199/lause00324.cmp
2025-05-09 14:01:04,201     INFO  acoustic_comp: processing file   36 of  250 : /home/meelis/merlin/egs/build_your_own_voice/s1/experiments/eva_laused/acoustic_model/inter_module/nn_mgc_lf0_vuv_bap_199/lause00282.cmp
2025-05-09 14:01:04,325     INFO  acoustic_comp: processing file   38 of  250 : /home/meelis/merlin/egs/build_your_own_voice/s1/experiments/eva_laused/acoustic_model/inter_module/nn_mgc_lf0_vuv_bap_199/lause00302.cmp
2025-05-09 14:01:04,462     INFO  acoustic_comp: processing file   38 of  249 : /home/meelis/merlin/egs/build_your_own_voice/s1/experiments/eva_laused/acoustic_model/inter_module/nn_mgc_lf0_vuv_bap_199/lause00303.cmp
2025-05-09 14:01:04,493     INFO  acoustic_comp: processing file   38 of  249 : /home/meelis/merlin/egs/build_your_own_voice/s1/experiments/eva_laused/acoustic_model/inter_module/nn_mgc_lf0_vuv_bap_199/lause00304.cmp
2025-05-09 14:01:04,800     INFO  acoustic_comp: processing file   39 of  250 : /home/meelis/merlin/egs/build_your_own_voice/s1/experiments/eva_laused/acoustic_model/inter_module/nn_mgc_lf0_vuv_bap_199/lause00307.cmp
2025-05-09 14:01:04,893     INFO  acoustic_comp: processing file   37 of  250 : /home/meelis/merlin/egs/build_your_own_voice/s1/experiments/eva_laused/acoustic_model/inter_module/nn_mgc_lf0_vuv_bap_199/lause00293.cmp
2025-05-09 14:01:05,014     INFO  acoustic_comp: processing file   37 of  250 : /home/meelis/merlin/egs/build_your_own_voice/s1/experiments/eva_laused/acoustic_model/inter_module/nn_mgc_lf0_vuv_bap_199/lause00290.cmp
2025-05-09 14:01:05,055     INFO  acoustic_comp: processing file   39 of  250 : /home/meelis/merlin/egs/build_your_own_voice/s1/experiments/eva_laused/acoustic_model/inter_module/nn_mgc_lf0_vuv_bap_199/lause00305.cmp
2025-05-09 14:01:05,284     INFO  acoustic_comp: processing file   42 of  250 : /home/meelis/merlin/egs/build_your_own_voice/s1/experiments/eva_laused/acoustic_model/inter_module/nn_mgc_lf0_vuv_bap_199/lause00332.cmp
2025-05-09 14:01:05,489     INFO  acoustic_comp: processing file   39 of  249 : /home/meelis/merlin/egs/build_your_own_voice/s1/experiments/eva_laused/acoustic_model/inter_module/nn_mgc_lf0_vuv_bap_199/lause00312.cmp
2025-05-09 14:01:05,531     INFO  acoustic_comp: processing file   39 of  249 : /home/meelis/merlin/egs/build_your_own_voice/s1/experiments/eva_laused/acoustic_model/inter_module/nn_mgc_lf0_vuv_bap_199/lause00311.cmp
2025-05-09 14:01:05,763     INFO  acoustic_comp: processing file   40 of  250 : /home/meelis/merlin/egs/build_your_own_voice/s1/experiments/eva_laused/acoustic_model/inter_module/nn_mgc_lf0_vuv_bap_199/lause00315.cmp
2025-05-09 14:01:05,924     INFO  acoustic_comp: processing file   38 of  250 : /home/meelis/merlin/egs/build_your_own_voice/s1/experiments/eva_laused/acoustic_model/inter_module/nn_mgc_lf0_vuv_bap_199/lause00301.cmp
2025-05-09 14:01:05,987     INFO  acoustic_comp: processing file   39 of  250 : /home/meelis/merlin/egs/build_your_own_voice/s1/experiments/eva_laused/acoustic_model/inter_module/nn_mgc_lf0_vuv_bap_199/lause00310.cmp
2025-05-09 14:01:06,018     INFO  acoustic_comp: processing file   38 of  250 : /home/meelis/merlin/egs/build_your_own_voice/s1/experiments/eva_laused/acoustic_model/inter_module/nn_mgc_lf0_vuv_bap_199/lause00298.cmp
2025-05-09 14:01:06,127     INFO  acoustic_comp: processing file   40 of  250 : /home/meelis/merlin/egs/build_your_own_voice/s1/experiments/eva_laused/acoustic_model/inter_module/nn_mgc_lf0_vuv_bap_199/lause00313.cmp
2025-05-09 14:01:06,658     INFO  acoustic_comp: processing file   40 of  249 : /home/meelis/merlin/egs/build_your_own_voice/s1/experiments/eva_laused/acoustic_model/inter_module/nn_mgc_lf0_vuv_bap_199/lause00319.cmp
2025-05-09 14:01:06,878     INFO  acoustic_comp: processing file   41 of  250 : /home/meelis/merlin/egs/build_your_own_voice/s1/experiments/eva_laused/acoustic_model/inter_module/nn_mgc_lf0_vuv_bap_199/lause00323.cmp
2025-05-09 14:01:06,910     INFO  acoustic_comp: processing file   43 of  250 : /home/meelis/merlin/egs/build_your_own_voice/s1/experiments/eva_laused/acoustic_model/inter_module/nn_mgc_lf0_vuv_bap_199/lause00340.cmp
2025-05-09 14:01:07,114     INFO  acoustic_comp: processing file   40 of  250 : /home/meelis/merlin/egs/build_your_own_voice/s1/experiments/eva_laused/acoustic_model/inter_module/nn_mgc_lf0_vuv_bap_199/lause00318.cmp
2025-05-09 14:01:07,151     INFO  acoustic_comp: processing file   39 of  250 : /home/meelis/merlin/egs/build_your_own_voice/s1/experiments/eva_laused/acoustic_model/inter_module/nn_mgc_lf0_vuv_bap_199/lause00309.cmp
2025-05-09 14:01:07,297     INFO  acoustic_comp: processing file   41 of  250 : /home/meelis/merlin/egs/build_your_own_voice/s1/experiments/eva_laused/acoustic_model/inter_module/nn_mgc_lf0_vuv_bap_199/lause00321.cmp
2025-05-09 14:01:07,396     INFO  acoustic_comp: processing file   39 of  250 : /home/meelis/merlin/egs/build_your_own_voice/s1/experiments/eva_laused/acoustic_model/inter_module/nn_mgc_lf0_vuv_bap_199/lause00306.cmp
2025-05-09 14:01:07,517     INFO  acoustic_comp: processing file   40 of  249 : /home/meelis/merlin/egs/build_your_own_voice/s1/experiments/eva_laused/acoustic_model/inter_module/nn_mgc_lf0_vuv_bap_199/lause00320.cmp
2025-05-09 14:01:07,795     INFO  acoustic_comp: processing file   41 of  249 : /home/meelis/merlin/egs/build_your_own_voice/s1/experiments/eva_laused/acoustic_model/inter_module/nn_mgc_lf0_vuv_bap_199/lause00327.cmp
2025-05-09 14:01:08,096     INFO  acoustic_comp: processing file   44 of  250 : /home/meelis/merlin/egs/build_your_own_voice/s1/experiments/eva_laused/acoustic_model/inter_module/nn_mgc_lf0_vuv_bap_199/lause00348.cmp
2025-05-09 14:01:08,228     INFO  acoustic_comp: processing file   42 of  250 : /home/meelis/merlin/egs/build_your_own_voice/s1/experiments/eva_laused/acoustic_model/inter_module/nn_mgc_lf0_vuv_bap_199/lause00331.cmp
2025-05-09 14:01:08,408     INFO  acoustic_comp: processing file   41 of  250 : /home/meelis/merlin/egs/build_your_own_voice/s1/experiments/eva_laused/acoustic_model/inter_module/nn_mgc_lf0_vuv_bap_199/lause00326.cmp
2025-05-09 14:01:08,628     INFO  acoustic_comp: processing file   42 of  250 : /home/meelis/merlin/egs/build_your_own_voice/s1/experiments/eva_laused/acoustic_model/inter_module/nn_mgc_lf0_vuv_bap_199/lause00329.cmp
2025-05-09 14:01:08,628     INFO  acoustic_comp: processing file   40 of  250 : /home/meelis/merlin/egs/build_your_own_voice/s1/experiments/eva_laused/acoustic_model/inter_module/nn_mgc_lf0_vuv_bap_199/lause00317.cmp
2025-05-09 14:01:08,770     INFO  acoustic_comp: processing file   45 of  250 : /home/meelis/merlin/egs/build_your_own_voice/s1/experiments/eva_laused/acoustic_model/inter_module/nn_mgc_lf0_vuv_bap_199/lause00356.cmp
2025-05-09 14:01:08,897     INFO  acoustic_comp: processing file   40 of  250 : /home/meelis/merlin/egs/build_your_own_voice/s1/experiments/eva_laused/acoustic_model/inter_module/nn_mgc_lf0_vuv_bap_199/lause00314.cmp
2025-05-09 14:01:09,090     INFO  acoustic_comp: processing file   42 of  249 : /home/meelis/merlin/egs/build_your_own_voice/s1/experiments/eva_laused/acoustic_model/inter_module/nn_mgc_lf0_vuv_bap_199/lause00335.cmp
2025-05-09 14:01:09,111     INFO  acoustic_comp: processing file   41 of  249 : /home/meelis/merlin/egs/build_your_own_voice/s1/experiments/eva_laused/acoustic_model/inter_module/nn_mgc_lf0_vuv_bap_199/lause00328.cmp
2025-05-09 14:01:09,380     INFO  acoustic_comp: processing file   43 of  250 : /home/meelis/merlin/egs/build_your_own_voice/s1/experiments/eva_laused/acoustic_model/inter_module/nn_mgc_lf0_vuv_bap_199/lause00339.cmp
2025-05-09 14:01:09,515     INFO  acoustic_comp: processing file   42 of  250 : /home/meelis/merlin/egs/build_your_own_voice/s1/experiments/eva_laused/acoustic_model/inter_module/nn_mgc_lf0_vuv_bap_199/lause00334.cmp
2025-05-09 14:01:09,693     INFO  acoustic_comp: processing file   43 of  250 : /home/meelis/merlin/egs/build_your_own_voice/s1/experiments/eva_laused/acoustic_model/inter_module/nn_mgc_lf0_vuv_bap_199/lause00337.cmp
2025-05-09 14:01:10,107     INFO  acoustic_comp: processing file   46 of  250 : /home/meelis/merlin/egs/build_your_own_voice/s1/experiments/eva_laused/acoustic_model/inter_module/nn_mgc_lf0_vuv_bap_199/lause00364.cmp
2025-05-09 14:01:10,227     INFO  acoustic_comp: processing file   41 of  250 : /home/meelis/merlin/egs/build_your_own_voice/s1/experiments/eva_laused/acoustic_model/inter_module/nn_mgc_lf0_vuv_bap_199/lause00325.cmp
2025-05-09 14:01:10,332     INFO  acoustic_comp: processing file   42 of  249 : /home/meelis/merlin/egs/build_your_own_voice/s1/experiments/eva_laused/acoustic_model/inter_module/nn_mgc_lf0_vuv_bap_199/lause00336.cmp
2025-05-09 14:01:10,401     INFO  acoustic_comp: processing file   43 of  249 : /home/meelis/merlin/egs/build_your_own_voice/s1/experiments/eva_laused/acoustic_model/inter_module/nn_mgc_lf0_vuv_bap_199/lause00343.cmp
2025-05-09 14:01:10,447     INFO  acoustic_comp: processing file   43 of  250 : /home/meelis/merlin/egs/build_your_own_voice/s1/experiments/eva_laused/acoustic_model/inter_module/nn_mgc_lf0_vuv_bap_199/lause00342.cmp
2025-05-09 14:01:10,465     INFO  acoustic_comp: processing file   44 of  250 : /home/meelis/merlin/egs/build_your_own_voice/s1/experiments/eva_laused/acoustic_model/inter_module/nn_mgc_lf0_vuv_bap_199/lause00347.cmp
2025-05-09 14:01:10,831     INFO  acoustic_comp: processing file   41 of  250 : /home/meelis/merlin/egs/build_your_own_voice/s1/experiments/eva_laused/acoustic_model/inter_module/nn_mgc_lf0_vuv_bap_199/lause00322.cmp
2025-05-09 14:01:11,347     INFO  acoustic_comp: processing file   43 of  249 : /home/meelis/merlin/egs/build_your_own_voice/s1/experiments/eva_laused/acoustic_model/inter_module/nn_mgc_lf0_vuv_bap_199/lause00344.cmp
2025-05-09 14:01:11,355     INFO  acoustic_comp: processing file   44 of  250 : /home/meelis/merlin/egs/build_your_own_voice/s1/experiments/eva_laused/acoustic_model/inter_module/nn_mgc_lf0_vuv_bap_199/lause00345.cmp
2025-05-09 14:01:11,417     INFO  acoustic_comp: processing file   45 of  250 : /home/meelis/merlin/egs/build_your_own_voice/s1/experiments/eva_laused/acoustic_model/inter_module/nn_mgc_lf0_vuv_bap_199/lause00355.cmp
2025-05-09 14:01:11,533     INFO  acoustic_comp: processing file   44 of  250 : /home/meelis/merlin/egs/build_your_own_voice/s1/experiments/eva_laused/acoustic_model/inter_module/nn_mgc_lf0_vuv_bap_199/lause00350.cmp
2025-05-09 14:01:11,551     INFO  acoustic_comp: processing file   47 of  250 : /home/meelis/merlin/egs/build_your_own_voice/s1/experiments/eva_laused/acoustic_model/inter_module/nn_mgc_lf0_vuv_bap_199/lause00372.cmp
2025-05-09 14:01:11,590     INFO  acoustic_comp: processing file   42 of  250 : /home/meelis/merlin/egs/build_your_own_voice/s1/experiments/eva_laused/acoustic_model/inter_module/nn_mgc_lf0_vuv_bap_199/lause00333.cmp
2025-05-09 14:01:12,167     INFO  acoustic_comp: processing file   42 of  250 : /home/meelis/merlin/egs/build_your_own_voice/s1/experiments/eva_laused/acoustic_model/inter_module/nn_mgc_lf0_vuv_bap_199/lause00330.cmp
2025-05-09 14:01:12,283     INFO  acoustic_comp: processing file   44 of  249 : /home/meelis/merlin/egs/build_your_own_voice/s1/experiments/eva_laused/acoustic_model/inter_module/nn_mgc_lf0_vuv_bap_199/lause00351.cmp
2025-05-09 14:01:12,560     INFO  acoustic_comp: processing file   45 of  250 : /home/meelis/merlin/egs/build_your_own_voice/s1/experiments/eva_laused/acoustic_model/inter_module/nn_mgc_lf0_vuv_bap_199/lause00353.cmp
2025-05-09 14:01:12,660     INFO  acoustic_comp: processing file   44 of  249 : /home/meelis/merlin/egs/build_your_own_voice/s1/experiments/eva_laused/acoustic_model/inter_module/nn_mgc_lf0_vuv_bap_199/lause00352.cmp
2025-05-09 14:01:12,949     INFO  acoustic_comp: processing file   46 of  250 : /home/meelis/merlin/egs/build_your_own_voice/s1/experiments/eva_laused/acoustic_model/inter_module/nn_mgc_lf0_vuv_bap_199/lause00363.cmp
2025-05-09 14:01:12,972     INFO  acoustic_comp: processing file   48 of  250 : /home/meelis/merlin/egs/build_your_own_voice/s1/experiments/eva_laused/acoustic_model/inter_module/nn_mgc_lf0_vuv_bap_199/lause00380.cmp
2025-05-09 14:01:13,092     INFO  acoustic_comp: processing file   43 of  250 : /home/meelis/merlin/egs/build_your_own_voice/s1/experiments/eva_laused/acoustic_model/inter_module/nn_mgc_lf0_vuv_bap_199/lause00341.cmp
2025-05-09 14:01:13,218     INFO  acoustic_comp: processing file   45 of  250 : /home/meelis/merlin/egs/build_your_own_voice/s1/experiments/eva_laused/acoustic_model/inter_module/nn_mgc_lf0_vuv_bap_199/lause00358.cmp
2025-05-09 14:01:13,286     INFO  acoustic_comp: processing file   43 of  250 : /home/meelis/merlin/egs/build_your_own_voice/s1/experiments/eva_laused/acoustic_model/inter_module/nn_mgc_lf0_vuv_bap_199/lause00338.cmp
2025-05-09 14:01:13,483     INFO  acoustic_comp: processing file   46 of  250 : /home/meelis/merlin/egs/build_your_own_voice/s1/experiments/eva_laused/acoustic_model/inter_module/nn_mgc_lf0_vuv_bap_199/lause00361.cmp
2025-05-09 14:01:13,543     INFO  acoustic_comp: processing file   45 of  249 : /home/meelis/merlin/egs/build_your_own_voice/s1/experiments/eva_laused/acoustic_model/inter_module/nn_mgc_lf0_vuv_bap_199/lause00359.cmp
2025-05-09 14:01:13,800     INFO  acoustic_comp: processing file   49 of  250 : /home/meelis/merlin/egs/build_your_own_voice/s1/experiments/eva_laused/acoustic_model/inter_module/nn_mgc_lf0_vuv_bap_199/lause00388.cmp
2025-05-09 14:01:14,150     INFO  acoustic_comp: processing file   45 of  249 : /home/meelis/merlin/egs/build_your_own_voice/s1/experiments/eva_laused/acoustic_model/inter_module/nn_mgc_lf0_vuv_bap_199/lause00360.cmp
2025-05-09 14:01:14,168     INFO  acoustic_comp: processing file   47 of  250 : /home/meelis/merlin/egs/build_your_own_voice/s1/experiments/eva_laused/acoustic_model/inter_module/nn_mgc_lf0_vuv_bap_199/lause00371.cmp
2025-05-09 14:01:14,412     INFO  acoustic_comp: processing file   44 of  250 : /home/meelis/merlin/egs/build_your_own_voice/s1/experiments/eva_laused/acoustic_model/inter_module/nn_mgc_lf0_vuv_bap_199/lause00349.cmp
2025-05-09 14:01:14,416     INFO  acoustic_comp: processing file   44 of  250 : /home/meelis/merlin/egs/build_your_own_voice/s1/experiments/eva_laused/acoustic_model/inter_module/nn_mgc_lf0_vuv_bap_199/lause00346.cmp
2025-05-09 14:01:14,504     INFO  acoustic_comp: processing file   46 of  249 : /home/meelis/merlin/egs/build_your_own_voice/s1/experiments/eva_laused/acoustic_model/inter_module/nn_mgc_lf0_vuv_bap_199/lause00367.cmp
2025-05-09 14:01:14,826     INFO  acoustic_comp: processing file   46 of  250 : /home/meelis/merlin/egs/build_your_own_voice/s1/experiments/eva_laused/acoustic_model/inter_module/nn_mgc_lf0_vuv_bap_199/lause00366.cmp
2025-05-09 14:01:14,921     INFO  acoustic_comp: processing file   50 of  250 : /home/meelis/merlin/egs/build_your_own_voice/s1/experiments/eva_laused/acoustic_model/inter_module/nn_mgc_lf0_vuv_bap_199/lause00396.cmp
2025-05-09 14:01:15,072     INFO  acoustic_comp: processing file   48 of  250 : /home/meelis/merlin/egs/build_your_own_voice/s1/experiments/eva_laused/acoustic_model/inter_module/nn_mgc_lf0_vuv_bap_199/lause00379.cmp
2025-05-09 14:01:15,210     INFO  acoustic_comp: processing file   47 of  250 : /home/meelis/merlin/egs/build_your_own_voice/s1/experiments/eva_laused/acoustic_model/inter_module/nn_mgc_lf0_vuv_bap_199/lause00369.cmp
2025-05-09 14:01:15,259     INFO  acoustic_comp: processing file   45 of  250 : /home/meelis/merlin/egs/build_your_own_voice/s1/experiments/eva_laused/acoustic_model/inter_module/nn_mgc_lf0_vuv_bap_199/lause00357.cmp
2025-05-09 14:01:15,478     INFO  acoustic_comp: processing file   46 of  249 : /home/meelis/merlin/egs/build_your_own_voice/s1/experiments/eva_laused/acoustic_model/inter_module/nn_mgc_lf0_vuv_bap_199/lause00368.cmp
2025-05-09 14:01:15,691     INFO  acoustic_comp: processing file   45 of  250 : /home/meelis/merlin/egs/build_your_own_voice/s1/experiments/eva_laused/acoustic_model/inter_module/nn_mgc_lf0_vuv_bap_199/lause00354.cmp
2025-05-09 14:01:16,003     INFO  acoustic_comp: processing file   49 of  250 : /home/meelis/merlin/egs/build_your_own_voice/s1/experiments/eva_laused/acoustic_model/inter_module/nn_mgc_lf0_vuv_bap_199/lause00387.cmp
2025-05-09 14:01:16,255     INFO  acoustic_comp: processing file   51 of  250 : /home/meelis/merlin/egs/build_your_own_voice/s1/experiments/eva_laused/acoustic_model/inter_module/nn_mgc_lf0_vuv_bap_199/lause00404.cmp
2025-05-09 14:01:16,409     INFO  acoustic_comp: processing file   47 of  249 : /home/meelis/merlin/egs/build_your_own_voice/s1/experiments/eva_laused/acoustic_model/inter_module/nn_mgc_lf0_vuv_bap_199/lause00375.cmp
2025-05-09 14:01:16,410     INFO  acoustic_comp: processing file   48 of  250 : /home/meelis/merlin/egs/build_your_own_voice/s1/experiments/eva_laused/acoustic_model/inter_module/nn_mgc_lf0_vuv_bap_199/lause00377.cmp
2025-05-09 14:01:16,749     INFO  acoustic_comp: processing file   47 of  250 : /home/meelis/merlin/egs/build_your_own_voice/s1/experiments/eva_laused/acoustic_model/inter_module/nn_mgc_lf0_vuv_bap_199/lause00374.cmp
2025-05-09 14:01:16,863     INFO  acoustic_comp: processing file   46 of  250 : /home/meelis/merlin/egs/build_your_own_voice/s1/experiments/eva_laused/acoustic_model/inter_module/nn_mgc_lf0_vuv_bap_199/lause00362.cmp
2025-05-09 14:01:16,902     INFO  acoustic_comp: processing file   47 of  249 : /home/meelis/merlin/egs/build_your_own_voice/s1/experiments/eva_laused/acoustic_model/inter_module/nn_mgc_lf0_vuv_bap_199/lause00376.cmp
2025-05-09 14:01:17,043     INFO  acoustic_comp: processing file   46 of  250 : /home/meelis/merlin/egs/build_your_own_voice/s1/experiments/eva_laused/acoustic_model/inter_module/nn_mgc_lf0_vuv_bap_199/lause00365.cmp
2025-05-09 14:01:17,243     INFO  acoustic_comp: processing file   50 of  250 : /home/meelis/merlin/egs/build_your_own_voice/s1/experiments/eva_laused/acoustic_model/inter_module/nn_mgc_lf0_vuv_bap_199/lause00395.cmp
2025-05-09 14:01:17,491     INFO  acoustic_comp: processing file   49 of  250 : /home/meelis/merlin/egs/build_your_own_voice/s1/experiments/eva_laused/acoustic_model/inter_module/nn_mgc_lf0_vuv_bap_199/lause00385.cmp
2025-05-09 14:01:17,872     INFO  acoustic_comp: processing file   47 of  250 : /home/meelis/merlin/egs/build_your_own_voice/s1/experiments/eva_laused/acoustic_model/inter_module/nn_mgc_lf0_vuv_bap_199/lause00370.cmp
2025-05-09 14:01:17,909     INFO  acoustic_comp: processing file   48 of  249 : /home/meelis/merlin/egs/build_your_own_voice/s1/experiments/eva_laused/acoustic_model/inter_module/nn_mgc_lf0_vuv_bap_199/lause00383.cmp
2025-05-09 14:01:17,941     INFO  acoustic_comp: processing file   52 of  250 : /home/meelis/merlin/egs/build_your_own_voice/s1/experiments/eva_laused/acoustic_model/inter_module/nn_mgc_lf0_vuv_bap_199/lause00412.cmp
2025-05-09 14:01:18,183     INFO  acoustic_comp: processing file   48 of  250 : /home/meelis/merlin/egs/build_your_own_voice/s1/experiments/eva_laused/acoustic_model/inter_module/nn_mgc_lf0_vuv_bap_199/lause00382.cmp
2025-05-09 14:01:18,303     INFO  acoustic_comp: processing file   51 of  250 : /home/meelis/merlin/egs/build_your_own_voice/s1/experiments/eva_laused/acoustic_model/inter_module/nn_mgc_lf0_vuv_bap_199/lause00403.cmp
2025-05-09 14:01:18,355     INFO  acoustic_comp: processing file   47 of  250 : /home/meelis/merlin/egs/build_your_own_voice/s1/experiments/eva_laused/acoustic_model/inter_module/nn_mgc_lf0_vuv_bap_199/lause00373.cmp
2025-05-09 14:01:18,631     INFO  acoustic_comp: processing file   48 of  249 : /home/meelis/merlin/egs/build_your_own_voice/s1/experiments/eva_laused/acoustic_model/inter_module/nn_mgc_lf0_vuv_bap_199/lause00384.cmp
2025-05-09 14:01:19,166     INFO  acoustic_comp: processing file   53 of  250 : /home/meelis/merlin/egs/build_your_own_voice/s1/experiments/eva_laused/acoustic_model/inter_module/nn_mgc_lf0_vuv_bap_199/lause00420.cmp
2025-05-09 14:01:19,231     INFO  acoustic_comp: processing file   52 of  250 : /home/meelis/merlin/egs/build_your_own_voice/s1/experiments/eva_laused/acoustic_model/inter_module/nn_mgc_lf0_vuv_bap_199/lause00411.cmp
2025-05-09 14:01:19,395     INFO  acoustic_comp: processing file   50 of  250 : /home/meelis/merlin/egs/build_your_own_voice/s1/experiments/eva_laused/acoustic_model/inter_module/nn_mgc_lf0_vuv_bap_199/lause00393.cmp
2025-05-09 14:01:19,470     INFO  acoustic_comp: processing file   49 of  249 : /home/meelis/merlin/egs/build_your_own_voice/s1/experiments/eva_laused/acoustic_model/inter_module/nn_mgc_lf0_vuv_bap_199/lause00391.cmp
2025-05-09 14:01:19,474     INFO  acoustic_comp: processing file   48 of  250 : /home/meelis/merlin/egs/build_your_own_voice/s1/experiments/eva_laused/acoustic_model/inter_module/nn_mgc_lf0_vuv_bap_199/lause00378.cmp
2025-05-09 14:01:19,494     INFO  acoustic_comp: processing file   48 of  250 : /home/meelis/merlin/egs/build_your_own_voice/s1/experiments/eva_laused/acoustic_model/inter_module/nn_mgc_lf0_vuv_bap_199/lause00381.cmp
2025-05-09 14:01:19,534     INFO  acoustic_comp: processing file   49 of  250 : /home/meelis/merlin/egs/build_your_own_voice/s1/experiments/eva_laused/acoustic_model/inter_module/nn_mgc_lf0_vuv_bap_199/lause00390.cmp
2025-05-09 14:01:19,691     INFO  acoustic_comp: processing file   49 of  249 : /home/meelis/merlin/egs/build_your_own_voice/s1/experiments/eva_laused/acoustic_model/inter_module/nn_mgc_lf0_vuv_bap_199/lause00392.cmp
2025-05-09 14:01:20,201     INFO  acoustic_comp: processing file   50 of  250 : /home/meelis/merlin/egs/build_your_own_voice/s1/experiments/eva_laused/acoustic_model/inter_module/nn_mgc_lf0_vuv_bap_199/lause00398.cmp
2025-05-09 14:01:20,236     INFO  acoustic_comp: processing file   53 of  250 : /home/meelis/merlin/egs/build_your_own_voice/s1/experiments/eva_laused/acoustic_model/inter_module/nn_mgc_lf0_vuv_bap_199/lause00419.cmp
2025-05-09 14:01:20,277     INFO  acoustic_comp: processing file   51 of  250 : /home/meelis/merlin/egs/build_your_own_voice/s1/experiments/eva_laused/acoustic_model/inter_module/nn_mgc_lf0_vuv_bap_199/lause00401.cmp
2025-05-09 14:01:20,341     INFO  acoustic_comp: processing file   54 of  250 : /home/meelis/merlin/egs/build_your_own_voice/s1/experiments/eva_laused/acoustic_model/inter_module/nn_mgc_lf0_vuv_bap_199/lause00428.cmp
2025-05-09 14:01:20,490     INFO  acoustic_comp: processing file   49 of  250 : /home/meelis/merlin/egs/build_your_own_voice/s1/experiments/eva_laused/acoustic_model/inter_module/nn_mgc_lf0_vuv_bap_199/lause00386.cmp
2025-05-09 14:01:20,677     INFO  acoustic_comp: processing file   50 of  249 : /home/meelis/merlin/egs/build_your_own_voice/s1/experiments/eva_laused/acoustic_model/inter_module/nn_mgc_lf0_vuv_bap_199/lause00400.cmp
2025-05-09 14:01:20,718     INFO  acoustic_comp: processing file   49 of  250 : /home/meelis/merlin/egs/build_your_own_voice/s1/experiments/eva_laused/acoustic_model/inter_module/nn_mgc_lf0_vuv_bap_199/lause00389.cmp
2025-05-09 14:01:20,768     INFO  acoustic_comp: processing file   50 of  249 : /home/meelis/merlin/egs/build_your_own_voice/s1/experiments/eva_laused/acoustic_model/inter_module/nn_mgc_lf0_vuv_bap_199/lause00399.cmp
2025-05-09 14:01:21,319     INFO  acoustic_comp: processing file   54 of  250 : /home/meelis/merlin/egs/build_your_own_voice/s1/experiments/eva_laused/acoustic_model/inter_module/nn_mgc_lf0_vuv_bap_199/lause00427.cmp
2025-05-09 14:01:21,403     INFO  acoustic_comp: processing file   51 of  250 : /home/meelis/merlin/egs/build_your_own_voice/s1/experiments/eva_laused/acoustic_model/inter_module/nn_mgc_lf0_vuv_bap_199/lause00406.cmp
2025-05-09 14:01:21,545     INFO  acoustic_comp: processing file   50 of  250 : /home/meelis/merlin/egs/build_your_own_voice/s1/experiments/eva_laused/acoustic_model/inter_module/nn_mgc_lf0_vuv_bap_199/lause00394.cmp
2025-05-09 14:01:21,603     INFO  acoustic_comp: processing file   52 of  250 : /home/meelis/merlin/egs/build_your_own_voice/s1/experiments/eva_laused/acoustic_model/inter_module/nn_mgc_lf0_vuv_bap_199/lause00409.cmp
2025-05-09 14:01:21,639     INFO  acoustic_comp: processing file   50 of  250 : /home/meelis/merlin/egs/build_your_own_voice/s1/experiments/eva_laused/acoustic_model/inter_module/nn_mgc_lf0_vuv_bap_199/lause00397.cmp
2025-05-09 14:01:21,720     INFO  acoustic_comp: processing file   55 of  250 : /home/meelis/merlin/egs/build_your_own_voice/s1/experiments/eva_laused/acoustic_model/inter_module/nn_mgc_lf0_vuv_bap_199/lause00436.cmp
2025-05-09 14:01:21,841     INFO  acoustic_comp: processing file   51 of  249 : /home/meelis/merlin/egs/build_your_own_voice/s1/experiments/eva_laused/acoustic_model/inter_module/nn_mgc_lf0_vuv_bap_199/lause00407.cmp
2025-05-09 14:01:22,009     INFO  acoustic_comp: processing file   51 of  249 : /home/meelis/merlin/egs/build_your_own_voice/s1/experiments/eva_laused/acoustic_model/inter_module/nn_mgc_lf0_vuv_bap_199/lause00408.cmp
2025-05-09 14:01:22,367     INFO  acoustic_comp: processing file   51 of  250 : /home/meelis/merlin/egs/build_your_own_voice/s1/experiments/eva_laused/acoustic_model/inter_module/nn_mgc_lf0_vuv_bap_199/lause00402.cmp
2025-05-09 14:01:22,744     INFO  acoustic_comp: processing file   52 of  249 : /home/meelis/merlin/egs/build_your_own_voice/s1/experiments/eva_laused/acoustic_model/inter_module/nn_mgc_lf0_vuv_bap_199/lause00416.cmp
2025-05-09 14:01:22,744     INFO  acoustic_comp: processing file   52 of  250 : /home/meelis/merlin/egs/build_your_own_voice/s1/experiments/eva_laused/acoustic_model/inter_module/nn_mgc_lf0_vuv_bap_199/lause00414.cmp
2025-05-09 14:01:22,744     INFO  acoustic_comp: processing file   53 of  250 : /home/meelis/merlin/egs/build_your_own_voice/s1/experiments/eva_laused/acoustic_model/inter_module/nn_mgc_lf0_vuv_bap_199/lause00417.cmp
2025-05-09 14:01:22,744     INFO  acoustic_comp: processing file   52 of  249 : /home/meelis/merlin/egs/build_your_own_voice/s1/experiments/eva_laused/acoustic_model/inter_module/nn_mgc_lf0_vuv_bap_199/lause00415.cmp
2025-05-09 14:01:22,841     INFO  acoustic_comp: processing file   51 of  250 : /home/meelis/merlin/egs/build_your_own_voice/s1/experiments/eva_laused/acoustic_model/inter_module/nn_mgc_lf0_vuv_bap_199/lause00405.cmp
2025-05-09 14:01:22,841     INFO  acoustic_comp: processing file   56 of  250 : /home/meelis/merlin/egs/build_your_own_voice/s1/experiments/eva_laused/acoustic_model/inter_module/nn_mgc_lf0_vuv_bap_199/lause00444.cmp
2025-05-09 14:01:22,856     INFO  acoustic_comp: processing file   55 of  250 : /home/meelis/merlin/egs/build_your_own_voice/s1/experiments/eva_laused/acoustic_model/inter_module/nn_mgc_lf0_vuv_bap_199/lause00435.cmp
2025-05-09 14:01:23,634     INFO  acoustic_comp: processing file   52 of  250 : /home/meelis/merlin/egs/build_your_own_voice/s1/experiments/eva_laused/acoustic_model/inter_module/nn_mgc_lf0_vuv_bap_199/lause00410.cmp
2025-05-09 14:01:23,645     INFO  acoustic_comp: processing file   53 of  249 : /home/meelis/merlin/egs/build_your_own_voice/s1/experiments/eva_laused/acoustic_model/inter_module/nn_mgc_lf0_vuv_bap_199/lause00423.cmp
2025-05-09 14:01:23,707     INFO  acoustic_comp: processing file   57 of  250 : /home/meelis/merlin/egs/build_your_own_voice/s1/experiments/eva_laused/acoustic_model/inter_module/nn_mgc_lf0_vuv_bap_199/lause00452.cmp
2025-05-09 14:01:23,766     INFO  acoustic_comp: processing file   53 of  250 : /home/meelis/merlin/egs/build_your_own_voice/s1/experiments/eva_laused/acoustic_model/inter_module/nn_mgc_lf0_vuv_bap_199/lause00422.cmp
2025-05-09 14:01:23,902     INFO  acoustic_comp: processing file   53 of  249 : /home/meelis/merlin/egs/build_your_own_voice/s1/experiments/eva_laused/acoustic_model/inter_module/nn_mgc_lf0_vuv_bap_199/lause00424.cmp
2025-05-09 14:01:23,994     INFO  acoustic_comp: processing file   56 of  250 : /home/meelis/merlin/egs/build_your_own_voice/s1/experiments/eva_laused/acoustic_model/inter_module/nn_mgc_lf0_vuv_bap_199/lause00443.cmp
2025-05-09 14:01:24,161     INFO  acoustic_comp: processing file   52 of  250 : /home/meelis/merlin/egs/build_your_own_voice/s1/experiments/eva_laused/acoustic_model/inter_module/nn_mgc_lf0_vuv_bap_199/lause00413.cmp
2025-05-09 14:01:24,314     INFO  acoustic_comp: processing file   54 of  250 : /home/meelis/merlin/egs/build_your_own_voice/s1/experiments/eva_laused/acoustic_model/inter_module/nn_mgc_lf0_vuv_bap_199/lause00425.cmp
2025-05-09 14:01:24,558     INFO  acoustic_comp: processing file   53 of  250 : /home/meelis/merlin/egs/build_your_own_voice/s1/experiments/eva_laused/acoustic_model/inter_module/nn_mgc_lf0_vuv_bap_199/lause00418.cmp
2025-05-09 14:01:24,640     INFO  acoustic_comp: processing file   58 of  250 : /home/meelis/merlin/egs/build_your_own_voice/s1/experiments/eva_laused/acoustic_model/inter_module/nn_mgc_lf0_vuv_bap_199/lause00460.cmp
2025-05-09 14:01:24,748     INFO  acoustic_comp: processing file   54 of  249 : /home/meelis/merlin/egs/build_your_own_voice/s1/experiments/eva_laused/acoustic_model/inter_module/nn_mgc_lf0_vuv_bap_199/lause00431.cmp
2025-05-09 14:01:24,846     INFO  acoustic_comp: processing file   54 of  249 : /home/meelis/merlin/egs/build_your_own_voice/s1/experiments/eva_laused/acoustic_model/inter_module/nn_mgc_lf0_vuv_bap_199/lause00432.cmp
2025-05-09 14:01:24,882     INFO  acoustic_comp: processing file   54 of  250 : /home/meelis/merlin/egs/build_your_own_voice/s1/experiments/eva_laused/acoustic_model/inter_module/nn_mgc_lf0_vuv_bap_199/lause00430.cmp
2025-05-09 14:01:24,928     INFO  acoustic_comp: processing file   53 of  250 : /home/meelis/merlin/egs/build_your_own_voice/s1/experiments/eva_laused/acoustic_model/inter_module/nn_mgc_lf0_vuv_bap_199/lause00421.cmp
2025-05-09 14:01:25,068     INFO  acoustic_comp: processing file   55 of  250 : /home/meelis/merlin/egs/build_your_own_voice/s1/experiments/eva_laused/acoustic_model/inter_module/nn_mgc_lf0_vuv_bap_199/lause00433.cmp
2025-05-09 14:01:25,115     INFO  acoustic_comp: processing file   57 of  250 : /home/meelis/merlin/egs/build_your_own_voice/s1/experiments/eva_laused/acoustic_model/inter_module/nn_mgc_lf0_vuv_bap_199/lause00451.cmp
2025-05-09 14:01:25,423     INFO  acoustic_comp: processing file   54 of  250 : /home/meelis/merlin/egs/build_your_own_voice/s1/experiments/eva_laused/acoustic_model/inter_module/nn_mgc_lf0_vuv_bap_199/lause00426.cmp
2025-05-09 14:01:25,918     INFO  acoustic_comp: processing file   55 of  249 : /home/meelis/merlin/egs/build_your_own_voice/s1/experiments/eva_laused/acoustic_model/inter_module/nn_mgc_lf0_vuv_bap_199/lause00440.cmp
2025-05-09 14:01:26,054     INFO  acoustic_comp: processing file   54 of  250 : /home/meelis/merlin/egs/build_your_own_voice/s1/experiments/eva_laused/acoustic_model/inter_module/nn_mgc_lf0_vuv_bap_199/lause00429.cmp
2025-05-09 14:01:26,144     INFO  acoustic_comp: processing file   59 of  250 : /home/meelis/merlin/egs/build_your_own_voice/s1/experiments/eva_laused/acoustic_model/inter_module/nn_mgc_lf0_vuv_bap_199/lause00468.cmp
2025-05-09 14:01:26,186     INFO  acoustic_comp: processing file   58 of  250 : /home/meelis/merlin/egs/build_your_own_voice/s1/experiments/eva_laused/acoustic_model/inter_module/nn_mgc_lf0_vuv_bap_199/lause00459.cmp
2025-05-09 14:01:26,200     INFO  acoustic_comp: processing file   56 of  250 : /home/meelis/merlin/egs/build_your_own_voice/s1/experiments/eva_laused/acoustic_model/inter_module/nn_mgc_lf0_vuv_bap_199/lause00441.cmp
2025-05-09 14:01:26,324     INFO  acoustic_comp: processing file   55 of  250 : /home/meelis/merlin/egs/build_your_own_voice/s1/experiments/eva_laused/acoustic_model/inter_module/nn_mgc_lf0_vuv_bap_199/lause00434.cmp
2025-05-09 14:01:26,343     INFO  acoustic_comp: processing file   55 of  250 : /home/meelis/merlin/egs/build_your_own_voice/s1/experiments/eva_laused/acoustic_model/inter_module/nn_mgc_lf0_vuv_bap_199/lause00438.cmp
2025-05-09 14:01:26,515     INFO  acoustic_comp: processing file   55 of  249 : /home/meelis/merlin/egs/build_your_own_voice/s1/experiments/eva_laused/acoustic_model/inter_module/nn_mgc_lf0_vuv_bap_199/lause00439.cmp
2025-05-09 14:01:26,916     INFO  acoustic_comp: processing file   57 of  250 : /home/meelis/merlin/egs/build_your_own_voice/s1/experiments/eva_laused/acoustic_model/inter_module/nn_mgc_lf0_vuv_bap_199/lause00449.cmp
2025-05-09 14:01:27,058     INFO  acoustic_comp: processing file   55 of  250 : /home/meelis/merlin/egs/build_your_own_voice/s1/experiments/eva_laused/acoustic_model/inter_module/nn_mgc_lf0_vuv_bap_199/lause00437.cmp
2025-05-09 14:01:27,091     INFO  acoustic_comp: processing file   56 of  249 : /home/meelis/merlin/egs/build_your_own_voice/s1/experiments/eva_laused/acoustic_model/inter_module/nn_mgc_lf0_vuv_bap_199/lause00448.cmp
2025-05-09 14:01:27,164     INFO  acoustic_comp: processing file   56 of  250 : /home/meelis/merlin/egs/build_your_own_voice/s1/experiments/eva_laused/acoustic_model/inter_module/nn_mgc_lf0_vuv_bap_199/lause00446.cmp
2025-05-09 14:01:27,245     INFO  acoustic_comp: processing file   60 of  250 : /home/meelis/merlin/egs/build_your_own_voice/s1/experiments/eva_laused/acoustic_model/inter_module/nn_mgc_lf0_vuv_bap_199/lause00476.cmp
2025-05-09 14:01:27,278     INFO  acoustic_comp: processing file   59 of  250 : /home/meelis/merlin/egs/build_your_own_voice/s1/experiments/eva_laused/acoustic_model/inter_module/nn_mgc_lf0_vuv_bap_199/lause00467.cmp
2025-05-09 14:01:27,804     INFO  acoustic_comp: processing file   57 of  249 : /home/meelis/merlin/egs/build_your_own_voice/s1/experiments/eva_laused/acoustic_model/inter_module/nn_mgc_lf0_vuv_bap_199/lause00456.cmp
2025-05-09 14:01:27,804     INFO  acoustic_comp: processing file   58 of  250 : /home/meelis/merlin/egs/build_your_own_voice/s1/experiments/eva_laused/acoustic_model/inter_module/nn_mgc_lf0_vuv_bap_199/lause00457.cmp
2025-05-09 14:01:27,804     INFO  acoustic_comp: processing file   56 of  249 : /home/meelis/merlin/egs/build_your_own_voice/s1/experiments/eva_laused/acoustic_model/inter_module/nn_mgc_lf0_vuv_bap_199/lause00447.cmp
2025-05-09 14:01:27,896     INFO  acoustic_comp: processing file   56 of  250 : /home/meelis/merlin/egs/build_your_own_voice/s1/experiments/eva_laused/acoustic_model/inter_module/nn_mgc_lf0_vuv_bap_199/lause00442.cmp
2025-05-09 14:01:28,009     INFO  acoustic_comp: processing file   56 of  250 : /home/meelis/merlin/egs/build_your_own_voice/s1/experiments/eva_laused/acoustic_model/inter_module/nn_mgc_lf0_vuv_bap_199/lause00445.cmp
2025-05-09 14:01:28,042     INFO  acoustic_comp: processing file   60 of  250 : /home/meelis/merlin/egs/build_your_own_voice/s1/experiments/eva_laused/acoustic_model/inter_module/nn_mgc_lf0_vuv_bap_199/lause00475.cmp
2025-05-09 14:01:28,103     INFO  acoustic_comp: processing file   61 of  250 : /home/meelis/merlin/egs/build_your_own_voice/s1/experiments/eva_laused/acoustic_model/inter_module/nn_mgc_lf0_vuv_bap_199/lause00484.cmp
2025-05-09 14:01:28,340     INFO  acoustic_comp: processing file   57 of  250 : /home/meelis/merlin/egs/build_your_own_voice/s1/experiments/eva_laused/acoustic_model/inter_module/nn_mgc_lf0_vuv_bap_199/lause00454.cmp
2025-05-09 14:01:28,752     INFO  acoustic_comp: processing file   57 of  249 : /home/meelis/merlin/egs/build_your_own_voice/s1/experiments/eva_laused/acoustic_model/inter_module/nn_mgc_lf0_vuv_bap_199/lause00455.cmp
2025-05-09 14:01:28,793     INFO  acoustic_comp: processing file   61 of  250 : /home/meelis/merlin/egs/build_your_own_voice/s1/experiments/eva_laused/acoustic_model/inter_module/nn_mgc_lf0_vuv_bap_199/lause00483.cmp
2025-05-09 14:01:28,847     INFO  acoustic_comp: processing file   58 of  249 : /home/meelis/merlin/egs/build_your_own_voice/s1/experiments/eva_laused/acoustic_model/inter_module/nn_mgc_lf0_vuv_bap_199/lause00464.cmp
2025-05-09 14:01:28,943     INFO  acoustic_comp: processing file   57 of  250 : /home/meelis/merlin/egs/build_your_own_voice/s1/experiments/eva_laused/acoustic_model/inter_module/nn_mgc_lf0_vuv_bap_199/lause00450.cmp
2025-05-09 14:01:29,012     INFO  acoustic_comp: processing file   59 of  250 : /home/meelis/merlin/egs/build_your_own_voice/s1/experiments/eva_laused/acoustic_model/inter_module/nn_mgc_lf0_vuv_bap_199/lause00465.cmp
2025-05-09 14:01:29,091     INFO  acoustic_comp: processing file   57 of  250 : /home/meelis/merlin/egs/build_your_own_voice/s1/experiments/eva_laused/acoustic_model/inter_module/nn_mgc_lf0_vuv_bap_199/lause00453.cmp
2025-05-09 14:01:29,116     INFO  acoustic_comp: processing file   62 of  250 : /home/meelis/merlin/egs/build_your_own_voice/s1/experiments/eva_laused/acoustic_model/inter_module/nn_mgc_lf0_vuv_bap_199/lause00492.cmp
2025-05-09 14:01:29,541     INFO  acoustic_comp: processing file   58 of  250 : /home/meelis/merlin/egs/build_your_own_voice/s1/experiments/eva_laused/acoustic_model/inter_module/nn_mgc_lf0_vuv_bap_199/lause00462.cmp
2025-05-09 14:01:29,610     INFO  acoustic_comp: processing file   58 of  250 : /home/meelis/merlin/egs/build_your_own_voice/s1/experiments/eva_laused/acoustic_model/inter_module/nn_mgc_lf0_vuv_bap_199/lause00458.cmp
2025-05-09 14:01:29,760     INFO  acoustic_comp: processing file   62 of  250 : /home/meelis/merlin/egs/build_your_own_voice/s1/experiments/eva_laused/acoustic_model/inter_module/nn_mgc_lf0_vuv_bap_199/lause00491.cmp
2025-05-09 14:01:30,081     INFO  acoustic_comp: processing file   58 of  249 : /home/meelis/merlin/egs/build_your_own_voice/s1/experiments/eva_laused/acoustic_model/inter_module/nn_mgc_lf0_vuv_bap_199/lause00463.cmp
2025-05-09 14:01:30,128     INFO  acoustic_comp: processing file   59 of  250 : /home/meelis/merlin/egs/build_your_own_voice/s1/experiments/eva_laused/acoustic_model/inter_module/nn_mgc_lf0_vuv_bap_199/lause00466.cmp
2025-05-09 14:01:30,130     INFO  acoustic_comp: processing file   60 of  250 : /home/meelis/merlin/egs/build_your_own_voice/s1/experiments/eva_laused/acoustic_model/inter_module/nn_mgc_lf0_vuv_bap_199/lause00473.cmp
2025-05-09 14:01:30,135     INFO  acoustic_comp: processing file   59 of  250 : /home/meelis/merlin/egs/build_your_own_voice/s1/experiments/eva_laused/acoustic_model/inter_module/nn_mgc_lf0_vuv_bap_199/lause00470.cmp
2025-05-09 14:01:30,135     INFO  acoustic_comp: processing file   58 of  250 : /home/meelis/merlin/egs/build_your_own_voice/s1/experiments/eva_laused/acoustic_model/inter_module/nn_mgc_lf0_vuv_bap_199/lause00461.cmp
2025-05-09 14:01:30,140     INFO  acoustic_comp: processing file   59 of  249 : /home/meelis/merlin/egs/build_your_own_voice/s1/experiments/eva_laused/acoustic_model/inter_module/nn_mgc_lf0_vuv_bap_199/lause00472.cmp
2025-05-09 14:01:30,178     INFO  acoustic_comp: processing file   63 of  250 : /home/meelis/merlin/egs/build_your_own_voice/s1/experiments/eva_laused/acoustic_model/inter_module/nn_mgc_lf0_vuv_bap_199/lause00500.cmp
2025-05-09 14:01:31,004     INFO  acoustic_comp: processing file   63 of  250 : /home/meelis/merlin/egs/build_your_own_voice/s1/experiments/eva_laused/acoustic_model/inter_module/nn_mgc_lf0_vuv_bap_199/lause00499.cmp
2025-05-09 14:01:31,048     INFO  acoustic_comp: processing file   64 of  250 : /home/meelis/merlin/egs/build_your_own_voice/s1/experiments/eva_laused/acoustic_model/inter_module/nn_mgc_lf0_vuv_bap_199/lause00508.cmp
2025-05-09 14:01:31,069     INFO  acoustic_comp: processing file   60 of  249 : /home/meelis/merlin/egs/build_your_own_voice/s1/experiments/eva_laused/acoustic_model/inter_module/nn_mgc_lf0_vuv_bap_199/lause00480.cmp
2025-05-09 14:01:31,193     INFO  acoustic_comp: processing file   61 of  250 : /home/meelis/merlin/egs/build_your_own_voice/s1/experiments/eva_laused/acoustic_model/inter_module/nn_mgc_lf0_vuv_bap_199/lause00481.cmp
2025-05-09 14:01:31,309     INFO  acoustic_comp: processing file   59 of  249 : /home/meelis/merlin/egs/build_your_own_voice/s1/experiments/eva_laused/acoustic_model/inter_module/nn_mgc_lf0_vuv_bap_199/lause00471.cmp
2025-05-09 14:01:31,432     INFO  acoustic_comp: processing file   59 of  250 : /home/meelis/merlin/egs/build_your_own_voice/s1/experiments/eva_laused/acoustic_model/inter_module/nn_mgc_lf0_vuv_bap_199/lause00469.cmp
2025-05-09 14:01:31,556     INFO  acoustic_comp: processing file   60 of  250 : /home/meelis/merlin/egs/build_your_own_voice/s1/experiments/eva_laused/acoustic_model/inter_module/nn_mgc_lf0_vuv_bap_199/lause00474.cmp
2025-05-09 14:01:31,858     INFO  acoustic_comp: processing file   60 of  250 : /home/meelis/merlin/egs/build_your_own_voice/s1/experiments/eva_laused/acoustic_model/inter_module/nn_mgc_lf0_vuv_bap_199/lause00478.cmp
2025-05-09 14:01:32,235     INFO  acoustic_comp: processing file   64 of  250 : /home/meelis/merlin/egs/build_your_own_voice/s1/experiments/eva_laused/acoustic_model/inter_module/nn_mgc_lf0_vuv_bap_199/lause00507.cmp
2025-05-09 14:01:32,267     INFO  acoustic_comp: processing file   61 of  249 : /home/meelis/merlin/egs/build_your_own_voice/s1/experiments/eva_laused/acoustic_model/inter_module/nn_mgc_lf0_vuv_bap_199/lause00488.cmp
2025-05-09 14:01:32,454     INFO  acoustic_comp: processing file   62 of  250 : /home/meelis/merlin/egs/build_your_own_voice/s1/experiments/eva_laused/acoustic_model/inter_module/nn_mgc_lf0_vuv_bap_199/lause00489.cmp
2025-05-09 14:01:32,923     INFO  acoustic_comp: processing file   61 of  250 : /home/meelis/merlin/egs/build_your_own_voice/s1/experiments/eva_laused/acoustic_model/inter_module/nn_mgc_lf0_vuv_bap_199/lause00482.cmp
2025-05-09 14:01:32,923     INFO  acoustic_comp: processing file   61 of  250 : /home/meelis/merlin/egs/build_your_own_voice/s1/experiments/eva_laused/acoustic_model/inter_module/nn_mgc_lf0_vuv_bap_199/lause00486.cmp
2025-05-09 14:01:32,923     INFO  acoustic_comp: processing file   60 of  250 : /home/meelis/merlin/egs/build_your_own_voice/s1/experiments/eva_laused/acoustic_model/inter_module/nn_mgc_lf0_vuv_bap_199/lause00477.cmp
2025-05-09 14:01:32,923     INFO  acoustic_comp: processing file   65 of  250 : /home/meelis/merlin/egs/build_your_own_voice/s1/experiments/eva_laused/acoustic_model/inter_module/nn_mgc_lf0_vuv_bap_199/lause00516.cmp
2025-05-09 14:01:32,943     INFO  acoustic_comp: processing file   62 of  249 : /home/meelis/merlin/egs/build_your_own_voice/s1/experiments/eva_laused/acoustic_model/inter_module/nn_mgc_lf0_vuv_bap_199/lause00496.cmp
2025-05-09 14:01:33,072     INFO  acoustic_comp: processing file   60 of  249 : /home/meelis/merlin/egs/build_your_own_voice/s1/experiments/eva_laused/acoustic_model/inter_module/nn_mgc_lf0_vuv_bap_199/lause00479.cmp
2025-05-09 14:01:33,166     INFO  acoustic_comp: processing file   65 of  250 : /home/meelis/merlin/egs/build_your_own_voice/s1/experiments/eva_laused/acoustic_model/inter_module/nn_mgc_lf0_vuv_bap_199/lause00515.cmp
2025-05-09 14:01:33,168     INFO  acoustic_comp: processing file   63 of  250 : /home/meelis/merlin/egs/build_your_own_voice/s1/experiments/eva_laused/acoustic_model/inter_module/nn_mgc_lf0_vuv_bap_199/lause00497.cmp
2025-05-09 14:01:33,996     INFO  acoustic_comp: processing file   61 of  250 : /home/meelis/merlin/egs/build_your_own_voice/s1/experiments/eva_laused/acoustic_model/inter_module/nn_mgc_lf0_vuv_bap_199/lause00485.cmp
2025-05-09 14:01:34,016     INFO  acoustic_comp: processing file   62 of  250 : /home/meelis/merlin/egs/build_your_own_voice/s1/experiments/eva_laused/acoustic_model/inter_module/nn_mgc_lf0_vuv_bap_199/lause00494.cmp
2025-05-09 14:01:34,156     INFO  acoustic_comp: processing file   66 of  250 : /home/meelis/merlin/egs/build_your_own_voice/s1/experiments/eva_laused/acoustic_model/inter_module/nn_mgc_lf0_vuv_bap_199/lause00524.cmp
2025-05-09 14:01:34,227     INFO  acoustic_comp: processing file   61 of  249 : /home/meelis/merlin/egs/build_your_own_voice/s1/experiments/eva_laused/acoustic_model/inter_module/nn_mgc_lf0_vuv_bap_199/lause00487.cmp
2025-05-09 14:01:34,275     INFO  acoustic_comp: processing file   64 of  250 : /home/meelis/merlin/egs/build_your_own_voice/s1/experiments/eva_laused/acoustic_model/inter_module/nn_mgc_lf0_vuv_bap_199/lause00505.cmp
2025-05-09 14:01:34,404     INFO  acoustic_comp: processing file   62 of  250 : /home/meelis/merlin/egs/build_your_own_voice/s1/experiments/eva_laused/acoustic_model/inter_module/nn_mgc_lf0_vuv_bap_199/lause00490.cmp
2025-05-09 14:01:34,500     INFO  acoustic_comp: processing file   63 of  249 : /home/meelis/merlin/egs/build_your_own_voice/s1/experiments/eva_laused/acoustic_model/inter_module/nn_mgc_lf0_vuv_bap_199/lause00504.cmp
2025-05-09 14:01:34,602     INFO  acoustic_comp: processing file   66 of  250 : /home/meelis/merlin/egs/build_your_own_voice/s1/experiments/eva_laused/acoustic_model/inter_module/nn_mgc_lf0_vuv_bap_199/lause00523.cmp
2025-05-09 14:01:34,976     INFO  acoustic_comp: processing file   67 of  250 : /home/meelis/merlin/egs/build_your_own_voice/s1/experiments/eva_laused/acoustic_model/inter_module/nn_mgc_lf0_vuv_bap_199/lause00532.cmp
2025-05-09 14:01:35,050     INFO  acoustic_comp: processing file   62 of  250 : /home/meelis/merlin/egs/build_your_own_voice/s1/experiments/eva_laused/acoustic_model/inter_module/nn_mgc_lf0_vuv_bap_199/lause00493.cmp
2025-05-09 14:01:35,149     INFO  acoustic_comp: processing file   63 of  250 : /home/meelis/merlin/egs/build_your_own_voice/s1/experiments/eva_laused/acoustic_model/inter_module/nn_mgc_lf0_vuv_bap_199/lause00502.cmp
2025-05-09 14:01:35,217     INFO  acoustic_comp: processing file   65 of  250 : /home/meelis/merlin/egs/build_your_own_voice/s1/experiments/eva_laused/acoustic_model/inter_module/nn_mgc_lf0_vuv_bap_199/lause00513.cmp
2025-05-09 14:01:35,483     INFO  acoustic_comp: processing file   62 of  249 : /home/meelis/merlin/egs/build_your_own_voice/s1/experiments/eva_laused/acoustic_model/inter_module/nn_mgc_lf0_vuv_bap_199/lause00495.cmp
2025-05-09 14:01:35,506     INFO  acoustic_comp: processing file   64 of  249 : /home/meelis/merlin/egs/build_your_own_voice/s1/experiments/eva_laused/acoustic_model/inter_module/nn_mgc_lf0_vuv_bap_199/lause00512.cmp
2025-05-09 14:01:35,593     INFO  acoustic_comp: processing file   67 of  250 : /home/meelis/merlin/egs/build_your_own_voice/s1/experiments/eva_laused/acoustic_model/inter_module/nn_mgc_lf0_vuv_bap_199/lause00531.cmp
2025-05-09 14:01:35,765     INFO  acoustic_comp: processing file   63 of  250 : /home/meelis/merlin/egs/build_your_own_voice/s1/experiments/eva_laused/acoustic_model/inter_module/nn_mgc_lf0_vuv_bap_199/lause00498.cmp
2025-05-09 14:01:36,014     INFO  acoustic_comp: processing file   68 of  250 : /home/meelis/merlin/egs/build_your_own_voice/s1/experiments/eva_laused/acoustic_model/inter_module/nn_mgc_lf0_vuv_bap_199/lause00540.cmp
2025-05-09 14:01:36,231     INFO  acoustic_comp: processing file   66 of  250 : /home/meelis/merlin/egs/build_your_own_voice/s1/experiments/eva_laused/acoustic_model/inter_module/nn_mgc_lf0_vuv_bap_199/lause00521.cmp
2025-05-09 14:01:36,351     INFO  acoustic_comp: processing file   64 of  250 : /home/meelis/merlin/egs/build_your_own_voice/s1/experiments/eva_laused/acoustic_model/inter_module/nn_mgc_lf0_vuv_bap_199/lause00510.cmp
2025-05-09 14:01:36,412     INFO  acoustic_comp: processing file   63 of  250 : /home/meelis/merlin/egs/build_your_own_voice/s1/experiments/eva_laused/acoustic_model/inter_module/nn_mgc_lf0_vuv_bap_199/lause00501.cmp
2025-05-09 14:01:36,475     INFO  acoustic_comp: processing file   65 of  249 : /home/meelis/merlin/egs/build_your_own_voice/s1/experiments/eva_laused/acoustic_model/inter_module/nn_mgc_lf0_vuv_bap_199/lause00520.cmp
2025-05-09 14:01:36,553     INFO  acoustic_comp: processing file   68 of  250 : /home/meelis/merlin/egs/build_your_own_voice/s1/experiments/eva_laused/acoustic_model/inter_module/nn_mgc_lf0_vuv_bap_199/lause00539.cmp
2025-05-09 14:01:37,001     INFO  acoustic_comp: processing file   64 of  250 : /home/meelis/merlin/egs/build_your_own_voice/s1/experiments/eva_laused/acoustic_model/inter_module/nn_mgc_lf0_vuv_bap_199/lause00506.cmp
2025-05-09 14:01:37,081     INFO  acoustic_comp: processing file   69 of  250 : /home/meelis/merlin/egs/build_your_own_voice/s1/experiments/eva_laused/acoustic_model/inter_module/nn_mgc_lf0_vuv_bap_199/lause00548.cmp
2025-05-09 14:01:37,346     INFO  acoustic_comp: processing file   69 of  250 : /home/meelis/merlin/egs/build_your_own_voice/s1/experiments/eva_laused/acoustic_model/inter_module/nn_mgc_lf0_vuv_bap_199/lause00547.cmp
2025-05-09 14:01:37,391     INFO  acoustic_comp: processing file   64 of  250 : /home/meelis/merlin/egs/build_your_own_voice/s1/experiments/eva_laused/acoustic_model/inter_module/nn_mgc_lf0_vuv_bap_199/lause00509.cmp
2025-05-09 14:01:37,451     INFO  acoustic_comp: processing file   65 of  250 : /home/meelis/merlin/egs/build_your_own_voice/s1/experiments/eva_laused/acoustic_model/inter_module/nn_mgc_lf0_vuv_bap_199/lause00518.cmp
2025-05-09 14:01:37,545     INFO  acoustic_comp: processing file   67 of  250 : /home/meelis/merlin/egs/build_your_own_voice/s1/experiments/eva_laused/acoustic_model/inter_module/nn_mgc_lf0_vuv_bap_199/lause00529.cmp
2025-05-09 14:01:37,578     INFO  acoustic_comp: processing file   63 of  249 : /home/meelis/merlin/egs/build_your_own_voice/s1/experiments/eva_laused/acoustic_model/inter_module/nn_mgc_lf0_vuv_bap_199/lause00503.cmp
2025-05-09 14:01:38,116     INFO  acoustic_comp: processing file   66 of  249 : /home/meelis/merlin/egs/build_your_own_voice/s1/experiments/eva_laused/acoustic_model/inter_module/nn_mgc_lf0_vuv_bap_199/lause00528.cmp
2025-05-09 14:01:38,189     INFO  acoustic_comp: processing file   65 of  250 : /home/meelis/merlin/egs/build_your_own_voice/s1/experiments/eva_laused/acoustic_model/inter_module/nn_mgc_lf0_vuv_bap_199/lause00514.cmp
2025-05-09 14:01:38,344     INFO  acoustic_comp: processing file   70 of  250 : /home/meelis/merlin/egs/build_your_own_voice/s1/experiments/eva_laused/acoustic_model/inter_module/nn_mgc_lf0_vuv_bap_199/lause00556.cmp
2025-05-09 14:01:38,471     INFO  acoustic_comp: processing file   70 of  250 : /home/meelis/merlin/egs/build_your_own_voice/s1/experiments/eva_laused/acoustic_model/inter_module/nn_mgc_lf0_vuv_bap_199/lause00555.cmp
2025-05-09 14:01:38,553     INFO  acoustic_comp: processing file   66 of  250 : /home/meelis/merlin/egs/build_your_own_voice/s1/experiments/eva_laused/acoustic_model/inter_module/nn_mgc_lf0_vuv_bap_199/lause00526.cmp
2025-05-09 14:01:38,581     INFO  acoustic_comp: processing file   64 of  249 : /home/meelis/merlin/egs/build_your_own_voice/s1/experiments/eva_laused/acoustic_model/inter_module/nn_mgc_lf0_vuv_bap_199/lause00511.cmp
2025-05-09 14:01:38,689     INFO  acoustic_comp: processing file   68 of  250 : /home/meelis/merlin/egs/build_your_own_voice/s1/experiments/eva_laused/acoustic_model/inter_module/nn_mgc_lf0_vuv_bap_199/lause00537.cmp
2025-05-09 14:01:38,907     INFO  acoustic_comp: processing file   65 of  250 : /home/meelis/merlin/egs/build_your_own_voice/s1/experiments/eva_laused/acoustic_model/inter_module/nn_mgc_lf0_vuv_bap_199/lause00517.cmp
2025-05-09 14:01:39,116     INFO  acoustic_comp: processing file   67 of  249 : /home/meelis/merlin/egs/build_your_own_voice/s1/experiments/eva_laused/acoustic_model/inter_module/nn_mgc_lf0_vuv_bap_199/lause00536.cmp
2025-05-09 14:01:39,227     INFO  acoustic_comp: processing file   71 of  250 : /home/meelis/merlin/egs/build_your_own_voice/s1/experiments/eva_laused/acoustic_model/inter_module/nn_mgc_lf0_vuv_bap_199/lause00564.cmp
2025-05-09 14:01:39,374     INFO  acoustic_comp: processing file   66 of  250 : /home/meelis/merlin/egs/build_your_own_voice/s1/experiments/eva_laused/acoustic_model/inter_module/nn_mgc_lf0_vuv_bap_199/lause00522.cmp
2025-05-09 14:01:39,484     INFO  acoustic_comp: processing file   65 of  249 : /home/meelis/merlin/egs/build_your_own_voice/s1/experiments/eva_laused/acoustic_model/inter_module/nn_mgc_lf0_vuv_bap_199/lause00519.cmp
2025-05-09 14:01:39,544     INFO  acoustic_comp: processing file   71 of  250 : /home/meelis/merlin/egs/build_your_own_voice/s1/experiments/eva_laused/acoustic_model/inter_module/nn_mgc_lf0_vuv_bap_199/lause00563.cmp
2025-05-09 14:01:39,643     INFO  acoustic_comp: processing file   67 of  250 : /home/meelis/merlin/egs/build_your_own_voice/s1/experiments/eva_laused/acoustic_model/inter_module/nn_mgc_lf0_vuv_bap_199/lause00534.cmp
2025-05-09 14:01:39,868     INFO  acoustic_comp: processing file   69 of  250 : /home/meelis/merlin/egs/build_your_own_voice/s1/experiments/eva_laused/acoustic_model/inter_module/nn_mgc_lf0_vuv_bap_199/lause00545.cmp
2025-05-09 14:01:40,004     INFO  acoustic_comp: processing file   68 of  249 : /home/meelis/merlin/egs/build_your_own_voice/s1/experiments/eva_laused/acoustic_model/inter_module/nn_mgc_lf0_vuv_bap_199/lause00544.cmp
2025-05-09 14:01:40,274     INFO  acoustic_comp: processing file   72 of  250 : /home/meelis/merlin/egs/build_your_own_voice/s1/experiments/eva_laused/acoustic_model/inter_module/nn_mgc_lf0_vuv_bap_199/lause00572.cmp
2025-05-09 14:01:40,334     INFO  acoustic_comp: processing file   66 of  250 : /home/meelis/merlin/egs/build_your_own_voice/s1/experiments/eva_laused/acoustic_model/inter_module/nn_mgc_lf0_vuv_bap_199/lause00525.cmp
2025-05-09 14:01:40,423     INFO  acoustic_comp: processing file   67 of  250 : /home/meelis/merlin/egs/build_your_own_voice/s1/experiments/eva_laused/acoustic_model/inter_module/nn_mgc_lf0_vuv_bap_199/lause00530.cmp
2025-05-09 14:01:40,506     INFO  acoustic_comp: processing file   72 of  250 : /home/meelis/merlin/egs/build_your_own_voice/s1/experiments/eva_laused/acoustic_model/inter_module/nn_mgc_lf0_vuv_bap_199/lause00571.cmp
2025-05-09 14:01:40,678     INFO  acoustic_comp: processing file   66 of  249 : /home/meelis/merlin/egs/build_your_own_voice/s1/experiments/eva_laused/acoustic_model/inter_module/nn_mgc_lf0_vuv_bap_199/lause00527.cmp
2025-05-09 14:01:40,880     INFO  acoustic_comp: processing file   70 of  250 : /home/meelis/merlin/egs/build_your_own_voice/s1/experiments/eva_laused/acoustic_model/inter_module/nn_mgc_lf0_vuv_bap_199/lause00553.cmp
2025-05-09 14:01:40,998     INFO  acoustic_comp: processing file   68 of  250 : /home/meelis/merlin/egs/build_your_own_voice/s1/experiments/eva_laused/acoustic_model/inter_module/nn_mgc_lf0_vuv_bap_199/lause00542.cmp
2025-05-09 14:01:41,081     INFO  acoustic_comp: processing file   69 of  249 : /home/meelis/merlin/egs/build_your_own_voice/s1/experiments/eva_laused/acoustic_model/inter_module/nn_mgc_lf0_vuv_bap_199/lause00552.cmp
2025-05-09 14:01:41,526     INFO  acoustic_comp: processing file   73 of  250 : /home/meelis/merlin/egs/build_your_own_voice/s1/experiments/eva_laused/acoustic_model/inter_module/nn_mgc_lf0_vuv_bap_199/lause00580.cmp
2025-05-09 14:01:41,544     INFO  acoustic_comp: processing file   67 of  250 : /home/meelis/merlin/egs/build_your_own_voice/s1/experiments/eva_laused/acoustic_model/inter_module/nn_mgc_lf0_vuv_bap_199/lause00533.cmp
2025-05-09 14:01:41,610     INFO  acoustic_comp: processing file   67 of  249 : /home/meelis/merlin/egs/build_your_own_voice/s1/experiments/eva_laused/acoustic_model/inter_module/nn_mgc_lf0_vuv_bap_199/lause00535.cmp
2025-05-09 14:01:41,683     INFO  acoustic_comp: processing file   68 of  250 : /home/meelis/merlin/egs/build_your_own_voice/s1/experiments/eva_laused/acoustic_model/inter_module/nn_mgc_lf0_vuv_bap_199/lause00538.cmp
2025-05-09 14:01:41,698     INFO  acoustic_comp: processing file   73 of  250 : /home/meelis/merlin/egs/build_your_own_voice/s1/experiments/eva_laused/acoustic_model/inter_module/nn_mgc_lf0_vuv_bap_199/lause00579.cmp
2025-05-09 14:01:42,009     INFO  acoustic_comp: processing file   69 of  250 : /home/meelis/merlin/egs/build_your_own_voice/s1/experiments/eva_laused/acoustic_model/inter_module/nn_mgc_lf0_vuv_bap_199/lause00550.cmp
2025-05-09 14:01:42,067     INFO  acoustic_comp: processing file   71 of  250 : /home/meelis/merlin/egs/build_your_own_voice/s1/experiments/eva_laused/acoustic_model/inter_module/nn_mgc_lf0_vuv_bap_199/lause00561.cmp
2025-05-09 14:01:42,627     INFO  acoustic_comp: processing file   70 of  249 : /home/meelis/merlin/egs/build_your_own_voice/s1/experiments/eva_laused/acoustic_model/inter_module/nn_mgc_lf0_vuv_bap_199/lause00560.cmp
2025-05-09 14:01:42,768     INFO  acoustic_comp: processing file   68 of  249 : /home/meelis/merlin/egs/build_your_own_voice/s1/experiments/eva_laused/acoustic_model/inter_module/nn_mgc_lf0_vuv_bap_199/lause00543.cmp
2025-05-09 14:01:42,794     INFO  acoustic_comp: processing file   74 of  250 : /home/meelis/merlin/egs/build_your_own_voice/s1/experiments/eva_laused/acoustic_model/inter_module/nn_mgc_lf0_vuv_bap_199/lause00588.cmp
2025-05-09 14:01:42,824     INFO  acoustic_comp: processing file   68 of  250 : /home/meelis/merlin/egs/build_your_own_voice/s1/experiments/eva_laused/acoustic_model/inter_module/nn_mgc_lf0_vuv_bap_199/lause00541.cmp
2025-05-09 14:01:42,856     INFO  acoustic_comp: processing file   72 of  250 : /home/meelis/merlin/egs/build_your_own_voice/s1/experiments/eva_laused/acoustic_model/inter_module/nn_mgc_lf0_vuv_bap_199/lause00569.cmp
2025-05-09 14:01:42,895     INFO  acoustic_comp: processing file   74 of  250 : /home/meelis/merlin/egs/build_your_own_voice/s1/experiments/eva_laused/acoustic_model/inter_module/nn_mgc_lf0_vuv_bap_199/lause00587.cmp
2025-05-09 14:01:42,947     INFO  acoustic_comp: processing file   70 of  250 : /home/meelis/merlin/egs/build_your_own_voice/s1/experiments/eva_laused/acoustic_model/inter_module/nn_mgc_lf0_vuv_bap_199/lause00558.cmp
2025-05-09 14:01:43,170     INFO  acoustic_comp: processing file   69 of  250 : /home/meelis/merlin/egs/build_your_own_voice/s1/experiments/eva_laused/acoustic_model/inter_module/nn_mgc_lf0_vuv_bap_199/lause00546.cmp
2025-05-09 14:01:43,741     INFO  acoustic_comp: processing file   71 of  249 : /home/meelis/merlin/egs/build_your_own_voice/s1/experiments/eva_laused/acoustic_model/inter_module/nn_mgc_lf0_vuv_bap_199/lause00568.cmp
2025-05-09 14:01:43,813     INFO  acoustic_comp: processing file   75 of  250 : /home/meelis/merlin/egs/build_your_own_voice/s1/experiments/eva_laused/acoustic_model/inter_module/nn_mgc_lf0_vuv_bap_199/lause00596.cmp
2025-05-09 14:01:43,823     INFO  acoustic_comp: processing file   69 of  249 : /home/meelis/merlin/egs/build_your_own_voice/s1/experiments/eva_laused/acoustic_model/inter_module/nn_mgc_lf0_vuv_bap_199/lause00551.cmp
2025-05-09 14:01:43,871     INFO  acoustic_comp: processing file   71 of  250 : /home/meelis/merlin/egs/build_your_own_voice/s1/experiments/eva_laused/acoustic_model/inter_module/nn_mgc_lf0_vuv_bap_199/lause00566.cmp
2025-05-09 14:01:43,904     INFO  acoustic_comp: processing file   75 of  250 : /home/meelis/merlin/egs/build_your_own_voice/s1/experiments/eva_laused/acoustic_model/inter_module/nn_mgc_lf0_vuv_bap_199/lause00595.cmp
2025-05-09 14:01:44,016     INFO  acoustic_comp: processing file   69 of  250 : /home/meelis/merlin/egs/build_your_own_voice/s1/experiments/eva_laused/acoustic_model/inter_module/nn_mgc_lf0_vuv_bap_199/lause00549.cmp
2025-05-09 14:01:44,057     INFO  acoustic_comp: processing file   70 of  250 : /home/meelis/merlin/egs/build_your_own_voice/s1/experiments/eva_laused/acoustic_model/inter_module/nn_mgc_lf0_vuv_bap_199/lause00554.cmp
2025-05-09 14:01:44,321     INFO  acoustic_comp: processing file   73 of  250 : /home/meelis/merlin/egs/build_your_own_voice/s1/experiments/eva_laused/acoustic_model/inter_module/nn_mgc_lf0_vuv_bap_199/lause00577.cmp
2025-05-09 14:01:44,723     INFO  acoustic_comp: processing file   72 of  249 : /home/meelis/merlin/egs/build_your_own_voice/s1/experiments/eva_laused/acoustic_model/inter_module/nn_mgc_lf0_vuv_bap_199/lause00576.cmp
2025-05-09 14:01:44,903     INFO  acoustic_comp: processing file   72 of  250 : /home/meelis/merlin/egs/build_your_own_voice/s1/experiments/eva_laused/acoustic_model/inter_module/nn_mgc_lf0_vuv_bap_199/lause00574.cmp
2025-05-09 14:01:44,999     INFO  acoustic_comp: processing file   70 of  249 : /home/meelis/merlin/egs/build_your_own_voice/s1/experiments/eva_laused/acoustic_model/inter_module/nn_mgc_lf0_vuv_bap_199/lause00559.cmp
2025-05-09 14:01:45,105     INFO  acoustic_comp: processing file   71 of  250 : /home/meelis/merlin/egs/build_your_own_voice/s1/experiments/eva_laused/acoustic_model/inter_module/nn_mgc_lf0_vuv_bap_199/lause00562.cmp
2025-05-09 14:01:45,264     INFO  acoustic_comp: processing file   76 of  250 : /home/meelis/merlin/egs/build_your_own_voice/s1/experiments/eva_laused/acoustic_model/inter_module/nn_mgc_lf0_vuv_bap_199/lause00604.cmp
2025-05-09 14:01:45,282     INFO  acoustic_comp: processing file   70 of  250 : /home/meelis/merlin/egs/build_your_own_voice/s1/experiments/eva_laused/acoustic_model/inter_module/nn_mgc_lf0_vuv_bap_199/lause00557.cmp
2025-05-09 14:01:45,421     INFO  acoustic_comp: processing file   76 of  250 : /home/meelis/merlin/egs/build_your_own_voice/s1/experiments/eva_laused/acoustic_model/inter_module/nn_mgc_lf0_vuv_bap_199/lause00603.cmp
2025-05-09 14:01:46,138     INFO  acoustic_comp: processing file   72 of  250 : /home/meelis/merlin/egs/build_your_own_voice/s1/experiments/eva_laused/acoustic_model/inter_module/nn_mgc_lf0_vuv_bap_199/lause00570.cmp
2025-05-09 14:01:46,169     INFO  acoustic_comp: processing file   73 of  249 : /home/meelis/merlin/egs/build_your_own_voice/s1/experiments/eva_laused/acoustic_model/inter_module/nn_mgc_lf0_vuv_bap_199/lause00584.cmp
2025-05-09 14:01:46,171     INFO  acoustic_comp: processing file   73 of  250 : /home/meelis/merlin/egs/build_your_own_voice/s1/experiments/eva_laused/acoustic_model/inter_module/nn_mgc_lf0_vuv_bap_199/lause00582.cmp
2025-05-09 14:01:46,231     INFO  acoustic_comp: processing file   71 of  249 : /home/meelis/merlin/egs/build_your_own_voice/s1/experiments/eva_laused/acoustic_model/inter_module/nn_mgc_lf0_vuv_bap_199/lause00567.cmp
2025-05-09 14:01:46,321     INFO  acoustic_comp: processing file   77 of  250 : /home/meelis/merlin/egs/build_your_own_voice/s1/experiments/eva_laused/acoustic_model/inter_module/nn_mgc_lf0_vuv_bap_199/lause00612.cmp
2025-05-09 14:01:46,346     INFO  acoustic_comp: processing file   74 of  250 : /home/meelis/merlin/egs/build_your_own_voice/s1/experiments/eva_laused/acoustic_model/inter_module/nn_mgc_lf0_vuv_bap_199/lause00585.cmp
2025-05-09 14:01:46,567     INFO  acoustic_comp: processing file   71 of  250 : /home/meelis/merlin/egs/build_your_own_voice/s1/experiments/eva_laused/acoustic_model/inter_module/nn_mgc_lf0_vuv_bap_199/lause00565.cmp
2025-05-09 14:01:46,632     INFO  acoustic_comp: processing file   77 of  250 : /home/meelis/merlin/egs/build_your_own_voice/s1/experiments/eva_laused/acoustic_model/inter_module/nn_mgc_lf0_vuv_bap_199/lause00611.cmp
2025-05-09 14:01:47,334     INFO  acoustic_comp: processing file   72 of  249 : /home/meelis/merlin/egs/build_your_own_voice/s1/experiments/eva_laused/acoustic_model/inter_module/nn_mgc_lf0_vuv_bap_199/lause00575.cmp
2025-05-09 14:01:47,429     INFO  acoustic_comp: processing file   73 of  250 : /home/meelis/merlin/egs/build_your_own_voice/s1/experiments/eva_laused/acoustic_model/inter_module/nn_mgc_lf0_vuv_bap_199/lause00578.cmp
2025-05-09 14:01:47,522     INFO  acoustic_comp: processing file   74 of  249 : /home/meelis/merlin/egs/build_your_own_voice/s1/experiments/eva_laused/acoustic_model/inter_module/nn_mgc_lf0_vuv_bap_199/lause00592.cmp
2025-05-09 14:01:47,532     INFO  acoustic_comp: processing file   78 of  250 : /home/meelis/merlin/egs/build_your_own_voice/s1/experiments/eva_laused/acoustic_model/inter_module/nn_mgc_lf0_vuv_bap_199/lause00620.cmp
2025-05-09 14:01:47,819     INFO  acoustic_comp: processing file   74 of  250 : /home/meelis/merlin/egs/build_your_own_voice/s1/experiments/eva_laused/acoustic_model/inter_module/nn_mgc_lf0_vuv_bap_199/lause00590.cmp
2025-05-09 14:01:47,835     INFO  acoustic_comp: processing file   75 of  250 : /home/meelis/merlin/egs/build_your_own_voice/s1/experiments/eva_laused/acoustic_model/inter_module/nn_mgc_lf0_vuv_bap_199/lause00593.cmp
2025-05-09 14:01:48,077     INFO  acoustic_comp: processing file   78 of  250 : /home/meelis/merlin/egs/build_your_own_voice/s1/experiments/eva_laused/acoustic_model/inter_module/nn_mgc_lf0_vuv_bap_199/lause00619.cmp
2025-05-09 14:01:48,215     INFO  acoustic_comp: processing file   72 of  250 : /home/meelis/merlin/egs/build_your_own_voice/s1/experiments/eva_laused/acoustic_model/inter_module/nn_mgc_lf0_vuv_bap_199/lause00573.cmp
2025-05-09 14:01:48,480     INFO  acoustic_comp: processing file   74 of  250 : /home/meelis/merlin/egs/build_your_own_voice/s1/experiments/eva_laused/acoustic_model/inter_module/nn_mgc_lf0_vuv_bap_199/lause00586.cmp
2025-05-09 14:01:48,985     INFO  acoustic_comp: processing file   79 of  250 : /home/meelis/merlin/egs/build_your_own_voice/s1/experiments/eva_laused/acoustic_model/inter_module/nn_mgc_lf0_vuv_bap_199/lause00628.cmp
2025-05-09 14:01:49,072     INFO  acoustic_comp: processing file   73 of  249 : /home/meelis/merlin/egs/build_your_own_voice/s1/experiments/eva_laused/acoustic_model/inter_module/nn_mgc_lf0_vuv_bap_199/lause00583.cmp
2025-05-09 14:01:49,115     INFO  acoustic_comp: processing file   75 of  250 : /home/meelis/merlin/egs/build_your_own_voice/s1/experiments/eva_laused/acoustic_model/inter_module/nn_mgc_lf0_vuv_bap_199/lause00598.cmp
2025-05-09 14:01:49,725     INFO  acoustic_comp: processing file   76 of  250 : /home/meelis/merlin/egs/build_your_own_voice/s1/experiments/eva_laused/acoustic_model/inter_module/nn_mgc_lf0_vuv_bap_199/lause00601.cmp
2025-05-09 14:01:49,755     INFO  acoustic_comp: processing file   79 of  250 : /home/meelis/merlin/egs/build_your_own_voice/s1/experiments/eva_laused/acoustic_model/inter_module/nn_mgc_lf0_vuv_bap_199/lause00627.cmp
2025-05-09 14:01:50,077     INFO  acoustic_comp: processing file   75 of  249 : /home/meelis/merlin/egs/build_your_own_voice/s1/experiments/eva_laused/acoustic_model/inter_module/nn_mgc_lf0_vuv_bap_199/lause00600.cmp
2025-05-09 14:01:50,264     INFO  acoustic_comp: processing file   73 of  250 : /home/meelis/merlin/egs/build_your_own_voice/s1/experiments/eva_laused/acoustic_model/inter_module/nn_mgc_lf0_vuv_bap_199/lause00581.cmp
2025-05-09 14:01:50,274     INFO  acoustic_comp: processing file   75 of  250 : /home/meelis/merlin/egs/build_your_own_voice/s1/experiments/eva_laused/acoustic_model/inter_module/nn_mgc_lf0_vuv_bap_199/lause00594.cmp
2025-05-09 14:01:50,582     INFO  acoustic_comp: processing file   74 of  249 : /home/meelis/merlin/egs/build_your_own_voice/s1/experiments/eva_laused/acoustic_model/inter_module/nn_mgc_lf0_vuv_bap_199/lause00591.cmp
2025-05-09 14:01:50,712     INFO  acoustic_comp: processing file   76 of  250 : /home/meelis/merlin/egs/build_your_own_voice/s1/experiments/eva_laused/acoustic_model/inter_module/nn_mgc_lf0_vuv_bap_199/lause00606.cmp
2025-05-09 14:01:50,830     INFO  acoustic_comp: processing file   80 of  250 : /home/meelis/merlin/egs/build_your_own_voice/s1/experiments/eva_laused/acoustic_model/inter_module/nn_mgc_lf0_vuv_bap_199/lause00636.cmp
2025-05-09 14:01:51,341     INFO  acoustic_comp: processing file   77 of  250 : /home/meelis/merlin/egs/build_your_own_voice/s1/experiments/eva_laused/acoustic_model/inter_module/nn_mgc_lf0_vuv_bap_199/lause00609.cmp
2025-05-09 14:01:51,463     INFO  acoustic_comp: processing file   80 of  250 : /home/meelis/merlin/egs/build_your_own_voice/s1/experiments/eva_laused/acoustic_model/inter_module/nn_mgc_lf0_vuv_bap_199/lause00635.cmp
2025-05-09 14:01:51,775     INFO  acoustic_comp: processing file   75 of  249 : /home/meelis/merlin/egs/build_your_own_voice/s1/experiments/eva_laused/acoustic_model/inter_module/nn_mgc_lf0_vuv_bap_199/lause00599.cmp
2025-05-09 14:01:51,844     INFO  acoustic_comp: processing file   76 of  250 : /home/meelis/merlin/egs/build_your_own_voice/s1/experiments/eva_laused/acoustic_model/inter_module/nn_mgc_lf0_vuv_bap_199/lause00602.cmp
2025-05-09 14:01:51,888     INFO  acoustic_comp: processing file   76 of  249 : /home/meelis/merlin/egs/build_your_own_voice/s1/experiments/eva_laused/acoustic_model/inter_module/nn_mgc_lf0_vuv_bap_199/lause00608.cmp
2025-05-09 14:01:51,892     INFO  acoustic_comp: processing file   74 of  250 : /home/meelis/merlin/egs/build_your_own_voice/s1/experiments/eva_laused/acoustic_model/inter_module/nn_mgc_lf0_vuv_bap_199/lause00589.cmp
2025-05-09 14:01:52,598     INFO  acoustic_comp: processing file   77 of  250 : /home/meelis/merlin/egs/build_your_own_voice/s1/experiments/eva_laused/acoustic_model/inter_module/nn_mgc_lf0_vuv_bap_199/lause00614.cmp
2025-05-09 14:01:52,650     INFO  acoustic_comp: processing file   78 of  250 : /home/meelis/merlin/egs/build_your_own_voice/s1/experiments/eva_laused/acoustic_model/inter_module/nn_mgc_lf0_vuv_bap_199/lause00617.cmp
2025-05-09 14:01:52,819     INFO  acoustic_comp: processing file   81 of  250 : /home/meelis/merlin/egs/build_your_own_voice/s1/experiments/eva_laused/acoustic_model/inter_module/nn_mgc_lf0_vuv_bap_199/lause00643.cmp
2025-05-09 14:01:52,893     INFO  acoustic_comp: processing file   81 of  250 : /home/meelis/merlin/egs/build_your_own_voice/s1/experiments/eva_laused/acoustic_model/inter_module/nn_mgc_lf0_vuv_bap_199/lause00644.cmp
2025-05-09 14:01:52,921     INFO  acoustic_comp: processing file   77 of  249 : /home/meelis/merlin/egs/build_your_own_voice/s1/experiments/eva_laused/acoustic_model/inter_module/nn_mgc_lf0_vuv_bap_199/lause00616.cmp
2025-05-09 14:01:52,944     INFO  acoustic_comp: processing file   76 of  249 : /home/meelis/merlin/egs/build_your_own_voice/s1/experiments/eva_laused/acoustic_model/inter_module/nn_mgc_lf0_vuv_bap_199/lause00607.cmp
2025-05-09 14:01:53,036     INFO  acoustic_comp: processing file   75 of  250 : /home/meelis/merlin/egs/build_your_own_voice/s1/experiments/eva_laused/acoustic_model/inter_module/nn_mgc_lf0_vuv_bap_199/lause00597.cmp
2025-05-09 14:01:53,301     INFO  acoustic_comp: processing file   77 of  250 : /home/meelis/merlin/egs/build_your_own_voice/s1/experiments/eva_laused/acoustic_model/inter_module/nn_mgc_lf0_vuv_bap_199/lause00610.cmp
2025-05-09 14:01:54,116     INFO  acoustic_comp: processing file   78 of  249 : /home/meelis/merlin/egs/build_your_own_voice/s1/experiments/eva_laused/acoustic_model/inter_module/nn_mgc_lf0_vuv_bap_199/lause00624.cmp
2025-05-09 14:01:54,252     INFO  acoustic_comp: processing file   78 of  250 : /home/meelis/merlin/egs/build_your_own_voice/s1/experiments/eva_laused/acoustic_model/inter_module/nn_mgc_lf0_vuv_bap_199/lause00622.cmp
2025-05-09 14:01:54,517     INFO  acoustic_comp: processing file   82 of  250 : /home/meelis/merlin/egs/build_your_own_voice/s1/experiments/eva_laused/acoustic_model/inter_module/nn_mgc_lf0_vuv_bap_199/lause00652.cmp
2025-05-09 14:01:54,531     INFO  acoustic_comp: processing file   77 of  249 : /home/meelis/merlin/egs/build_your_own_voice/s1/experiments/eva_laused/acoustic_model/inter_module/nn_mgc_lf0_vuv_bap_199/lause00615.cmp
2025-05-09 14:01:54,595     INFO  acoustic_comp: processing file   82 of  250 : /home/meelis/merlin/egs/build_your_own_voice/s1/experiments/eva_laused/acoustic_model/inter_module/nn_mgc_lf0_vuv_bap_199/lause00651.cmp
2025-05-09 14:01:54,599     INFO  acoustic_comp: processing file   78 of  250 : /home/meelis/merlin/egs/build_your_own_voice/s1/experiments/eva_laused/acoustic_model/inter_module/nn_mgc_lf0_vuv_bap_199/lause00618.cmp
2025-05-09 14:01:54,716     INFO  acoustic_comp: processing file   79 of  250 : /home/meelis/merlin/egs/build_your_own_voice/s1/experiments/eva_laused/acoustic_model/inter_module/nn_mgc_lf0_vuv_bap_199/lause00625.cmp
2025-05-09 14:01:55,036     INFO  acoustic_comp: processing file   76 of  250 : /home/meelis/merlin/egs/build_your_own_voice/s1/experiments/eva_laused/acoustic_model/inter_module/nn_mgc_lf0_vuv_bap_199/lause00605.cmp
2025-05-09 14:01:55,328     INFO  acoustic_comp: processing file   79 of  250 : /home/meelis/merlin/egs/build_your_own_voice/s1/experiments/eva_laused/acoustic_model/inter_module/nn_mgc_lf0_vuv_bap_199/lause00630.cmp
2025-05-09 14:01:55,459     INFO  acoustic_comp: processing file   79 of  249 : /home/meelis/merlin/egs/build_your_own_voice/s1/experiments/eva_laused/acoustic_model/inter_module/nn_mgc_lf0_vuv_bap_199/lause00632.cmp
2025-05-09 14:01:55,818     INFO  acoustic_comp: processing file   83 of  250 : /home/meelis/merlin/egs/build_your_own_voice/s1/experiments/eva_laused/acoustic_model/inter_module/nn_mgc_lf0_vuv_bap_199/lause00659.cmp
2025-05-09 14:01:56,080     INFO  acoustic_comp: processing file   79 of  250 : /home/meelis/merlin/egs/build_your_own_voice/s1/experiments/eva_laused/acoustic_model/inter_module/nn_mgc_lf0_vuv_bap_199/lause00626.cmp
2025-05-09 14:01:56,305     INFO  acoustic_comp: processing file   83 of  250 : /home/meelis/merlin/egs/build_your_own_voice/s1/experiments/eva_laused/acoustic_model/inter_module/nn_mgc_lf0_vuv_bap_199/lause00660.cmp
2025-05-09 14:01:56,362     INFO  acoustic_comp: processing file   80 of  250 : /home/meelis/merlin/egs/build_your_own_voice/s1/experiments/eva_laused/acoustic_model/inter_module/nn_mgc_lf0_vuv_bap_199/lause00633.cmp
2025-05-09 14:01:56,498     INFO  acoustic_comp: processing file   78 of  249 : /home/meelis/merlin/egs/build_your_own_voice/s1/experiments/eva_laused/acoustic_model/inter_module/nn_mgc_lf0_vuv_bap_199/lause00623.cmp
2025-05-09 14:01:56,687     INFO  acoustic_comp: processing file   77 of  250 : /home/meelis/merlin/egs/build_your_own_voice/s1/experiments/eva_laused/acoustic_model/inter_module/nn_mgc_lf0_vuv_bap_199/lause00613.cmp
2025-05-09 14:01:56,833     INFO  acoustic_comp: processing file   80 of  250 : /home/meelis/merlin/egs/build_your_own_voice/s1/experiments/eva_laused/acoustic_model/inter_module/nn_mgc_lf0_vuv_bap_199/lause00638.cmp
2025-05-09 14:01:56,999     INFO  acoustic_comp: processing file   80 of  249 : /home/meelis/merlin/egs/build_your_own_voice/s1/experiments/eva_laused/acoustic_model/inter_module/nn_mgc_lf0_vuv_bap_199/lause00640.cmp
2025-05-09 14:01:57,236     INFO  acoustic_comp: processing file   84 of  250 : /home/meelis/merlin/egs/build_your_own_voice/s1/experiments/eva_laused/acoustic_model/inter_module/nn_mgc_lf0_vuv_bap_199/lause00667.cmp
2025-05-09 14:01:57,275     INFO  acoustic_comp: processing file   81 of  250 : /home/meelis/merlin/egs/build_your_own_voice/s1/experiments/eva_laused/acoustic_model/inter_module/nn_mgc_lf0_vuv_bap_199/lause00641.cmp
2025-05-09 14:01:57,721     INFO  acoustic_comp: processing file   80 of  250 : /home/meelis/merlin/egs/build_your_own_voice/s1/experiments/eva_laused/acoustic_model/inter_module/nn_mgc_lf0_vuv_bap_199/lause00634.cmp
2025-05-09 14:01:58,076     INFO  acoustic_comp: processing file   79 of  249 : /home/meelis/merlin/egs/build_your_own_voice/s1/experiments/eva_laused/acoustic_model/inter_module/nn_mgc_lf0_vuv_bap_199/lause00631.cmp
2025-05-09 14:01:58,273     INFO  acoustic_comp: processing file   84 of  250 : /home/meelis/merlin/egs/build_your_own_voice/s1/experiments/eva_laused/acoustic_model/inter_module/nn_mgc_lf0_vuv_bap_199/lause00668.cmp
2025-05-09 14:01:58,400     INFO  acoustic_comp: processing file   81 of  249 : /home/meelis/merlin/egs/build_your_own_voice/s1/experiments/eva_laused/acoustic_model/inter_module/nn_mgc_lf0_vuv_bap_199/lause00648.cmp
2025-05-09 14:01:58,686     INFO  acoustic_comp: processing file   81 of  250 : /home/meelis/merlin/egs/build_your_own_voice/s1/experiments/eva_laused/acoustic_model/inter_module/nn_mgc_lf0_vuv_bap_199/lause00646.cmp
2025-05-09 14:01:58,747     INFO  acoustic_comp: processing file   78 of  250 : /home/meelis/merlin/egs/build_your_own_voice/s1/experiments/eva_laused/acoustic_model/inter_module/nn_mgc_lf0_vuv_bap_199/lause00621.cmp
2025-05-09 14:01:58,858     INFO  acoustic_comp: processing file   82 of  250 : /home/meelis/merlin/egs/build_your_own_voice/s1/experiments/eva_laused/acoustic_model/inter_module/nn_mgc_lf0_vuv_bap_199/lause00649.cmp
2025-05-09 14:01:59,699     INFO  acoustic_comp: processing file   85 of  250 : /home/meelis/merlin/egs/build_your_own_voice/s1/experiments/eva_laused/acoustic_model/inter_module/nn_mgc_lf0_vuv_bap_199/lause00675.cmp
2025-05-09 14:01:59,800     INFO  acoustic_comp: processing file   81 of  250 : /home/meelis/merlin/egs/build_your_own_voice/s1/experiments/eva_laused/acoustic_model/inter_module/nn_mgc_lf0_vuv_bap_199/lause00642.cmp
2025-05-09 14:01:59,975     INFO  acoustic_comp: processing file   85 of  250 : /home/meelis/merlin/egs/build_your_own_voice/s1/experiments/eva_laused/acoustic_model/inter_module/nn_mgc_lf0_vuv_bap_199/lause00676.cmp
2025-05-09 14:02:00,121     INFO  acoustic_comp: processing file   82 of  250 : /home/meelis/merlin/egs/build_your_own_voice/s1/experiments/eva_laused/acoustic_model/inter_module/nn_mgc_lf0_vuv_bap_199/lause00654.cmp
2025-05-09 14:02:00,209     INFO  acoustic_comp: processing file   80 of  249 : /home/meelis/merlin/egs/build_your_own_voice/s1/experiments/eva_laused/acoustic_model/inter_module/nn_mgc_lf0_vuv_bap_199/lause00639.cmp
2025-05-09 14:02:00,213     INFO  acoustic_comp: processing file   79 of  250 : /home/meelis/merlin/egs/build_your_own_voice/s1/experiments/eva_laused/acoustic_model/inter_module/nn_mgc_lf0_vuv_bap_199/lause00629.cmp
2025-05-09 14:02:00,256     INFO  acoustic_comp: processing file   82 of  249 : /home/meelis/merlin/egs/build_your_own_voice/s1/experiments/eva_laused/acoustic_model/inter_module/nn_mgc_lf0_vuv_bap_199/lause00656.cmp
2025-05-09 14:02:00,579     INFO  acoustic_comp: processing file   83 of  250 : /home/meelis/merlin/egs/build_your_own_voice/s1/experiments/eva_laused/acoustic_model/inter_module/nn_mgc_lf0_vuv_bap_199/lause00657.cmp
2025-05-09 14:02:00,844     INFO  acoustic_comp: processing file   86 of  250 : /home/meelis/merlin/egs/build_your_own_voice/s1/experiments/eva_laused/acoustic_model/inter_module/nn_mgc_lf0_vuv_bap_199/lause00683.cmp
2025-05-09 14:02:01,100     INFO  acoustic_comp: processing file   82 of  250 : /home/meelis/merlin/egs/build_your_own_voice/s1/experiments/eva_laused/acoustic_model/inter_module/nn_mgc_lf0_vuv_bap_199/lause00650.cmp
2025-05-09 14:02:01,517     INFO  acoustic_comp: processing file   83 of  250 : /home/meelis/merlin/egs/build_your_own_voice/s1/experiments/eva_laused/acoustic_model/inter_module/nn_mgc_lf0_vuv_bap_199/lause00662.cmp
2025-05-09 14:02:01,518     INFO  acoustic_comp: processing file   81 of  249 : /home/meelis/merlin/egs/build_your_own_voice/s1/experiments/eva_laused/acoustic_model/inter_module/nn_mgc_lf0_vuv_bap_199/lause00647.cmp
2025-05-09 14:02:01,894     INFO  acoustic_comp: processing file   83 of  249 : /home/meelis/merlin/egs/build_your_own_voice/s1/experiments/eva_laused/acoustic_model/inter_module/nn_mgc_lf0_vuv_bap_199/lause00664.cmp
2025-05-09 14:02:02,073     INFO  acoustic_comp: processing file   80 of  250 : /home/meelis/merlin/egs/build_your_own_voice/s1/experiments/eva_laused/acoustic_model/inter_module/nn_mgc_lf0_vuv_bap_199/lause00637.cmp
2025-05-09 14:02:02,302     INFO  acoustic_comp: processing file   86 of  250 : /home/meelis/merlin/egs/build_your_own_voice/s1/experiments/eva_laused/acoustic_model/inter_module/nn_mgc_lf0_vuv_bap_199/lause00684.cmp
2025-05-09 14:02:02,440     INFO  acoustic_comp: processing file   87 of  250 : /home/meelis/merlin/egs/build_your_own_voice/s1/experiments/eva_laused/acoustic_model/inter_module/nn_mgc_lf0_vuv_bap_199/lause00691.cmp
2025-05-09 14:02:02,482     INFO  acoustic_comp: processing file   84 of  250 : /home/meelis/merlin/egs/build_your_own_voice/s1/experiments/eva_laused/acoustic_model/inter_module/nn_mgc_lf0_vuv_bap_199/lause00665.cmp
2025-05-09 14:02:02,685     INFO  acoustic_comp: processing file   83 of  250 : /home/meelis/merlin/egs/build_your_own_voice/s1/experiments/eva_laused/acoustic_model/inter_module/nn_mgc_lf0_vuv_bap_199/lause00658.cmp
2025-05-09 14:02:03,241     INFO  acoustic_comp: processing file   81 of  250 : /home/meelis/merlin/egs/build_your_own_voice/s1/experiments/eva_laused/acoustic_model/inter_module/nn_mgc_lf0_vuv_bap_199/lause00645.cmp
2025-05-09 14:02:03,288     INFO  acoustic_comp: processing file   82 of  249 : /home/meelis/merlin/egs/build_your_own_voice/s1/experiments/eva_laused/acoustic_model/inter_module/nn_mgc_lf0_vuv_bap_199/lause00655.cmp
2025-05-09 14:02:03,425     INFO  acoustic_comp: processing file   84 of  249 : /home/meelis/merlin/egs/build_your_own_voice/s1/experiments/eva_laused/acoustic_model/inter_module/nn_mgc_lf0_vuv_bap_199/lause00672.cmp
2025-05-09 14:02:03,508     INFO  acoustic_comp: processing file   87 of  250 : /home/meelis/merlin/egs/build_your_own_voice/s1/experiments/eva_laused/acoustic_model/inter_module/nn_mgc_lf0_vuv_bap_199/lause00692.cmp
2025-05-09 14:02:03,890     INFO  acoustic_comp: processing file   85 of  250 : /home/meelis/merlin/egs/build_your_own_voice/s1/experiments/eva_laused/acoustic_model/inter_module/nn_mgc_lf0_vuv_bap_199/lause00673.cmp
2025-05-09 14:02:03,981     INFO  acoustic_comp: processing file   84 of  250 : /home/meelis/merlin/egs/build_your_own_voice/s1/experiments/eva_laused/acoustic_model/inter_module/nn_mgc_lf0_vuv_bap_199/lause00670.cmp
2025-05-09 14:02:04,112     INFO  acoustic_comp: processing file   84 of  250 : /home/meelis/merlin/egs/build_your_own_voice/s1/experiments/eva_laused/acoustic_model/inter_module/nn_mgc_lf0_vuv_bap_199/lause00666.cmp
2025-05-09 14:02:04,630     INFO  acoustic_comp: processing file   88 of  250 : /home/meelis/merlin/egs/build_your_own_voice/s1/experiments/eva_laused/acoustic_model/inter_module/nn_mgc_lf0_vuv_bap_199/lause00699.cmp
2025-05-09 14:02:04,887     INFO  acoustic_comp: processing file   83 of  249 : /home/meelis/merlin/egs/build_your_own_voice/s1/experiments/eva_laused/acoustic_model/inter_module/nn_mgc_lf0_vuv_bap_199/lause00663.cmp
2025-05-09 14:02:04,945     INFO  acoustic_comp: processing file   88 of  250 : /home/meelis/merlin/egs/build_your_own_voice/s1/experiments/eva_laused/acoustic_model/inter_module/nn_mgc_lf0_vuv_bap_199/lause00700.cmp
2025-05-09 14:02:05,092     INFO  acoustic_comp: processing file   86 of  250 : /home/meelis/merlin/egs/build_your_own_voice/s1/experiments/eva_laused/acoustic_model/inter_module/nn_mgc_lf0_vuv_bap_199/lause00681.cmp
2025-05-09 14:02:05,163     INFO  acoustic_comp: processing file   85 of  249 : /home/meelis/merlin/egs/build_your_own_voice/s1/experiments/eva_laused/acoustic_model/inter_module/nn_mgc_lf0_vuv_bap_199/lause00680.cmp
2025-05-09 14:02:05,241     INFO  acoustic_comp: processing file   82 of  250 : /home/meelis/merlin/egs/build_your_own_voice/s1/experiments/eva_laused/acoustic_model/inter_module/nn_mgc_lf0_vuv_bap_199/lause00653.cmp
2025-05-09 14:02:05,507     INFO  acoustic_comp: processing file   85 of  250 : /home/meelis/merlin/egs/build_your_own_voice/s1/experiments/eva_laused/acoustic_model/inter_module/nn_mgc_lf0_vuv_bap_199/lause00674.cmp
2025-05-09 14:02:05,930     INFO  acoustic_comp: processing file   85 of  250 : /home/meelis/merlin/egs/build_your_own_voice/s1/experiments/eva_laused/acoustic_model/inter_module/nn_mgc_lf0_vuv_bap_199/lause00678.cmp
2025-05-09 14:02:05,974     INFO  acoustic_comp: processing file   89 of  250 : /home/meelis/merlin/egs/build_your_own_voice/s1/experiments/eva_laused/acoustic_model/inter_module/nn_mgc_lf0_vuv_bap_199/lause00707.cmp
2025-05-09 14:02:06,367     INFO  acoustic_comp: processing file   89 of  250 : /home/meelis/merlin/egs/build_your_own_voice/s1/experiments/eva_laused/acoustic_model/inter_module/nn_mgc_lf0_vuv_bap_199/lause00708.cmp
2025-05-09 14:02:06,697     INFO  acoustic_comp: processing file   87 of  250 : /home/meelis/merlin/egs/build_your_own_voice/s1/experiments/eva_laused/acoustic_model/inter_module/nn_mgc_lf0_vuv_bap_199/lause00689.cmp
2025-05-09 14:02:06,912     INFO  acoustic_comp: processing file   84 of  249 : /home/meelis/merlin/egs/build_your_own_voice/s1/experiments/eva_laused/acoustic_model/inter_module/nn_mgc_lf0_vuv_bap_199/lause00671.cmp
2025-05-09 14:02:06,977     INFO  acoustic_comp: processing file   86 of  250 : /home/meelis/merlin/egs/build_your_own_voice/s1/experiments/eva_laused/acoustic_model/inter_module/nn_mgc_lf0_vuv_bap_199/lause00682.cmp
2025-05-09 14:02:07,251     INFO  acoustic_comp: processing file   83 of  250 : /home/meelis/merlin/egs/build_your_own_voice/s1/experiments/eva_laused/acoustic_model/inter_module/nn_mgc_lf0_vuv_bap_199/lause00661.cmp
2025-05-09 14:02:07,381     INFO  acoustic_comp: processing file   86 of  250 : /home/meelis/merlin/egs/build_your_own_voice/s1/experiments/eva_laused/acoustic_model/inter_module/nn_mgc_lf0_vuv_bap_199/lause00686.cmp
2025-05-09 14:02:07,980     INFO  acoustic_comp: processing file   90 of  250 : /home/meelis/merlin/egs/build_your_own_voice/s1/experiments/eva_laused/acoustic_model/inter_module/nn_mgc_lf0_vuv_bap_199/lause00715.cmp
2025-05-09 14:02:08,015     INFO  acoustic_comp: processing file   90 of  250 : /home/meelis/merlin/egs/build_your_own_voice/s1/experiments/eva_laused/acoustic_model/inter_module/nn_mgc_lf0_vuv_bap_199/lause00716.cmp
2025-05-09 14:02:08,119     INFO  acoustic_comp: processing file   88 of  250 : /home/meelis/merlin/egs/build_your_own_voice/s1/experiments/eva_laused/acoustic_model/inter_module/nn_mgc_lf0_vuv_bap_199/lause00697.cmp
2025-05-09 14:02:08,149     INFO  acoustic_comp: processing file   85 of  249 : /home/meelis/merlin/egs/build_your_own_voice/s1/experiments/eva_laused/acoustic_model/inter_module/nn_mgc_lf0_vuv_bap_199/lause00679.cmp
2025-05-09 14:02:08,200     INFO  acoustic_comp: processing file   86 of  249 : /home/meelis/merlin/egs/build_your_own_voice/s1/experiments/eva_laused/acoustic_model/inter_module/nn_mgc_lf0_vuv_bap_199/lause00688.cmp
2025-05-09 14:02:08,286     INFO  acoustic_comp: processing file   87 of  250 : /home/meelis/merlin/egs/build_your_own_voice/s1/experiments/eva_laused/acoustic_model/inter_module/nn_mgc_lf0_vuv_bap_199/lause00690.cmp
2025-05-09 14:02:08,685     INFO  acoustic_comp: processing file   84 of  250 : /home/meelis/merlin/egs/build_your_own_voice/s1/experiments/eva_laused/acoustic_model/inter_module/nn_mgc_lf0_vuv_bap_199/lause00669.cmp
2025-05-09 14:02:08,967     INFO  acoustic_comp: processing file   87 of  250 : /home/meelis/merlin/egs/build_your_own_voice/s1/experiments/eva_laused/acoustic_model/inter_module/nn_mgc_lf0_vuv_bap_199/lause00694.cmp
2025-05-09 14:02:09,276     INFO  acoustic_comp: processing file   91 of  250 : /home/meelis/merlin/egs/build_your_own_voice/s1/experiments/eva_laused/acoustic_model/inter_module/nn_mgc_lf0_vuv_bap_199/lause00723.cmp
2025-05-09 14:02:09,328     INFO  acoustic_comp: processing file   87 of  249 : /home/meelis/merlin/egs/build_your_own_voice/s1/experiments/eva_laused/acoustic_model/inter_module/nn_mgc_lf0_vuv_bap_199/lause00696.cmp
2025-05-09 14:02:09,566     INFO  acoustic_comp: processing file   86 of  249 : /home/meelis/merlin/egs/build_your_own_voice/s1/experiments/eva_laused/acoustic_model/inter_module/nn_mgc_lf0_vuv_bap_199/lause00687.cmp
2025-05-09 14:02:09,636     INFO  acoustic_comp: processing file   91 of  250 : /home/meelis/merlin/egs/build_your_own_voice/s1/experiments/eva_laused/acoustic_model/inter_module/nn_mgc_lf0_vuv_bap_199/lause00724.cmp
2025-05-09 14:02:09,684     INFO  acoustic_comp: processing file   89 of  250 : /home/meelis/merlin/egs/build_your_own_voice/s1/experiments/eva_laused/acoustic_model/inter_module/nn_mgc_lf0_vuv_bap_199/lause00705.cmp
2025-05-09 14:02:10,010     INFO  acoustic_comp: processing file   88 of  250 : /home/meelis/merlin/egs/build_your_own_voice/s1/experiments/eva_laused/acoustic_model/inter_module/nn_mgc_lf0_vuv_bap_199/lause00698.cmp
2025-05-09 14:02:10,037     INFO  acoustic_comp: processing file   85 of  250 : /home/meelis/merlin/egs/build_your_own_voice/s1/experiments/eva_laused/acoustic_model/inter_module/nn_mgc_lf0_vuv_bap_199/lause00677.cmp
2025-05-09 14:02:10,942     INFO  acoustic_comp: processing file   88 of  250 : /home/meelis/merlin/egs/build_your_own_voice/s1/experiments/eva_laused/acoustic_model/inter_module/nn_mgc_lf0_vuv_bap_199/lause00702.cmp
2025-05-09 14:02:10,965     INFO  acoustic_comp: processing file   92 of  250 : /home/meelis/merlin/egs/build_your_own_voice/s1/experiments/eva_laused/acoustic_model/inter_module/nn_mgc_lf0_vuv_bap_199/lause00731.cmp
2025-05-09 14:02:11,092     INFO  acoustic_comp: processing file   90 of  250 : /home/meelis/merlin/egs/build_your_own_voice/s1/experiments/eva_laused/acoustic_model/inter_module/nn_mgc_lf0_vuv_bap_199/lause00713.cmp
2025-05-09 14:02:11,112     INFO  acoustic_comp: processing file   92 of  250 : /home/meelis/merlin/egs/build_your_own_voice/s1/experiments/eva_laused/acoustic_model/inter_module/nn_mgc_lf0_vuv_bap_199/lause00732.cmp
2025-05-09 14:02:11,249     INFO  acoustic_comp: processing file   87 of  249 : /home/meelis/merlin/egs/build_your_own_voice/s1/experiments/eva_laused/acoustic_model/inter_module/nn_mgc_lf0_vuv_bap_199/lause00695.cmp
2025-05-09 14:02:11,252     INFO  acoustic_comp: processing file   88 of  249 : /home/meelis/merlin/egs/build_your_own_voice/s1/experiments/eva_laused/acoustic_model/inter_module/nn_mgc_lf0_vuv_bap_199/lause00704.cmp
2025-05-09 14:02:11,274     INFO  acoustic_comp: processing file   89 of  250 : /home/meelis/merlin/egs/build_your_own_voice/s1/experiments/eva_laused/acoustic_model/inter_module/nn_mgc_lf0_vuv_bap_199/lause00706.cmp
2025-05-09 14:02:11,874     INFO  acoustic_comp: processing file   86 of  250 : /home/meelis/merlin/egs/build_your_own_voice/s1/experiments/eva_laused/acoustic_model/inter_module/nn_mgc_lf0_vuv_bap_199/lause00685.cmp
2025-05-09 14:02:11,899     INFO  acoustic_comp: processing file   89 of  250 : /home/meelis/merlin/egs/build_your_own_voice/s1/experiments/eva_laused/acoustic_model/inter_module/nn_mgc_lf0_vuv_bap_199/lause00710.cmp
2025-05-09 14:02:12,179     INFO  acoustic_comp: processing file   91 of  250 : /home/meelis/merlin/egs/build_your_own_voice/s1/experiments/eva_laused/acoustic_model/inter_module/nn_mgc_lf0_vuv_bap_199/lause00721.cmp
2025-05-09 14:02:12,471     INFO  acoustic_comp: processing file   88 of  249 : /home/meelis/merlin/egs/build_your_own_voice/s1/experiments/eva_laused/acoustic_model/inter_module/nn_mgc_lf0_vuv_bap_199/lause00703.cmp
2025-05-09 14:02:12,721     INFO  acoustic_comp: processing file   89 of  249 : /home/meelis/merlin/egs/build_your_own_voice/s1/experiments/eva_laused/acoustic_model/inter_module/nn_mgc_lf0_vuv_bap_199/lause00712.cmp
2025-05-09 14:02:12,731     INFO  acoustic_comp: processing file   90 of  250 : /home/meelis/merlin/egs/build_your_own_voice/s1/experiments/eva_laused/acoustic_model/inter_module/nn_mgc_lf0_vuv_bap_199/lause00714.cmp
2025-05-09 14:02:12,932     INFO  acoustic_comp: processing file   93 of  250 : /home/meelis/merlin/egs/build_your_own_voice/s1/experiments/eva_laused/acoustic_model/inter_module/nn_mgc_lf0_vuv_bap_199/lause00739.cmp
2025-05-09 14:02:12,944     INFO  acoustic_comp: processing file   93 of  250 : /home/meelis/merlin/egs/build_your_own_voice/s1/experiments/eva_laused/acoustic_model/inter_module/nn_mgc_lf0_vuv_bap_199/lause00740.cmp
2025-05-09 14:02:13,406     INFO  acoustic_comp: processing file   87 of  250 : /home/meelis/merlin/egs/build_your_own_voice/s1/experiments/eva_laused/acoustic_model/inter_module/nn_mgc_lf0_vuv_bap_199/lause00693.cmp
2025-05-09 14:02:13,636     INFO  acoustic_comp: processing file   92 of  250 : /home/meelis/merlin/egs/build_your_own_voice/s1/experiments/eva_laused/acoustic_model/inter_module/nn_mgc_lf0_vuv_bap_199/lause00729.cmp
2025-05-09 14:02:13,979     INFO  acoustic_comp: processing file   90 of  249 : /home/meelis/merlin/egs/build_your_own_voice/s1/experiments/eva_laused/acoustic_model/inter_module/nn_mgc_lf0_vuv_bap_199/lause00720.cmp
2025-05-09 14:02:13,980     INFO  acoustic_comp: processing file   90 of  250 : /home/meelis/merlin/egs/build_your_own_voice/s1/experiments/eva_laused/acoustic_model/inter_module/nn_mgc_lf0_vuv_bap_199/lause00718.cmp
2025-05-09 14:02:14,102     INFO  acoustic_comp: processing file   91 of  250 : /home/meelis/merlin/egs/build_your_own_voice/s1/experiments/eva_laused/acoustic_model/inter_module/nn_mgc_lf0_vuv_bap_199/lause00722.cmp
2025-05-09 14:02:14,197     INFO  acoustic_comp: processing file   89 of  249 : /home/meelis/merlin/egs/build_your_own_voice/s1/experiments/eva_laused/acoustic_model/inter_module/nn_mgc_lf0_vuv_bap_199/lause00711.cmp
2025-05-09 14:02:14,261     INFO  acoustic_comp: processing file   94 of  250 : /home/meelis/merlin/egs/build_your_own_voice/s1/experiments/eva_laused/acoustic_model/inter_module/nn_mgc_lf0_vuv_bap_199/lause00748.cmp
2025-05-09 14:02:14,341     INFO  acoustic_comp: processing file   94 of  250 : /home/meelis/merlin/egs/build_your_own_voice/s1/experiments/eva_laused/acoustic_model/inter_module/nn_mgc_lf0_vuv_bap_199/lause00747.cmp
2025-05-09 14:02:14,934     INFO  acoustic_comp: processing file   88 of  250 : /home/meelis/merlin/egs/build_your_own_voice/s1/experiments/eva_laused/acoustic_model/inter_module/nn_mgc_lf0_vuv_bap_199/lause00701.cmp
2025-05-09 14:02:15,387     INFO  acoustic_comp: processing file   93 of  250 : /home/meelis/merlin/egs/build_your_own_voice/s1/experiments/eva_laused/acoustic_model/inter_module/nn_mgc_lf0_vuv_bap_199/lause00737.cmp
2025-05-09 14:02:15,396     INFO  acoustic_comp: processing file   90 of  249 : /home/meelis/merlin/egs/build_your_own_voice/s1/experiments/eva_laused/acoustic_model/inter_module/nn_mgc_lf0_vuv_bap_199/lause00719.cmp
2025-05-09 14:02:15,613     INFO  acoustic_comp: processing file   91 of  249 : /home/meelis/merlin/egs/build_your_own_voice/s1/experiments/eva_laused/acoustic_model/inter_module/nn_mgc_lf0_vuv_bap_199/lause00728.cmp
2025-05-09 14:02:15,678     INFO  acoustic_comp: processing file   92 of  250 : /home/meelis/merlin/egs/build_your_own_voice/s1/experiments/eva_laused/acoustic_model/inter_module/nn_mgc_lf0_vuv_bap_199/lause00730.cmp
2025-05-09 14:02:15,775     INFO  acoustic_comp: processing file   95 of  250 : /home/meelis/merlin/egs/build_your_own_voice/s1/experiments/eva_laused/acoustic_model/inter_module/nn_mgc_lf0_vuv_bap_199/lause00755.cmp
2025-05-09 14:02:15,899     INFO  acoustic_comp: processing file   95 of  250 : /home/meelis/merlin/egs/build_your_own_voice/s1/experiments/eva_laused/acoustic_model/inter_module/nn_mgc_lf0_vuv_bap_199/lause00756.cmp
2025-05-09 14:02:15,915     INFO  acoustic_comp: processing file   91 of  250 : /home/meelis/merlin/egs/build_your_own_voice/s1/experiments/eva_laused/acoustic_model/inter_module/nn_mgc_lf0_vuv_bap_199/lause00726.cmp
2025-05-09 14:02:16,117     INFO  acoustic_comp: processing file   89 of  250 : /home/meelis/merlin/egs/build_your_own_voice/s1/experiments/eva_laused/acoustic_model/inter_module/nn_mgc_lf0_vuv_bap_199/lause00709.cmp
2025-05-09 14:02:16,683     INFO  acoustic_comp: processing file   91 of  249 : /home/meelis/merlin/egs/build_your_own_voice/s1/experiments/eva_laused/acoustic_model/inter_module/nn_mgc_lf0_vuv_bap_199/lause00727.cmp
2025-05-09 14:02:16,972     INFO  acoustic_comp: processing file   94 of  250 : /home/meelis/merlin/egs/build_your_own_voice/s1/experiments/eva_laused/acoustic_model/inter_module/nn_mgc_lf0_vuv_bap_199/lause00745.cmp
2025-05-09 14:02:17,299     INFO  acoustic_comp: processing file   92 of  249 : /home/meelis/merlin/egs/build_your_own_voice/s1/experiments/eva_laused/acoustic_model/inter_module/nn_mgc_lf0_vuv_bap_199/lause00736.cmp
2025-05-09 14:02:17,683     INFO  acoustic_comp: processing file   93 of  250 : /home/meelis/merlin/egs/build_your_own_voice/s1/experiments/eva_laused/acoustic_model/inter_module/nn_mgc_lf0_vuv_bap_199/lause00738.cmp
2025-05-09 14:02:17,768     INFO  acoustic_comp: processing file   96 of  250 : /home/meelis/merlin/egs/build_your_own_voice/s1/experiments/eva_laused/acoustic_model/inter_module/nn_mgc_lf0_vuv_bap_199/lause00763.cmp
2025-05-09 14:02:17,768     INFO  acoustic_comp: processing file   90 of  250 : /home/meelis/merlin/egs/build_your_own_voice/s1/experiments/eva_laused/acoustic_model/inter_module/nn_mgc_lf0_vuv_bap_199/lause00717.cmp
2025-05-09 14:02:17,888     INFO  acoustic_comp: processing file   92 of  250 : /home/meelis/merlin/egs/build_your_own_voice/s1/experiments/eva_laused/acoustic_model/inter_module/nn_mgc_lf0_vuv_bap_199/lause00734.cmp
2025-05-09 14:02:17,889     INFO  acoustic_comp: processing file   96 of  250 : /home/meelis/merlin/egs/build_your_own_voice/s1/experiments/eva_laused/acoustic_model/inter_module/nn_mgc_lf0_vuv_bap_199/lause00764.cmp
2025-05-09 14:02:18,313     INFO  acoustic_comp: processing file   92 of  249 : /home/meelis/merlin/egs/build_your_own_voice/s1/experiments/eva_laused/acoustic_model/inter_module/nn_mgc_lf0_vuv_bap_199/lause00735.cmp
2025-05-09 14:02:18,462     INFO  acoustic_comp: processing file   95 of  250 : /home/meelis/merlin/egs/build_your_own_voice/s1/experiments/eva_laused/acoustic_model/inter_module/nn_mgc_lf0_vuv_bap_199/lause00753.cmp
2025-05-09 14:02:19,021     INFO  acoustic_comp: processing file   94 of  250 : /home/meelis/merlin/egs/build_your_own_voice/s1/experiments/eva_laused/acoustic_model/inter_module/nn_mgc_lf0_vuv_bap_199/lause00746.cmp
2025-05-09 14:02:19,124     INFO  acoustic_comp: processing file   91 of  250 : /home/meelis/merlin/egs/build_your_own_voice/s1/experiments/eva_laused/acoustic_model/inter_module/nn_mgc_lf0_vuv_bap_199/lause00725.cmp
2025-05-09 14:02:19,381     INFO  acoustic_comp: processing file   93 of  249 : /home/meelis/merlin/egs/build_your_own_voice/s1/experiments/eva_laused/acoustic_model/inter_module/nn_mgc_lf0_vuv_bap_199/lause00744.cmp
2025-05-09 14:02:19,591     INFO  acoustic_comp: processing file   93 of  250 : /home/meelis/merlin/egs/build_your_own_voice/s1/experiments/eva_laused/acoustic_model/inter_module/nn_mgc_lf0_vuv_bap_199/lause00742.cmp
2025-05-09 14:02:19,674     INFO  acoustic_comp: processing file   97 of  250 : /home/meelis/merlin/egs/build_your_own_voice/s1/experiments/eva_laused/acoustic_model/inter_module/nn_mgc_lf0_vuv_bap_199/lause00771.cmp
2025-05-09 14:02:19,780     INFO  acoustic_comp: processing file   96 of  250 : /home/meelis/merlin/egs/build_your_own_voice/s1/experiments/eva_laused/acoustic_model/inter_module/nn_mgc_lf0_vuv_bap_199/lause00761.cmp
2025-05-09 14:02:20,076     INFO  acoustic_comp: processing file   97 of  250 : /home/meelis/merlin/egs/build_your_own_voice/s1/experiments/eva_laused/acoustic_model/inter_module/nn_mgc_lf0_vuv_bap_199/lause00772.cmp
2025-05-09 14:02:20,132     INFO  acoustic_comp: processing file   95 of  250 : /home/meelis/merlin/egs/build_your_own_voice/s1/experiments/eva_laused/acoustic_model/inter_module/nn_mgc_lf0_vuv_bap_199/lause00754.cmp
2025-05-09 14:02:20,289     INFO  acoustic_comp: processing file   93 of  249 : /home/meelis/merlin/egs/build_your_own_voice/s1/experiments/eva_laused/acoustic_model/inter_module/nn_mgc_lf0_vuv_bap_199/lause00743.cmp
2025-05-09 14:02:20,611     INFO  acoustic_comp: processing file   94 of  249 : /home/meelis/merlin/egs/build_your_own_voice/s1/experiments/eva_laused/acoustic_model/inter_module/nn_mgc_lf0_vuv_bap_199/lause00752.cmp
2025-05-09 14:02:21,018     INFO  acoustic_comp: processing file   92 of  250 : /home/meelis/merlin/egs/build_your_own_voice/s1/experiments/eva_laused/acoustic_model/inter_module/nn_mgc_lf0_vuv_bap_199/lause00733.cmp
2025-05-09 14:02:21,178     INFO  acoustic_comp: processing file   94 of  250 : /home/meelis/merlin/egs/build_your_own_voice/s1/experiments/eva_laused/acoustic_model/inter_module/nn_mgc_lf0_vuv_bap_199/lause00750.cmp
2025-05-09 14:02:21,305     INFO  acoustic_comp: processing file   98 of  250 : /home/meelis/merlin/egs/build_your_own_voice/s1/experiments/eva_laused/acoustic_model/inter_module/nn_mgc_lf0_vuv_bap_199/lause00779.cmp
2025-05-09 14:02:21,466     INFO  acoustic_comp: processing file   97 of  250 : /home/meelis/merlin/egs/build_your_own_voice/s1/experiments/eva_laused/acoustic_model/inter_module/nn_mgc_lf0_vuv_bap_199/lause00769.cmp
2025-05-09 14:02:21,512     INFO  acoustic_comp: processing file   96 of  250 : /home/meelis/merlin/egs/build_your_own_voice/s1/experiments/eva_laused/acoustic_model/inter_module/nn_mgc_lf0_vuv_bap_199/lause00762.cmp
2025-05-09 14:02:21,749     INFO  acoustic_comp: processing file   95 of  249 : /home/meelis/merlin/egs/build_your_own_voice/s1/experiments/eva_laused/acoustic_model/inter_module/nn_mgc_lf0_vuv_bap_199/lause00760.cmp
2025-05-09 14:02:22,038     INFO  acoustic_comp: processing file   98 of  250 : /home/meelis/merlin/egs/build_your_own_voice/s1/experiments/eva_laused/acoustic_model/inter_module/nn_mgc_lf0_vuv_bap_199/lause00780.cmp
2025-05-09 14:02:22,283     INFO  acoustic_comp: processing file   93 of  250 : /home/meelis/merlin/egs/build_your_own_voice/s1/experiments/eva_laused/acoustic_model/inter_module/nn_mgc_lf0_vuv_bap_199/lause00741.cmp
2025-05-09 14:02:22,408     INFO  acoustic_comp: processing file   94 of  249 : /home/meelis/merlin/egs/build_your_own_voice/s1/experiments/eva_laused/acoustic_model/inter_module/nn_mgc_lf0_vuv_bap_199/lause00751.cmp
2025-05-09 14:02:22,691     INFO  acoustic_comp: processing file   98 of  250 : /home/meelis/merlin/egs/build_your_own_voice/s1/experiments/eva_laused/acoustic_model/inter_module/nn_mgc_lf0_vuv_bap_199/lause00777.cmp
2025-05-09 14:02:22,741     INFO  acoustic_comp: processing file   95 of  250 : /home/meelis/merlin/egs/build_your_own_voice/s1/experiments/eva_laused/acoustic_model/inter_module/nn_mgc_lf0_vuv_bap_199/lause00758.cmp
2025-05-09 14:02:23,178     INFO  acoustic_comp: processing file   99 of  250 : /home/meelis/merlin/egs/build_your_own_voice/s1/experiments/eva_laused/acoustic_model/inter_module/nn_mgc_lf0_vuv_bap_199/lause00787.cmp
2025-05-09 14:02:23,391     INFO  acoustic_comp: processing file   97 of  250 : /home/meelis/merlin/egs/build_your_own_voice/s1/experiments/eva_laused/acoustic_model/inter_module/nn_mgc_lf0_vuv_bap_199/lause00770.cmp
2025-05-09 14:02:23,602     INFO  acoustic_comp: processing file   99 of  250 : /home/meelis/merlin/egs/build_your_own_voice/s1/experiments/eva_laused/acoustic_model/inter_module/nn_mgc_lf0_vuv_bap_199/lause00788.cmp
2025-05-09 14:02:23,719     INFO  acoustic_comp: processing file   96 of  249 : /home/meelis/merlin/egs/build_your_own_voice/s1/experiments/eva_laused/acoustic_model/inter_module/nn_mgc_lf0_vuv_bap_199/lause00768.cmp
2025-05-09 14:02:23,924     INFO  acoustic_comp: processing file   94 of  250 : /home/meelis/merlin/egs/build_your_own_voice/s1/experiments/eva_laused/acoustic_model/inter_module/nn_mgc_lf0_vuv_bap_199/lause00749.cmp
2025-05-09 14:02:24,006     INFO  acoustic_comp: processing file   96 of  250 : /home/meelis/merlin/egs/build_your_own_voice/s1/experiments/eva_laused/acoustic_model/inter_module/nn_mgc_lf0_vuv_bap_199/lause00766.cmp
2025-05-09 14:02:24,482     INFO  acoustic_comp: processing file   95 of  249 : /home/meelis/merlin/egs/build_your_own_voice/s1/experiments/eva_laused/acoustic_model/inter_module/nn_mgc_lf0_vuv_bap_199/lause00759.cmp
2025-05-09 14:02:24,789     INFO  acoustic_comp: processing file  100 of  250 : /home/meelis/merlin/egs/build_your_own_voice/s1/experiments/eva_laused/acoustic_model/inter_module/nn_mgc_lf0_vuv_bap_199/lause00795.cmp
2025-05-09 14:02:24,882     INFO  acoustic_comp: processing file   97 of  249 : /home/meelis/merlin/egs/build_your_own_voice/s1/experiments/eva_laused/acoustic_model/inter_module/nn_mgc_lf0_vuv_bap_199/lause00776.cmp
2025-05-09 14:02:24,965     INFO  acoustic_comp: processing file   99 of  250 : /home/meelis/merlin/egs/build_your_own_voice/s1/experiments/eva_laused/acoustic_model/inter_module/nn_mgc_lf0_vuv_bap_199/lause00785.cmp
2025-05-09 14:02:25,005     INFO  acoustic_comp: processing file  100 of  250 : /home/meelis/merlin/egs/build_your_own_voice/s1/experiments/eva_laused/acoustic_model/inter_module/nn_mgc_lf0_vuv_bap_199/lause00796.cmp
2025-05-09 14:02:25,135     INFO  acoustic_comp: processing file   98 of  250 : /home/meelis/merlin/egs/build_your_own_voice/s1/experiments/eva_laused/acoustic_model/inter_module/nn_mgc_lf0_vuv_bap_199/lause00778.cmp
2025-05-09 14:02:25,420     INFO  acoustic_comp: processing file   95 of  250 : /home/meelis/merlin/egs/build_your_own_voice/s1/experiments/eva_laused/acoustic_model/inter_module/nn_mgc_lf0_vuv_bap_199/lause00757.cmp
2025-05-09 14:02:25,467     INFO  acoustic_comp: processing file   97 of  250 : /home/meelis/merlin/egs/build_your_own_voice/s1/experiments/eva_laused/acoustic_model/inter_module/nn_mgc_lf0_vuv_bap_199/lause00774.cmp
2025-05-09 14:02:25,976     INFO  acoustic_comp: processing file   96 of  249 : /home/meelis/merlin/egs/build_your_own_voice/s1/experiments/eva_laused/acoustic_model/inter_module/nn_mgc_lf0_vuv_bap_199/lause00767.cmp
2025-05-09 14:02:26,201     INFO  acoustic_comp: processing file   98 of  249 : /home/meelis/merlin/egs/build_your_own_voice/s1/experiments/eva_laused/acoustic_model/inter_module/nn_mgc_lf0_vuv_bap_199/lause00784.cmp
2025-05-09 14:02:26,633     INFO  acoustic_comp: processing file  100 of  250 : /home/meelis/merlin/egs/build_your_own_voice/s1/experiments/eva_laused/acoustic_model/inter_module/nn_mgc_lf0_vuv_bap_199/lause00793.cmp
2025-05-09 14:02:26,645     INFO  acoustic_comp: processing file  101 of  250 : /home/meelis/merlin/egs/build_your_own_voice/s1/experiments/eva_laused/acoustic_model/inter_module/nn_mgc_lf0_vuv_bap_199/lause00804.cmp
2025-05-09 14:02:26,796     INFO  acoustic_comp: processing file  101 of  250 : /home/meelis/merlin/egs/build_your_own_voice/s1/experiments/eva_laused/acoustic_model/inter_module/nn_mgc_lf0_vuv_bap_199/lause00803.cmp
2025-05-09 14:02:26,837     INFO  acoustic_comp: processing file   99 of  250 : /home/meelis/merlin/egs/build_your_own_voice/s1/experiments/eva_laused/acoustic_model/inter_module/nn_mgc_lf0_vuv_bap_199/lause00786.cmp
2025-05-09 14:02:27,324     INFO  acoustic_comp: processing file   98 of  250 : /home/meelis/merlin/egs/build_your_own_voice/s1/experiments/eva_laused/acoustic_model/inter_module/nn_mgc_lf0_vuv_bap_199/lause00782.cmp
2025-05-09 14:02:27,733     INFO  acoustic_comp: processing file   97 of  249 : /home/meelis/merlin/egs/build_your_own_voice/s1/experiments/eva_laused/acoustic_model/inter_module/nn_mgc_lf0_vuv_bap_199/lause00775.cmp
2025-05-09 14:02:28,035     INFO  acoustic_comp: processing file   96 of  250 : /home/meelis/merlin/egs/build_your_own_voice/s1/experiments/eva_laused/acoustic_model/inter_module/nn_mgc_lf0_vuv_bap_199/lause00765.cmp
2025-05-09 14:02:28,105     INFO  acoustic_comp: processing file  102 of  250 : /home/meelis/merlin/egs/build_your_own_voice/s1/experiments/eva_laused/acoustic_model/inter_module/nn_mgc_lf0_vuv_bap_199/lause00812.cmp
2025-05-09 14:02:28,409     INFO  acoustic_comp: processing file  102 of  250 : /home/meelis/merlin/egs/build_your_own_voice/s1/experiments/eva_laused/acoustic_model/inter_module/nn_mgc_lf0_vuv_bap_199/lause00811.cmp
2025-05-09 14:02:28,427     INFO  acoustic_comp: processing file   99 of  249 : /home/meelis/merlin/egs/build_your_own_voice/s1/experiments/eva_laused/acoustic_model/inter_module/nn_mgc_lf0_vuv_bap_199/lause00792.cmp
2025-05-09 14:02:28,503     INFO  acoustic_comp: processing file  101 of  250 : /home/meelis/merlin/egs/build_your_own_voice/s1/experiments/eva_laused/acoustic_model/inter_module/nn_mgc_lf0_vuv_bap_199/lause00801.cmp
2025-05-09 14:02:28,728     INFO  acoustic_comp: processing file  100 of  250 : /home/meelis/merlin/egs/build_your_own_voice/s1/experiments/eva_laused/acoustic_model/inter_module/nn_mgc_lf0_vuv_bap_199/lause00794.cmp
2025-05-09 14:02:28,767     INFO  acoustic_comp: processing file   99 of  250 : /home/meelis/merlin/egs/build_your_own_voice/s1/experiments/eva_laused/acoustic_model/inter_module/nn_mgc_lf0_vuv_bap_199/lause00790.cmp
2025-05-09 14:02:29,567     INFO  acoustic_comp: processing file   97 of  250 : /home/meelis/merlin/egs/build_your_own_voice/s1/experiments/eva_laused/acoustic_model/inter_module/nn_mgc_lf0_vuv_bap_199/lause00773.cmp
2025-05-09 14:02:29,701     INFO  acoustic_comp: processing file  103 of  250 : /home/meelis/merlin/egs/build_your_own_voice/s1/experiments/eva_laused/acoustic_model/inter_module/nn_mgc_lf0_vuv_bap_199/lause00819.cmp
2025-05-09 14:02:29,954     INFO  acoustic_comp: processing file  102 of  250 : /home/meelis/merlin/egs/build_your_own_voice/s1/experiments/eva_laused/acoustic_model/inter_module/nn_mgc_lf0_vuv_bap_199/lause00809.cmp
2025-05-09 14:02:29,967     INFO  acoustic_comp: processing file   98 of  249 : /home/meelis/merlin/egs/build_your_own_voice/s1/experiments/eva_laused/acoustic_model/inter_module/nn_mgc_lf0_vuv_bap_199/lause00783.cmp
2025-05-09 14:02:29,978     INFO  acoustic_comp: processing file  100 of  250 : /home/meelis/merlin/egs/build_your_own_voice/s1/experiments/eva_laused/acoustic_model/inter_module/nn_mgc_lf0_vuv_bap_199/lause00798.cmp
2025-05-09 14:02:30,187     INFO  acoustic_comp: processing file  103 of  250 : /home/meelis/merlin/egs/build_your_own_voice/s1/experiments/eva_laused/acoustic_model/inter_module/nn_mgc_lf0_vuv_bap_199/lause00820.cmp
2025-05-09 14:02:30,335     INFO  acoustic_comp: processing file  101 of  250 : /home/meelis/merlin/egs/build_your_own_voice/s1/experiments/eva_laused/acoustic_model/inter_module/nn_mgc_lf0_vuv_bap_199/lause00802.cmp
2025-05-09 14:02:30,722     INFO  acoustic_comp: processing file   98 of  250 : /home/meelis/merlin/egs/build_your_own_voice/s1/experiments/eva_laused/acoustic_model/inter_module/nn_mgc_lf0_vuv_bap_199/lause00781.cmp
2025-05-09 14:02:30,927     INFO  acoustic_comp: processing file  100 of  249 : /home/meelis/merlin/egs/build_your_own_voice/s1/experiments/eva_laused/acoustic_model/inter_module/nn_mgc_lf0_vuv_bap_199/lause00800.cmp
2025-05-09 14:02:31,128     INFO  acoustic_comp: processing file  104 of  250 : /home/meelis/merlin/egs/build_your_own_voice/s1/experiments/eva_laused/acoustic_model/inter_module/nn_mgc_lf0_vuv_bap_199/lause00827.cmp
2025-05-09 14:02:31,433     INFO  acoustic_comp: processing file  101 of  250 : /home/meelis/merlin/egs/build_your_own_voice/s1/experiments/eva_laused/acoustic_model/inter_module/nn_mgc_lf0_vuv_bap_199/lause00806.cmp
2025-05-09 14:02:31,773     INFO  acoustic_comp: processing file   99 of  249 : /home/meelis/merlin/egs/build_your_own_voice/s1/experiments/eva_laused/acoustic_model/inter_module/nn_mgc_lf0_vuv_bap_199/lause00791.cmp
2025-05-09 14:02:31,848     INFO  acoustic_comp: processing file  104 of  250 : /home/meelis/merlin/egs/build_your_own_voice/s1/experiments/eva_laused/acoustic_model/inter_module/nn_mgc_lf0_vuv_bap_199/lause00828.cmp
2025-05-09 14:02:31,934     INFO  acoustic_comp: processing file  103 of  250 : /home/meelis/merlin/egs/build_your_own_voice/s1/experiments/eva_laused/acoustic_model/inter_module/nn_mgc_lf0_vuv_bap_199/lause00817.cmp
2025-05-09 14:02:32,268     INFO  acoustic_comp: processing file  102 of  250 : /home/meelis/merlin/egs/build_your_own_voice/s1/experiments/eva_laused/acoustic_model/inter_module/nn_mgc_lf0_vuv_bap_199/lause00810.cmp
2025-05-09 14:02:32,502     INFO  acoustic_comp: processing file   99 of  250 : /home/meelis/merlin/egs/build_your_own_voice/s1/experiments/eva_laused/acoustic_model/inter_module/nn_mgc_lf0_vuv_bap_199/lause00789.cmp
2025-05-09 14:02:32,626     INFO  acoustic_comp: processing file  105 of  250 : /home/meelis/merlin/egs/build_your_own_voice/s1/experiments/eva_laused/acoustic_model/inter_module/nn_mgc_lf0_vuv_bap_199/lause00835.cmp
2025-05-09 14:02:32,754     INFO  acoustic_comp: processing file  101 of  249 : /home/meelis/merlin/egs/build_your_own_voice/s1/experiments/eva_laused/acoustic_model/inter_module/nn_mgc_lf0_vuv_bap_199/lause00808.cmp
2025-05-09 14:02:32,901     INFO  acoustic_comp: processing file  102 of  250 : /home/meelis/merlin/egs/build_your_own_voice/s1/experiments/eva_laused/acoustic_model/inter_module/nn_mgc_lf0_vuv_bap_199/lause00814.cmp
2025-05-09 14:02:33,077     INFO  acoustic_comp: processing file  100 of  249 : /home/meelis/merlin/egs/build_your_own_voice/s1/experiments/eva_laused/acoustic_model/inter_module/nn_mgc_lf0_vuv_bap_199/lause00799.cmp
2025-05-09 14:02:33,406     INFO  acoustic_comp: processing file  105 of  250 : /home/meelis/merlin/egs/build_your_own_voice/s1/experiments/eva_laused/acoustic_model/inter_module/nn_mgc_lf0_vuv_bap_199/lause00836.cmp
2025-05-09 14:02:33,773     INFO  acoustic_comp: processing file  103 of  250 : /home/meelis/merlin/egs/build_your_own_voice/s1/experiments/eva_laused/acoustic_model/inter_module/nn_mgc_lf0_vuv_bap_199/lause00818.cmp
2025-05-09 14:02:33,924     INFO  acoustic_comp: processing file  100 of  250 : /home/meelis/merlin/egs/build_your_own_voice/s1/experiments/eva_laused/acoustic_model/inter_module/nn_mgc_lf0_vuv_bap_199/lause00797.cmp
2025-05-09 14:02:34,036     INFO  acoustic_comp: processing file  104 of  250 : /home/meelis/merlin/egs/build_your_own_voice/s1/experiments/eva_laused/acoustic_model/inter_module/nn_mgc_lf0_vuv_bap_199/lause00825.cmp
2025-05-09 14:02:34,338     INFO  acoustic_comp: processing file  102 of  249 : /home/meelis/merlin/egs/build_your_own_voice/s1/experiments/eva_laused/acoustic_model/inter_module/nn_mgc_lf0_vuv_bap_199/lause00816.cmp
2025-05-09 14:02:34,606     INFO  acoustic_comp: processing file  106 of  250 : /home/meelis/merlin/egs/build_your_own_voice/s1/experiments/eva_laused/acoustic_model/inter_module/nn_mgc_lf0_vuv_bap_199/lause00843.cmp
2025-05-09 14:02:34,689     INFO  acoustic_comp: processing file  101 of  249 : /home/meelis/merlin/egs/build_your_own_voice/s1/experiments/eva_laused/acoustic_model/inter_module/nn_mgc_lf0_vuv_bap_199/lause00807.cmp
2025-05-09 14:02:34,863     INFO  acoustic_comp: processing file  103 of  250 : /home/meelis/merlin/egs/build_your_own_voice/s1/experiments/eva_laused/acoustic_model/inter_module/nn_mgc_lf0_vuv_bap_199/lause00822.cmp
2025-05-09 14:02:35,268     INFO  acoustic_comp: processing file  104 of  250 : /home/meelis/merlin/egs/build_your_own_voice/s1/experiments/eva_laused/acoustic_model/inter_module/nn_mgc_lf0_vuv_bap_199/lause00826.cmp
2025-05-09 14:02:35,382     INFO  acoustic_comp: processing file  106 of  250 : /home/meelis/merlin/egs/build_your_own_voice/s1/experiments/eva_laused/acoustic_model/inter_module/nn_mgc_lf0_vuv_bap_199/lause00844.cmp
2025-05-09 14:02:35,893     INFO  acoustic_comp: processing file  102 of  249 : /home/meelis/merlin/egs/build_your_own_voice/s1/experiments/eva_laused/acoustic_model/inter_module/nn_mgc_lf0_vuv_bap_199/lause00815.cmp
2025-05-09 14:02:36,092     INFO  acoustic_comp: processing file  103 of  249 : /home/meelis/merlin/egs/build_your_own_voice/s1/experiments/eva_laused/acoustic_model/inter_module/nn_mgc_lf0_vuv_bap_199/lause00824.cmp
2025-05-09 14:02:36,119     INFO  acoustic_comp: processing file  101 of  250 : /home/meelis/merlin/egs/build_your_own_voice/s1/experiments/eva_laused/acoustic_model/inter_module/nn_mgc_lf0_vuv_bap_199/lause00805.cmp
2025-05-09 14:02:36,285     INFO  acoustic_comp: processing file  104 of  250 : /home/meelis/merlin/egs/build_your_own_voice/s1/experiments/eva_laused/acoustic_model/inter_module/nn_mgc_lf0_vuv_bap_199/lause00830.cmp
2025-05-09 14:02:36,425     INFO  acoustic_comp: processing file  105 of  250 : /home/meelis/merlin/egs/build_your_own_voice/s1/experiments/eva_laused/acoustic_model/inter_module/nn_mgc_lf0_vuv_bap_199/lause00834.cmp
2025-05-09 14:02:36,458     INFO  acoustic_comp: processing file  105 of  250 : /home/meelis/merlin/egs/build_your_own_voice/s1/experiments/eva_laused/acoustic_model/inter_module/nn_mgc_lf0_vuv_bap_199/lause00833.cmp
2025-05-09 14:02:36,717     INFO  acoustic_comp: processing file  107 of  250 : /home/meelis/merlin/egs/build_your_own_voice/s1/experiments/eva_laused/acoustic_model/inter_module/nn_mgc_lf0_vuv_bap_199/lause00851.cmp
2025-05-09 14:02:36,866     INFO  acoustic_comp: processing file  107 of  250 : /home/meelis/merlin/egs/build_your_own_voice/s1/experiments/eva_laused/acoustic_model/inter_module/nn_mgc_lf0_vuv_bap_199/lause00852.cmp
2025-05-09 14:02:37,360     INFO  acoustic_comp: processing file  102 of  250 : /home/meelis/merlin/egs/build_your_own_voice/s1/experiments/eva_laused/acoustic_model/inter_module/nn_mgc_lf0_vuv_bap_199/lause00813.cmp
2025-05-09 14:02:37,929     INFO  acoustic_comp: processing file  105 of  250 : /home/meelis/merlin/egs/build_your_own_voice/s1/experiments/eva_laused/acoustic_model/inter_module/nn_mgc_lf0_vuv_bap_199/lause00838.cmp
2025-05-09 14:02:38,021     INFO  acoustic_comp: processing file  106 of  250 : /home/meelis/merlin/egs/build_your_own_voice/s1/experiments/eva_laused/acoustic_model/inter_module/nn_mgc_lf0_vuv_bap_199/lause00841.cmp
2025-05-09 14:02:38,151     INFO  acoustic_comp: processing file  104 of  249 : /home/meelis/merlin/egs/build_your_own_voice/s1/experiments/eva_laused/acoustic_model/inter_module/nn_mgc_lf0_vuv_bap_199/lause00832.cmp
2025-05-09 14:02:38,195     INFO  acoustic_comp: processing file  103 of  249 : /home/meelis/merlin/egs/build_your_own_voice/s1/experiments/eva_laused/acoustic_model/inter_module/nn_mgc_lf0_vuv_bap_199/lause00823.cmp
2025-05-09 14:02:38,611     INFO  acoustic_comp: processing file  108 of  250 : /home/meelis/merlin/egs/build_your_own_voice/s1/experiments/eva_laused/acoustic_model/inter_module/nn_mgc_lf0_vuv_bap_199/lause00859.cmp
2025-05-09 14:02:38,647     INFO  acoustic_comp: processing file  108 of  250 : /home/meelis/merlin/egs/build_your_own_voice/s1/experiments/eva_laused/acoustic_model/inter_module/nn_mgc_lf0_vuv_bap_199/lause00860.cmp
2025-05-09 14:02:38,673     INFO  acoustic_comp: processing file  106 of  250 : /home/meelis/merlin/egs/build_your_own_voice/s1/experiments/eva_laused/acoustic_model/inter_module/nn_mgc_lf0_vuv_bap_199/lause00842.cmp
2025-05-09 14:02:39,186     INFO  acoustic_comp: processing file  106 of  250 : /home/meelis/merlin/egs/build_your_own_voice/s1/experiments/eva_laused/acoustic_model/inter_module/nn_mgc_lf0_vuv_bap_199/lause00846.cmp
2025-05-09 14:02:39,289     INFO  acoustic_comp: processing file  103 of  250 : /home/meelis/merlin/egs/build_your_own_voice/s1/experiments/eva_laused/acoustic_model/inter_module/nn_mgc_lf0_vuv_bap_199/lause00821.cmp
2025-05-09 14:02:39,348     INFO  acoustic_comp: processing file  104 of  249 : /home/meelis/merlin/egs/build_your_own_voice/s1/experiments/eva_laused/acoustic_model/inter_module/nn_mgc_lf0_vuv_bap_199/lause00831.cmp
2025-05-09 14:02:39,781     INFO  acoustic_comp: processing file  107 of  250 : /home/meelis/merlin/egs/build_your_own_voice/s1/experiments/eva_laused/acoustic_model/inter_module/nn_mgc_lf0_vuv_bap_199/lause00849.cmp
2025-05-09 14:02:40,202     INFO  acoustic_comp: processing file  107 of  250 : /home/meelis/merlin/egs/build_your_own_voice/s1/experiments/eva_laused/acoustic_model/inter_module/nn_mgc_lf0_vuv_bap_199/lause00854.cmp
2025-05-09 14:02:40,283     INFO  acoustic_comp: processing file  109 of  250 : /home/meelis/merlin/egs/build_your_own_voice/s1/experiments/eva_laused/acoustic_model/inter_module/nn_mgc_lf0_vuv_bap_199/lause00867.cmp
2025-05-09 14:02:40,414     INFO  acoustic_comp: processing file  107 of  250 : /home/meelis/merlin/egs/build_your_own_voice/s1/experiments/eva_laused/acoustic_model/inter_module/nn_mgc_lf0_vuv_bap_199/lause00850.cmp
2025-05-09 14:02:40,660     INFO  acoustic_comp: processing file  109 of  250 : /home/meelis/merlin/egs/build_your_own_voice/s1/experiments/eva_laused/acoustic_model/inter_module/nn_mgc_lf0_vuv_bap_199/lause00868.cmp
2025-05-09 14:02:40,706     INFO  acoustic_comp: processing file  105 of  249 : /home/meelis/merlin/egs/build_your_own_voice/s1/experiments/eva_laused/acoustic_model/inter_module/nn_mgc_lf0_vuv_bap_199/lause00839.cmp
2025-05-09 14:02:40,880     INFO  acoustic_comp: processing file  105 of  249 : /home/meelis/merlin/egs/build_your_own_voice/s1/experiments/eva_laused/acoustic_model/inter_module/nn_mgc_lf0_vuv_bap_199/lause00840.cmp
2025-05-09 14:02:41,092     INFO  acoustic_comp: processing file  104 of  250 : /home/meelis/merlin/egs/build_your_own_voice/s1/experiments/eva_laused/acoustic_model/inter_module/nn_mgc_lf0_vuv_bap_199/lause00829.cmp
2025-05-09 14:02:41,197     INFO  acoustic_comp: processing file  108 of  250 : /home/meelis/merlin/egs/build_your_own_voice/s1/experiments/eva_laused/acoustic_model/inter_module/nn_mgc_lf0_vuv_bap_199/lause00857.cmp
2025-05-09 14:02:41,966     INFO  acoustic_comp: processing file  108 of  250 : /home/meelis/merlin/egs/build_your_own_voice/s1/experiments/eva_laused/acoustic_model/inter_module/nn_mgc_lf0_vuv_bap_199/lause00858.cmp
2025-05-09 14:02:42,066     INFO  acoustic_comp: processing file  110 of  250 : /home/meelis/merlin/egs/build_your_own_voice/s1/experiments/eva_laused/acoustic_model/inter_module/nn_mgc_lf0_vuv_bap_199/lause00875.cmp
2025-05-09 14:02:42,174     INFO  acoustic_comp: processing file  108 of  250 : /home/meelis/merlin/egs/build_your_own_voice/s1/experiments/eva_laused/acoustic_model/inter_module/nn_mgc_lf0_vuv_bap_199/lause00862.cmp
2025-05-09 14:02:42,284     INFO  acoustic_comp: processing file  106 of  249 : /home/meelis/merlin/egs/build_your_own_voice/s1/experiments/eva_laused/acoustic_model/inter_module/nn_mgc_lf0_vuv_bap_199/lause00847.cmp
2025-05-09 14:02:42,424     INFO  acoustic_comp: processing file  106 of  249 : /home/meelis/merlin/egs/build_your_own_voice/s1/experiments/eva_laused/acoustic_model/inter_module/nn_mgc_lf0_vuv_bap_199/lause00848.cmp
2025-05-09 14:02:42,653     INFO  acoustic_comp: processing file  105 of  250 : /home/meelis/merlin/egs/build_your_own_voice/s1/experiments/eva_laused/acoustic_model/inter_module/nn_mgc_lf0_vuv_bap_199/lause00837.cmp
2025-05-09 14:02:42,704     INFO  acoustic_comp: processing file  109 of  250 : /home/meelis/merlin/egs/build_your_own_voice/s1/experiments/eva_laused/acoustic_model/inter_module/nn_mgc_lf0_vuv_bap_199/lause00865.cmp
2025-05-09 14:02:43,202     INFO  acoustic_comp: processing file  110 of  250 : /home/meelis/merlin/egs/build_your_own_voice/s1/experiments/eva_laused/acoustic_model/inter_module/nn_mgc_lf0_vuv_bap_199/lause00876.cmp
2025-05-09 14:02:43,376     INFO  acoustic_comp: processing file  107 of  249 : /home/meelis/merlin/egs/build_your_own_voice/s1/experiments/eva_laused/acoustic_model/inter_module/nn_mgc_lf0_vuv_bap_199/lause00855.cmp
2025-05-09 14:02:43,450     INFO  acoustic_comp: processing file  111 of  250 : /home/meelis/merlin/egs/build_your_own_voice/s1/experiments/eva_laused/acoustic_model/inter_module/nn_mgc_lf0_vuv_bap_199/lause00883.cmp
2025-05-09 14:02:43,464     INFO  acoustic_comp: processing file  109 of  250 : /home/meelis/merlin/egs/build_your_own_voice/s1/experiments/eva_laused/acoustic_model/inter_module/nn_mgc_lf0_vuv_bap_199/lause00866.cmp
2025-05-09 14:02:44,198     INFO  acoustic_comp: processing file  109 of  250 : /home/meelis/merlin/egs/build_your_own_voice/s1/experiments/eva_laused/acoustic_model/inter_module/nn_mgc_lf0_vuv_bap_199/lause00870.cmp
2025-05-09 14:02:44,254     INFO  acoustic_comp: processing file  106 of  250 : /home/meelis/merlin/egs/build_your_own_voice/s1/experiments/eva_laused/acoustic_model/inter_module/nn_mgc_lf0_vuv_bap_199/lause00845.cmp
2025-05-09 14:02:44,332     INFO  acoustic_comp: processing file  110 of  250 : /home/meelis/merlin/egs/build_your_own_voice/s1/experiments/eva_laused/acoustic_model/inter_module/nn_mgc_lf0_vuv_bap_199/lause00873.cmp
2025-05-09 14:02:44,502     INFO  acoustic_comp: processing file  108 of  249 : /home/meelis/merlin/egs/build_your_own_voice/s1/experiments/eva_laused/acoustic_model/inter_module/nn_mgc_lf0_vuv_bap_199/lause00863.cmp
2025-05-09 14:02:44,649     INFO  acoustic_comp: processing file  107 of  249 : /home/meelis/merlin/egs/build_your_own_voice/s1/experiments/eva_laused/acoustic_model/inter_module/nn_mgc_lf0_vuv_bap_199/lause00856.cmp
2025-05-09 14:02:44,776     INFO  acoustic_comp: processing file  110 of  250 : /home/meelis/merlin/egs/build_your_own_voice/s1/experiments/eva_laused/acoustic_model/inter_module/nn_mgc_lf0_vuv_bap_199/lause00874.cmp
2025-05-09 14:02:45,215     INFO  acoustic_comp: processing file  112 of  250 : /home/meelis/merlin/egs/build_your_own_voice/s1/experiments/eva_laused/acoustic_model/inter_module/nn_mgc_lf0_vuv_bap_199/lause00891.cmp
2025-05-09 14:02:45,630     INFO  acoustic_comp: processing file  111 of  250 : /home/meelis/merlin/egs/build_your_own_voice/s1/experiments/eva_laused/acoustic_model/inter_module/nn_mgc_lf0_vuv_bap_199/lause00884.cmp
2025-05-09 14:02:45,670     INFO  acoustic_comp: processing file  110 of  250 : /home/meelis/merlin/egs/build_your_own_voice/s1/experiments/eva_laused/acoustic_model/inter_module/nn_mgc_lf0_vuv_bap_199/lause00878.cmp
2025-05-09 14:02:45,884     INFO  acoustic_comp: processing file  107 of  250 : /home/meelis/merlin/egs/build_your_own_voice/s1/experiments/eva_laused/acoustic_model/inter_module/nn_mgc_lf0_vuv_bap_199/lause00853.cmp
2025-05-09 14:02:46,172     INFO  acoustic_comp: processing file  111 of  250 : /home/meelis/merlin/egs/build_your_own_voice/s1/experiments/eva_laused/acoustic_model/inter_module/nn_mgc_lf0_vuv_bap_199/lause00881.cmp
2025-05-09 14:02:46,442     INFO  acoustic_comp: processing file  109 of  249 : /home/meelis/merlin/egs/build_your_own_voice/s1/experiments/eva_laused/acoustic_model/inter_module/nn_mgc_lf0_vuv_bap_199/lause00871.cmp
2025-05-09 14:02:46,606     INFO  acoustic_comp: processing file  108 of  249 : /home/meelis/merlin/egs/build_your_own_voice/s1/experiments/eva_laused/acoustic_model/inter_module/nn_mgc_lf0_vuv_bap_199/lause00864.cmp
2025-05-09 14:02:46,766     INFO  acoustic_comp: processing file  113 of  250 : /home/meelis/merlin/egs/build_your_own_voice/s1/experiments/eva_laused/acoustic_model/inter_module/nn_mgc_lf0_vuv_bap_199/lause00899.cmp
2025-05-09 14:02:47,075     INFO  acoustic_comp: processing file  112 of  250 : /home/meelis/merlin/egs/build_your_own_voice/s1/experiments/eva_laused/acoustic_model/inter_module/nn_mgc_lf0_vuv_bap_199/lause00892.cmp
2025-05-09 14:02:47,158     INFO  acoustic_comp: processing file  111 of  250 : /home/meelis/merlin/egs/build_your_own_voice/s1/experiments/eva_laused/acoustic_model/inter_module/nn_mgc_lf0_vuv_bap_199/lause00882.cmp
2025-05-09 14:02:47,314     INFO  acoustic_comp: processing file  111 of  250 : /home/meelis/merlin/egs/build_your_own_voice/s1/experiments/eva_laused/acoustic_model/inter_module/nn_mgc_lf0_vuv_bap_199/lause00886.cmp
2025-05-09 14:02:47,462     INFO  acoustic_comp: processing file  108 of  250 : /home/meelis/merlin/egs/build_your_own_voice/s1/experiments/eva_laused/acoustic_model/inter_module/nn_mgc_lf0_vuv_bap_199/lause00861.cmp
2025-05-09 14:02:47,611     INFO  acoustic_comp: processing file  112 of  250 : /home/meelis/merlin/egs/build_your_own_voice/s1/experiments/eva_laused/acoustic_model/inter_module/nn_mgc_lf0_vuv_bap_199/lause00889.cmp
2025-05-09 14:02:47,625     INFO  acoustic_comp: processing file  110 of  249 : /home/meelis/merlin/egs/build_your_own_voice/s1/experiments/eva_laused/acoustic_model/inter_module/nn_mgc_lf0_vuv_bap_199/lause00879.cmp
2025-05-09 14:02:48,219     INFO  acoustic_comp: processing file  114 of  250 : /home/meelis/merlin/egs/build_your_own_voice/s1/experiments/eva_laused/acoustic_model/inter_module/nn_mgc_lf0_vuv_bap_199/lause00907.cmp
2025-05-09 14:02:48,368     INFO  acoustic_comp: processing file  109 of  249 : /home/meelis/merlin/egs/build_your_own_voice/s1/experiments/eva_laused/acoustic_model/inter_module/nn_mgc_lf0_vuv_bap_199/lause00872.cmp
2025-05-09 14:02:48,482     INFO  acoustic_comp: processing file  113 of  250 : /home/meelis/merlin/egs/build_your_own_voice/s1/experiments/eva_laused/acoustic_model/inter_module/nn_mgc_lf0_vuv_bap_199/lause00900.cmp
2025-05-09 14:02:48,526     INFO  acoustic_comp: processing file  112 of  250 : /home/meelis/merlin/egs/build_your_own_voice/s1/experiments/eva_laused/acoustic_model/inter_module/nn_mgc_lf0_vuv_bap_199/lause00894.cmp
2025-05-09 14:02:48,653     INFO  acoustic_comp: processing file  112 of  250 : /home/meelis/merlin/egs/build_your_own_voice/s1/experiments/eva_laused/acoustic_model/inter_module/nn_mgc_lf0_vuv_bap_199/lause00890.cmp
2025-05-09 14:02:49,191     INFO  acoustic_comp: processing file  113 of  250 : /home/meelis/merlin/egs/build_your_own_voice/s1/experiments/eva_laused/acoustic_model/inter_module/nn_mgc_lf0_vuv_bap_199/lause00897.cmp
2025-05-09 14:02:49,311     INFO  acoustic_comp: processing file  111 of  249 : /home/meelis/merlin/egs/build_your_own_voice/s1/experiments/eva_laused/acoustic_model/inter_module/nn_mgc_lf0_vuv_bap_199/lause00887.cmp
2025-05-09 14:02:49,403     INFO  acoustic_comp: processing file  115 of  250 : /home/meelis/merlin/egs/build_your_own_voice/s1/experiments/eva_laused/acoustic_model/inter_module/nn_mgc_lf0_vuv_bap_199/lause00915.cmp
2025-05-09 14:02:49,463     INFO  acoustic_comp: processing file  109 of  250 : /home/meelis/merlin/egs/build_your_own_voice/s1/experiments/eva_laused/acoustic_model/inter_module/nn_mgc_lf0_vuv_bap_199/lause00869.cmp
2025-05-09 14:02:49,736     INFO  acoustic_comp: processing file  110 of  249 : /home/meelis/merlin/egs/build_your_own_voice/s1/experiments/eva_laused/acoustic_model/inter_module/nn_mgc_lf0_vuv_bap_199/lause00880.cmp
2025-05-09 14:02:50,240     INFO  acoustic_comp: processing file  113 of  250 : /home/meelis/merlin/egs/build_your_own_voice/s1/experiments/eva_laused/acoustic_model/inter_module/nn_mgc_lf0_vuv_bap_199/lause00898.cmp
2025-05-09 14:02:50,378     INFO  acoustic_comp: processing file  114 of  250 : /home/meelis/merlin/egs/build_your_own_voice/s1/experiments/eva_laused/acoustic_model/inter_module/nn_mgc_lf0_vuv_bap_199/lause00908.cmp
2025-05-09 14:02:50,406     INFO  acoustic_comp: processing file  114 of  250 : /home/meelis/merlin/egs/build_your_own_voice/s1/experiments/eva_laused/acoustic_model/inter_module/nn_mgc_lf0_vuv_bap_199/lause00905.cmp
2025-05-09 14:02:50,655     INFO  acoustic_comp: processing file  113 of  250 : /home/meelis/merlin/egs/build_your_own_voice/s1/experiments/eva_laused/acoustic_model/inter_module/nn_mgc_lf0_vuv_bap_199/lause00902.cmp
2025-05-09 14:02:50,808     INFO  acoustic_comp: processing file  116 of  250 : /home/meelis/merlin/egs/build_your_own_voice/s1/experiments/eva_laused/acoustic_model/inter_module/nn_mgc_lf0_vuv_bap_199/lause00923.cmp
2025-05-09 14:02:50,990     INFO  acoustic_comp: processing file  112 of  249 : /home/meelis/merlin/egs/build_your_own_voice/s1/experiments/eva_laused/acoustic_model/inter_module/nn_mgc_lf0_vuv_bap_199/lause00895.cmp
2025-05-09 14:02:51,063     INFO  acoustic_comp: processing file  111 of  249 : /home/meelis/merlin/egs/build_your_own_voice/s1/experiments/eva_laused/acoustic_model/inter_module/nn_mgc_lf0_vuv_bap_199/lause00888.cmp
2025-05-09 14:02:51,607     INFO  acoustic_comp: processing file  115 of  250 : /home/meelis/merlin/egs/build_your_own_voice/s1/experiments/eva_laused/acoustic_model/inter_module/nn_mgc_lf0_vuv_bap_199/lause00913.cmp
2025-05-09 14:02:51,628     INFO  acoustic_comp: processing file  110 of  250 : /home/meelis/merlin/egs/build_your_own_voice/s1/experiments/eva_laused/acoustic_model/inter_module/nn_mgc_lf0_vuv_bap_199/lause00877.cmp
2025-05-09 14:02:51,867     INFO  acoustic_comp: processing file  115 of  250 : /home/meelis/merlin/egs/build_your_own_voice/s1/experiments/eva_laused/acoustic_model/inter_module/nn_mgc_lf0_vuv_bap_199/lause00916.cmp
2025-05-09 14:02:51,876     INFO  acoustic_comp: processing file  114 of  250 : /home/meelis/merlin/egs/build_your_own_voice/s1/experiments/eva_laused/acoustic_model/inter_module/nn_mgc_lf0_vuv_bap_199/lause00906.cmp
2025-05-09 14:02:52,208     INFO  acoustic_comp: processing file  113 of  249 : /home/meelis/merlin/egs/build_your_own_voice/s1/experiments/eva_laused/acoustic_model/inter_module/nn_mgc_lf0_vuv_bap_199/lause00903.cmp
2025-05-09 14:02:52,283     INFO  acoustic_comp: processing file  112 of  249 : /home/meelis/merlin/egs/build_your_own_voice/s1/experiments/eva_laused/acoustic_model/inter_module/nn_mgc_lf0_vuv_bap_199/lause00896.cmp
2025-05-09 14:02:52,382     INFO  acoustic_comp: processing file  117 of  250 : /home/meelis/merlin/egs/build_your_own_voice/s1/experiments/eva_laused/acoustic_model/inter_module/nn_mgc_lf0_vuv_bap_199/lause00931.cmp
2025-05-09 14:02:52,487     INFO  acoustic_comp: processing file  114 of  250 : /home/meelis/merlin/egs/build_your_own_voice/s1/experiments/eva_laused/acoustic_model/inter_module/nn_mgc_lf0_vuv_bap_199/lause00910.cmp
2025-05-09 14:02:52,923     INFO  acoustic_comp: processing file  111 of  250 : /home/meelis/merlin/egs/build_your_own_voice/s1/experiments/eva_laused/acoustic_model/inter_module/nn_mgc_lf0_vuv_bap_199/lause00885.cmp
2025-05-09 14:02:53,128     INFO  acoustic_comp: processing file  116 of  250 : /home/meelis/merlin/egs/build_your_own_voice/s1/experiments/eva_laused/acoustic_model/inter_module/nn_mgc_lf0_vuv_bap_199/lause00924.cmp
2025-05-09 14:02:53,363     INFO  acoustic_comp: processing file  114 of  249 : /home/meelis/merlin/egs/build_your_own_voice/s1/experiments/eva_laused/acoustic_model/inter_module/nn_mgc_lf0_vuv_bap_199/lause00911.cmp
2025-05-09 14:02:53,465     INFO  acoustic_comp: processing file  116 of  250 : /home/meelis/merlin/egs/build_your_own_voice/s1/experiments/eva_laused/acoustic_model/inter_module/nn_mgc_lf0_vuv_bap_199/lause00921.cmp
2025-05-09 14:02:53,670     INFO  acoustic_comp: processing file  115 of  250 : /home/meelis/merlin/egs/build_your_own_voice/s1/experiments/eva_laused/acoustic_model/inter_module/nn_mgc_lf0_vuv_bap_199/lause00918.cmp
2025-05-09 14:02:53,781     INFO  acoustic_comp: processing file  115 of  250 : /home/meelis/merlin/egs/build_your_own_voice/s1/experiments/eva_laused/acoustic_model/inter_module/nn_mgc_lf0_vuv_bap_199/lause00914.cmp
2025-05-09 14:02:53,839     INFO  acoustic_comp: processing file  113 of  249 : /home/meelis/merlin/egs/build_your_own_voice/s1/experiments/eva_laused/acoustic_model/inter_module/nn_mgc_lf0_vuv_bap_199/lause00904.cmp
2025-05-09 14:02:53,966     INFO  acoustic_comp: processing file  118 of  250 : /home/meelis/merlin/egs/build_your_own_voice/s1/experiments/eva_laused/acoustic_model/inter_module/nn_mgc_lf0_vuv_bap_199/lause00939.cmp
2025-05-09 14:02:54,374     INFO  acoustic_comp: processing file  112 of  250 : /home/meelis/merlin/egs/build_your_own_voice/s1/experiments/eva_laused/acoustic_model/inter_module/nn_mgc_lf0_vuv_bap_199/lause00893.cmp
2025-05-09 14:02:54,530     INFO  acoustic_comp: processing file  117 of  250 : /home/meelis/merlin/egs/build_your_own_voice/s1/experiments/eva_laused/acoustic_model/inter_module/nn_mgc_lf0_vuv_bap_199/lause00932.cmp
2025-05-09 14:02:54,860     INFO  acoustic_comp: processing file  115 of  249 : /home/meelis/merlin/egs/build_your_own_voice/s1/experiments/eva_laused/acoustic_model/inter_module/nn_mgc_lf0_vuv_bap_199/lause00919.cmp
2025-05-09 14:02:54,879     INFO  acoustic_comp: processing file  116 of  250 : /home/meelis/merlin/egs/build_your_own_voice/s1/experiments/eva_laused/acoustic_model/inter_module/nn_mgc_lf0_vuv_bap_199/lause00926.cmp
2025-05-09 14:02:55,017     INFO  acoustic_comp: processing file  117 of  250 : /home/meelis/merlin/egs/build_your_own_voice/s1/experiments/eva_laused/acoustic_model/inter_module/nn_mgc_lf0_vuv_bap_199/lause00929.cmp
2025-05-09 14:02:55,182     INFO  acoustic_comp: processing file  114 of  249 : /home/meelis/merlin/egs/build_your_own_voice/s1/experiments/eva_laused/acoustic_model/inter_module/nn_mgc_lf0_vuv_bap_199/lause00912.cmp
2025-05-09 14:02:55,363     INFO  acoustic_comp: processing file  119 of  250 : /home/meelis/merlin/egs/build_your_own_voice/s1/experiments/eva_laused/acoustic_model/inter_module/nn_mgc_lf0_vuv_bap_199/lause00947.cmp
2025-05-09 14:02:55,559     INFO  acoustic_comp: processing file  116 of  250 : /home/meelis/merlin/egs/build_your_own_voice/s1/experiments/eva_laused/acoustic_model/inter_module/nn_mgc_lf0_vuv_bap_199/lause00922.cmp
2025-05-09 14:02:56,306     INFO  acoustic_comp: processing file  118 of  250 : /home/meelis/merlin/egs/build_your_own_voice/s1/experiments/eva_laused/acoustic_model/inter_module/nn_mgc_lf0_vuv_bap_199/lause00940.cmp
2025-05-09 14:02:56,309     INFO  acoustic_comp: processing file  116 of  249 : /home/meelis/merlin/egs/build_your_own_voice/s1/experiments/eva_laused/acoustic_model/inter_module/nn_mgc_lf0_vuv_bap_199/lause00927.cmp
2025-05-09 14:02:56,681     INFO  acoustic_comp: processing file  117 of  250 : /home/meelis/merlin/egs/build_your_own_voice/s1/experiments/eva_laused/acoustic_model/inter_module/nn_mgc_lf0_vuv_bap_199/lause00930.cmp
2025-05-09 14:02:56,706     INFO  acoustic_comp: processing file  113 of  250 : /home/meelis/merlin/egs/build_your_own_voice/s1/experiments/eva_laused/acoustic_model/inter_module/nn_mgc_lf0_vuv_bap_199/lause00901.cmp
2025-05-09 14:02:56,767     INFO  acoustic_comp: processing file  117 of  250 : /home/meelis/merlin/egs/build_your_own_voice/s1/experiments/eva_laused/acoustic_model/inter_module/nn_mgc_lf0_vuv_bap_199/lause00934.cmp
2025-05-09 14:02:56,865     INFO  acoustic_comp: processing file  120 of  250 : /home/meelis/merlin/egs/build_your_own_voice/s1/experiments/eva_laused/acoustic_model/inter_module/nn_mgc_lf0_vuv_bap_199/lause00955.cmp
2025-05-09 14:02:57,036     INFO  acoustic_comp: processing file  115 of  249 : /home/meelis/merlin/egs/build_your_own_voice/s1/experiments/eva_laused/acoustic_model/inter_module/nn_mgc_lf0_vuv_bap_199/lause00920.cmp
2025-05-09 14:02:57,279     INFO  acoustic_comp: processing file  118 of  250 : /home/meelis/merlin/egs/build_your_own_voice/s1/experiments/eva_laused/acoustic_model/inter_module/nn_mgc_lf0_vuv_bap_199/lause00937.cmp
2025-05-09 14:02:57,867     INFO  acoustic_comp: processing file  119 of  250 : /home/meelis/merlin/egs/build_your_own_voice/s1/experiments/eva_laused/acoustic_model/inter_module/nn_mgc_lf0_vuv_bap_199/lause00948.cmp
2025-05-09 14:02:57,867     INFO  acoustic_comp: processing file  117 of  249 : /home/meelis/merlin/egs/build_your_own_voice/s1/experiments/eva_laused/acoustic_model/inter_module/nn_mgc_lf0_vuv_bap_199/lause00935.cmp
2025-05-09 14:02:58,186     INFO  acoustic_comp: processing file  114 of  250 : /home/meelis/merlin/egs/build_your_own_voice/s1/experiments/eva_laused/acoustic_model/inter_module/nn_mgc_lf0_vuv_bap_199/lause00909.cmp
2025-05-09 14:02:58,195     INFO  acoustic_comp: processing file  118 of  250 : /home/meelis/merlin/egs/build_your_own_voice/s1/experiments/eva_laused/acoustic_model/inter_module/nn_mgc_lf0_vuv_bap_199/lause00938.cmp
2025-05-09 14:02:58,267     INFO  acoustic_comp: processing file  118 of  250 : /home/meelis/merlin/egs/build_your_own_voice/s1/experiments/eva_laused/acoustic_model/inter_module/nn_mgc_lf0_vuv_bap_199/lause00942.cmp
2025-05-09 14:02:58,524     INFO  acoustic_comp: processing file  121 of  250 : /home/meelis/merlin/egs/build_your_own_voice/s1/experiments/eva_laused/acoustic_model/inter_module/nn_mgc_lf0_vuv_bap_199/lause00963.cmp
2025-05-09 14:02:58,837     INFO  acoustic_comp: processing file  116 of  249 : /home/meelis/merlin/egs/build_your_own_voice/s1/experiments/eva_laused/acoustic_model/inter_module/nn_mgc_lf0_vuv_bap_199/lause00928.cmp
2025-05-09 14:02:59,010     INFO  acoustic_comp: processing file  119 of  250 : /home/meelis/merlin/egs/build_your_own_voice/s1/experiments/eva_laused/acoustic_model/inter_module/nn_mgc_lf0_vuv_bap_199/lause00945.cmp
2025-05-09 14:02:59,638     INFO  acoustic_comp: processing file  118 of  249 : /home/meelis/merlin/egs/build_your_own_voice/s1/experiments/eva_laused/acoustic_model/inter_module/nn_mgc_lf0_vuv_bap_199/lause00943.cmp
2025-05-09 14:02:59,771     INFO  acoustic_comp: processing file  120 of  250 : /home/meelis/merlin/egs/build_your_own_voice/s1/experiments/eva_laused/acoustic_model/inter_module/nn_mgc_lf0_vuv_bap_199/lause00956.cmp
2025-05-09 14:02:59,830     INFO  acoustic_comp: processing file  119 of  250 : /home/meelis/merlin/egs/build_your_own_voice/s1/experiments/eva_laused/acoustic_model/inter_module/nn_mgc_lf0_vuv_bap_199/lause00950.cmp
2025-05-09 14:02:59,981     INFO  acoustic_comp: processing file  122 of  250 : /home/meelis/merlin/egs/build_your_own_voice/s1/experiments/eva_laused/acoustic_model/inter_module/nn_mgc_lf0_vuv_bap_199/lause00971.cmp
2025-05-09 14:03:00,329     INFO  acoustic_comp: processing file  115 of  250 : /home/meelis/merlin/egs/build_your_own_voice/s1/experiments/eva_laused/acoustic_model/inter_module/nn_mgc_lf0_vuv_bap_199/lause00917.cmp
2025-05-09 14:03:00,471     INFO  acoustic_comp: processing file  117 of  249 : /home/meelis/merlin/egs/build_your_own_voice/s1/experiments/eva_laused/acoustic_model/inter_module/nn_mgc_lf0_vuv_bap_199/lause00936.cmp
2025-05-09 14:03:00,733     INFO  acoustic_comp: processing file  119 of  250 : /home/meelis/merlin/egs/build_your_own_voice/s1/experiments/eva_laused/acoustic_model/inter_module/nn_mgc_lf0_vuv_bap_199/lause00946.cmp
2025-05-09 14:03:01,343     INFO  acoustic_comp: processing file  120 of  250 : /home/meelis/merlin/egs/build_your_own_voice/s1/experiments/eva_laused/acoustic_model/inter_module/nn_mgc_lf0_vuv_bap_199/lause00953.cmp
2025-05-09 14:03:01,358     INFO  acoustic_comp: processing file  119 of  249 : /home/meelis/merlin/egs/build_your_own_voice/s1/experiments/eva_laused/acoustic_model/inter_module/nn_mgc_lf0_vuv_bap_199/lause00951.cmp
2025-05-09 14:03:01,526     INFO  acoustic_comp: processing file  121 of  250 : /home/meelis/merlin/egs/build_your_own_voice/s1/experiments/eva_laused/acoustic_model/inter_module/nn_mgc_lf0_vuv_bap_199/lause00964.cmp
2025-05-09 14:03:02,007     INFO  acoustic_comp: processing file  120 of  250 : /home/meelis/merlin/egs/build_your_own_voice/s1/experiments/eva_laused/acoustic_model/inter_module/nn_mgc_lf0_vuv_bap_199/lause00958.cmp
2025-05-09 14:03:02,106     INFO  acoustic_comp: processing file  123 of  250 : /home/meelis/merlin/egs/build_your_own_voice/s1/experiments/eva_laused/acoustic_model/inter_module/nn_mgc_lf0_vuv_bap_199/lause00979.cmp
2025-05-09 14:03:02,141     INFO  acoustic_comp: processing file  116 of  250 : /home/meelis/merlin/egs/build_your_own_voice/s1/experiments/eva_laused/acoustic_model/inter_module/nn_mgc_lf0_vuv_bap_199/lause00925.cmp
2025-05-09 14:03:02,188     INFO  acoustic_comp: processing file  118 of  249 : /home/meelis/merlin/egs/build_your_own_voice/s1/experiments/eva_laused/acoustic_model/inter_module/nn_mgc_lf0_vuv_bap_199/lause00944.cmp
2025-05-09 14:03:02,403     INFO  acoustic_comp: processing file  120 of  250 : /home/meelis/merlin/egs/build_your_own_voice/s1/experiments/eva_laused/acoustic_model/inter_module/nn_mgc_lf0_vuv_bap_199/lause00954.cmp
2025-05-09 14:03:02,908     INFO  acoustic_comp: processing file  120 of  249 : /home/meelis/merlin/egs/build_your_own_voice/s1/experiments/eva_laused/acoustic_model/inter_module/nn_mgc_lf0_vuv_bap_199/lause00959.cmp
2025-05-09 14:03:03,096     INFO  acoustic_comp: processing file  121 of  250 : /home/meelis/merlin/egs/build_your_own_voice/s1/experiments/eva_laused/acoustic_model/inter_module/nn_mgc_lf0_vuv_bap_199/lause00961.cmp
2025-05-09 14:03:03,163     INFO  acoustic_comp: processing file  122 of  250 : /home/meelis/merlin/egs/build_your_own_voice/s1/experiments/eva_laused/acoustic_model/inter_module/nn_mgc_lf0_vuv_bap_199/lause00972.cmp
2025-05-09 14:03:03,356     INFO  acoustic_comp: processing file  121 of  250 : /home/meelis/merlin/egs/build_your_own_voice/s1/experiments/eva_laused/acoustic_model/inter_module/nn_mgc_lf0_vuv_bap_199/lause00966.cmp
2025-05-09 14:03:03,503     INFO  acoustic_comp: processing file  117 of  250 : /home/meelis/merlin/egs/build_your_own_voice/s1/experiments/eva_laused/acoustic_model/inter_module/nn_mgc_lf0_vuv_bap_199/lause00933.cmp
2025-05-09 14:03:03,675     INFO  acoustic_comp: processing file  119 of  249 : /home/meelis/merlin/egs/build_your_own_voice/s1/experiments/eva_laused/acoustic_model/inter_module/nn_mgc_lf0_vuv_bap_199/lause00952.cmp
2025-05-09 14:03:03,830     INFO  acoustic_comp: processing file  124 of  250 : /home/meelis/merlin/egs/build_your_own_voice/s1/experiments/eva_laused/acoustic_model/inter_module/nn_mgc_lf0_vuv_bap_199/lause00987.cmp
2025-05-09 14:03:03,928     INFO  acoustic_comp: processing file  121 of  250 : /home/meelis/merlin/egs/build_your_own_voice/s1/experiments/eva_laused/acoustic_model/inter_module/nn_mgc_lf0_vuv_bap_199/lause00962.cmp
2025-05-09 14:03:04,766     INFO  acoustic_comp: processing file  122 of  250 : /home/meelis/merlin/egs/build_your_own_voice/s1/experiments/eva_laused/acoustic_model/inter_module/nn_mgc_lf0_vuv_bap_199/lause00969.cmp
2025-05-09 14:03:05,213     INFO  acoustic_comp: processing file  121 of  249 : /home/meelis/merlin/egs/build_your_own_voice/s1/experiments/eva_laused/acoustic_model/inter_module/nn_mgc_lf0_vuv_bap_199/lause00967.cmp
2025-05-09 14:03:05,434     INFO  acoustic_comp: processing file  118 of  250 : /home/meelis/merlin/egs/build_your_own_voice/s1/experiments/eva_laused/acoustic_model/inter_module/nn_mgc_lf0_vuv_bap_199/lause00941.cmp
2025-05-09 14:03:05,487     INFO  acoustic_comp: processing file  122 of  250 : /home/meelis/merlin/egs/build_your_own_voice/s1/experiments/eva_laused/acoustic_model/inter_module/nn_mgc_lf0_vuv_bap_199/lause00970.cmp
2025-05-09 14:03:05,488     INFO  acoustic_comp: processing file  123 of  250 : /home/meelis/merlin/egs/build_your_own_voice/s1/experiments/eva_laused/acoustic_model/inter_module/nn_mgc_lf0_vuv_bap_199/lause00980.cmp
2025-05-09 14:03:05,491     INFO  acoustic_comp: processing file  122 of  250 : /home/meelis/merlin/egs/build_your_own_voice/s1/experiments/eva_laused/acoustic_model/inter_module/nn_mgc_lf0_vuv_bap_199/lause00974.cmp
2025-05-09 14:03:05,547     INFO  acoustic_comp: processing file  120 of  249 : /home/meelis/merlin/egs/build_your_own_voice/s1/experiments/eva_laused/acoustic_model/inter_module/nn_mgc_lf0_vuv_bap_199/lause00960.cmp
2025-05-09 14:03:05,852     INFO  acoustic_comp: processing file  125 of  250 : /home/meelis/merlin/egs/build_your_own_voice/s1/experiments/eva_laused/acoustic_model/inter_module/nn_mgc_lf0_vuv_bap_199/lause00995.cmp
2025-05-09 14:03:06,240     INFO  acoustic_comp: processing file  123 of  250 : /home/meelis/merlin/egs/build_your_own_voice/s1/experiments/eva_laused/acoustic_model/inter_module/nn_mgc_lf0_vuv_bap_199/lause00977.cmp
2025-05-09 14:03:06,933     INFO  acoustic_comp: processing file  123 of  250 : /home/meelis/merlin/egs/build_your_own_voice/s1/experiments/eva_laused/acoustic_model/inter_module/nn_mgc_lf0_vuv_bap_199/lause00978.cmp
2025-05-09 14:03:06,997     INFO  acoustic_comp: processing file  121 of  249 : /home/meelis/merlin/egs/build_your_own_voice/s1/experiments/eva_laused/acoustic_model/inter_module/nn_mgc_lf0_vuv_bap_199/lause00968.cmp
2025-05-09 14:03:07,278     INFO  acoustic_comp: processing file  126 of  250 : /home/meelis/merlin/egs/build_your_own_voice/s1/experiments/eva_laused/acoustic_model/inter_module/nn_mgc_lf0_vuv_bap_199/lause01003.cmp
2025-05-09 14:03:07,290     INFO  acoustic_comp: processing file  119 of  250 : /home/meelis/merlin/egs/build_your_own_voice/s1/experiments/eva_laused/acoustic_model/inter_module/nn_mgc_lf0_vuv_bap_199/lause00949.cmp
2025-05-09 14:03:07,387     INFO  acoustic_comp: processing file  122 of  249 : /home/meelis/merlin/egs/build_your_own_voice/s1/experiments/eva_laused/acoustic_model/inter_module/nn_mgc_lf0_vuv_bap_199/lause00975.cmp
2025-05-09 14:03:07,551     INFO  acoustic_comp: processing file  124 of  250 : /home/meelis/merlin/egs/build_your_own_voice/s1/experiments/eva_laused/acoustic_model/inter_module/nn_mgc_lf0_vuv_bap_199/lause00988.cmp
2025-05-09 14:03:07,876     INFO  acoustic_comp: processing file  123 of  250 : /home/meelis/merlin/egs/build_your_own_voice/s1/experiments/eva_laused/acoustic_model/inter_module/nn_mgc_lf0_vuv_bap_199/lause00982.cmp
2025-05-09 14:03:08,365     INFO  acoustic_comp: processing file  127 of  250 : /home/meelis/merlin/egs/build_your_own_voice/s1/experiments/eva_laused/acoustic_model/inter_module/nn_mgc_lf0_vuv_bap_199/lause01011.cmp
2025-05-09 14:03:08,393     INFO  acoustic_comp: processing file  124 of  250 : /home/meelis/merlin/egs/build_your_own_voice/s1/experiments/eva_laused/acoustic_model/inter_module/nn_mgc_lf0_vuv_bap_199/lause00985.cmp
2025-05-09 14:03:08,628     INFO  acoustic_comp: processing file  122 of  249 : /home/meelis/merlin/egs/build_your_own_voice/s1/experiments/eva_laused/acoustic_model/inter_module/nn_mgc_lf0_vuv_bap_199/lause00976.cmp
2025-05-09 14:03:09,040     INFO  acoustic_comp: processing file  124 of  250 : /home/meelis/merlin/egs/build_your_own_voice/s1/experiments/eva_laused/acoustic_model/inter_module/nn_mgc_lf0_vuv_bap_199/lause00986.cmp
2025-05-09 14:03:09,207     INFO  acoustic_comp: processing file  120 of  250 : /home/meelis/merlin/egs/build_your_own_voice/s1/experiments/eva_laused/acoustic_model/inter_module/nn_mgc_lf0_vuv_bap_199/lause00957.cmp
2025-05-09 14:03:09,535     INFO  acoustic_comp: processing file  125 of  250 : /home/meelis/merlin/egs/build_your_own_voice/s1/experiments/eva_laused/acoustic_model/inter_module/nn_mgc_lf0_vuv_bap_199/lause00993.cmp
2025-05-09 14:03:09,890     INFO  acoustic_comp: processing file  124 of  250 : /home/meelis/merlin/egs/build_your_own_voice/s1/experiments/eva_laused/acoustic_model/inter_module/nn_mgc_lf0_vuv_bap_199/lause00990.cmp
2025-05-09 14:03:09,922     INFO  acoustic_comp: processing file  123 of  249 : /home/meelis/merlin/egs/build_your_own_voice/s1/experiments/eva_laused/acoustic_model/inter_module/nn_mgc_lf0_vuv_bap_199/lause00983.cmp
2025-05-09 14:03:09,965     INFO  acoustic_comp: processing file  125 of  250 : /home/meelis/merlin/egs/build_your_own_voice/s1/experiments/eva_laused/acoustic_model/inter_module/nn_mgc_lf0_vuv_bap_199/lause00996.cmp
2025-05-09 14:03:10,237     INFO  acoustic_comp: processing file  125 of  250 : /home/meelis/merlin/egs/build_your_own_voice/s1/experiments/eva_laused/acoustic_model/inter_module/nn_mgc_lf0_vuv_bap_199/lause00994.cmp
2025-05-09 14:03:10,328     INFO  acoustic_comp: processing file  123 of  249 : /home/meelis/merlin/egs/build_your_own_voice/s1/experiments/eva_laused/acoustic_model/inter_module/nn_mgc_lf0_vuv_bap_199/lause00984.cmp
2025-05-09 14:03:10,655     INFO  acoustic_comp: processing file  121 of  250 : /home/meelis/merlin/egs/build_your_own_voice/s1/experiments/eva_laused/acoustic_model/inter_module/nn_mgc_lf0_vuv_bap_199/lause00965.cmp
2025-05-09 14:03:10,754     INFO  acoustic_comp: processing file  128 of  250 : /home/meelis/merlin/egs/build_your_own_voice/s1/experiments/eva_laused/acoustic_model/inter_module/nn_mgc_lf0_vuv_bap_199/lause01019.cmp
2025-05-09 14:03:11,380     INFO  acoustic_comp: processing file  126 of  250 : /home/meelis/merlin/egs/build_your_own_voice/s1/experiments/eva_laused/acoustic_model/inter_module/nn_mgc_lf0_vuv_bap_199/lause01001.cmp
2025-05-09 14:03:11,669     INFO  acoustic_comp: processing file  124 of  249 : /home/meelis/merlin/egs/build_your_own_voice/s1/experiments/eva_laused/acoustic_model/inter_module/nn_mgc_lf0_vuv_bap_199/lause00991.cmp
2025-05-09 14:03:11,768     INFO  acoustic_comp: processing file  126 of  250 : /home/meelis/merlin/egs/build_your_own_voice/s1/experiments/eva_laused/acoustic_model/inter_module/nn_mgc_lf0_vuv_bap_199/lause01002.cmp
2025-05-09 14:03:11,831     INFO  acoustic_comp: processing file  126 of  250 : /home/meelis/merlin/egs/build_your_own_voice/s1/experiments/eva_laused/acoustic_model/inter_module/nn_mgc_lf0_vuv_bap_199/lause01004.cmp
2025-05-09 14:03:11,946     INFO  acoustic_comp: processing file  125 of  250 : /home/meelis/merlin/egs/build_your_own_voice/s1/experiments/eva_laused/acoustic_model/inter_module/nn_mgc_lf0_vuv_bap_199/lause00998.cmp
2025-05-09 14:03:12,132     INFO  acoustic_comp: processing file  124 of  249 : /home/meelis/merlin/egs/build_your_own_voice/s1/experiments/eva_laused/acoustic_model/inter_module/nn_mgc_lf0_vuv_bap_199/lause00992.cmp
2025-05-09 14:03:12,649     INFO  acoustic_comp: processing file  122 of  250 : /home/meelis/merlin/egs/build_your_own_voice/s1/experiments/eva_laused/acoustic_model/inter_module/nn_mgc_lf0_vuv_bap_199/lause00973.cmp
2025-05-09 14:03:12,687     INFO  acoustic_comp: processing file  126 of  250 : /home/meelis/merlin/egs/build_your_own_voice/s1/experiments/eva_laused/acoustic_model/inter_module/nn_mgc_lf0_vuv_bap_199/lause01006.cmp
2025-05-09 14:03:12,902     INFO  acoustic_comp: processing file  127 of  250 : /home/meelis/merlin/egs/build_your_own_voice/s1/experiments/eva_laused/acoustic_model/inter_module/nn_mgc_lf0_vuv_bap_199/lause01009.cmp
2025-05-09 14:03:13,220     INFO  acoustic_comp: processing file  129 of  250 : /home/meelis/merlin/egs/build_your_own_voice/s1/experiments/eva_laused/acoustic_model/inter_module/nn_mgc_lf0_vuv_bap_199/lause01027.cmp
2025-05-09 14:03:13,431     INFO  acoustic_comp: processing file  127 of  250 : /home/meelis/merlin/egs/build_your_own_voice/s1/experiments/eva_laused/acoustic_model/inter_module/nn_mgc_lf0_vuv_bap_199/lause01010.cmp
2025-05-09 14:03:13,452     INFO  acoustic_comp: processing file  125 of  249 : /home/meelis/merlin/egs/build_your_own_voice/s1/experiments/eva_laused/acoustic_model/inter_module/nn_mgc_lf0_vuv_bap_199/lause00999.cmp
2025-05-09 14:03:13,579     INFO  acoustic_comp: processing file  125 of  249 : /home/meelis/merlin/egs/build_your_own_voice/s1/experiments/eva_laused/acoustic_model/inter_module/nn_mgc_lf0_vuv_bap_199/lause01000.cmp
2025-05-09 14:03:14,297     INFO  acoustic_comp: processing file  127 of  250 : /home/meelis/merlin/egs/build_your_own_voice/s1/experiments/eva_laused/acoustic_model/inter_module/nn_mgc_lf0_vuv_bap_199/lause01012.cmp
2025-05-09 14:03:14,800     INFO  acoustic_comp: processing file  127 of  250 : /home/meelis/merlin/egs/build_your_own_voice/s1/experiments/eva_laused/acoustic_model/inter_module/nn_mgc_lf0_vuv_bap_199/lause01014.cmp
2025-05-09 14:03:14,847     INFO  acoustic_comp: processing file  123 of  250 : /home/meelis/merlin/egs/build_your_own_voice/s1/experiments/eva_laused/acoustic_model/inter_module/nn_mgc_lf0_vuv_bap_199/lause00981.cmp
2025-05-09 14:03:14,968     INFO  acoustic_comp: processing file  128 of  250 : /home/meelis/merlin/egs/build_your_own_voice/s1/experiments/eva_laused/acoustic_model/inter_module/nn_mgc_lf0_vuv_bap_199/lause01017.cmp
2025-05-09 14:03:15,004     INFO  acoustic_comp: processing file  126 of  249 : /home/meelis/merlin/egs/build_your_own_voice/s1/experiments/eva_laused/acoustic_model/inter_module/nn_mgc_lf0_vuv_bap_199/lause01008.cmp
2025-05-09 14:03:15,113     INFO  acoustic_comp: processing file  128 of  250 : /home/meelis/merlin/egs/build_your_own_voice/s1/experiments/eva_laused/acoustic_model/inter_module/nn_mgc_lf0_vuv_bap_199/lause01018.cmp
2025-05-09 14:03:15,645     INFO  acoustic_comp: processing file  126 of  249 : /home/meelis/merlin/egs/build_your_own_voice/s1/experiments/eva_laused/acoustic_model/inter_module/nn_mgc_lf0_vuv_bap_199/lause01007.cmp
2025-05-09 14:03:15,656     INFO  acoustic_comp: processing file  128 of  250 : /home/meelis/merlin/egs/build_your_own_voice/s1/experiments/eva_laused/acoustic_model/inter_module/nn_mgc_lf0_vuv_bap_199/lause01020.cmp
2025-05-09 14:03:15,711     INFO  acoustic_comp: processing file  130 of  250 : /home/meelis/merlin/egs/build_your_own_voice/s1/experiments/eva_laused/acoustic_model/inter_module/nn_mgc_lf0_vuv_bap_199/lause01035.cmp
2025-05-09 14:03:16,171     INFO  acoustic_comp: processing file  128 of  250 : /home/meelis/merlin/egs/build_your_own_voice/s1/experiments/eva_laused/acoustic_model/inter_module/nn_mgc_lf0_vuv_bap_199/lause01022.cmp
2025-05-09 14:03:16,436     INFO  acoustic_comp: processing file  129 of  250 : /home/meelis/merlin/egs/build_your_own_voice/s1/experiments/eva_laused/acoustic_model/inter_module/nn_mgc_lf0_vuv_bap_199/lause01026.cmp
2025-05-09 14:03:16,665     INFO  acoustic_comp: processing file  124 of  250 : /home/meelis/merlin/egs/build_your_own_voice/s1/experiments/eva_laused/acoustic_model/inter_module/nn_mgc_lf0_vuv_bap_199/lause00989.cmp
2025-05-09 14:03:16,729     INFO  acoustic_comp: processing file  129 of  250 : /home/meelis/merlin/egs/build_your_own_voice/s1/experiments/eva_laused/acoustic_model/inter_module/nn_mgc_lf0_vuv_bap_199/lause01025.cmp
2025-05-09 14:03:17,070     INFO  acoustic_comp: processing file  131 of  250 : /home/meelis/merlin/egs/build_your_own_voice/s1/experiments/eva_laused/acoustic_model/inter_module/nn_mgc_lf0_vuv_bap_199/lause01045.cmp
2025-05-09 14:03:17,157     INFO  acoustic_comp: processing file  127 of  249 : /home/meelis/merlin/egs/build_your_own_voice/s1/experiments/eva_laused/acoustic_model/inter_module/nn_mgc_lf0_vuv_bap_199/lause01016.cmp
2025-05-09 14:03:17,336     INFO  acoustic_comp: processing file  127 of  249 : /home/meelis/merlin/egs/build_your_own_voice/s1/experiments/eva_laused/acoustic_model/inter_module/nn_mgc_lf0_vuv_bap_199/lause01015.cmp
2025-05-09 14:03:17,712     INFO  acoustic_comp: processing file  129 of  250 : /home/meelis/merlin/egs/build_your_own_voice/s1/experiments/eva_laused/acoustic_model/inter_module/nn_mgc_lf0_vuv_bap_199/lause01028.cmp
2025-05-09 14:03:18,092     INFO  acoustic_comp: processing file  129 of  250 : /home/meelis/merlin/egs/build_your_own_voice/s1/experiments/eva_laused/acoustic_model/inter_module/nn_mgc_lf0_vuv_bap_199/lause01030.cmp
2025-05-09 14:03:18,441     INFO  acoustic_comp: processing file  128 of  249 : /home/meelis/merlin/egs/build_your_own_voice/s1/experiments/eva_laused/acoustic_model/inter_module/nn_mgc_lf0_vuv_bap_199/lause01023.cmp
2025-05-09 14:03:18,487     INFO  acoustic_comp: processing file  128 of  249 : /home/meelis/merlin/egs/build_your_own_voice/s1/experiments/eva_laused/acoustic_model/inter_module/nn_mgc_lf0_vuv_bap_199/lause01024.cmp
2025-05-09 14:03:18,578     INFO  acoustic_comp: processing file  130 of  250 : /home/meelis/merlin/egs/build_your_own_voice/s1/experiments/eva_laused/acoustic_model/inter_module/nn_mgc_lf0_vuv_bap_199/lause01033.cmp
2025-05-09 14:03:18,755     INFO  acoustic_comp: processing file  125 of  250 : /home/meelis/merlin/egs/build_your_own_voice/s1/experiments/eva_laused/acoustic_model/inter_module/nn_mgc_lf0_vuv_bap_199/lause00997.cmp
2025-05-09 14:03:18,820     INFO  acoustic_comp: processing file  130 of  250 : /home/meelis/merlin/egs/build_your_own_voice/s1/experiments/eva_laused/acoustic_model/inter_module/nn_mgc_lf0_vuv_bap_199/lause01036.cmp
2025-05-09 14:03:18,962     INFO  acoustic_comp: processing file  132 of  250 : /home/meelis/merlin/egs/build_your_own_voice/s1/experiments/eva_laused/acoustic_model/inter_module/nn_mgc_lf0_vuv_bap_199/lause01053.cmp
2025-05-09 14:03:19,255     INFO  acoustic_comp: processing file  130 of  250 : /home/meelis/merlin/egs/build_your_own_voice/s1/experiments/eva_laused/acoustic_model/inter_module/nn_mgc_lf0_vuv_bap_199/lause01034.cmp
2025-05-09 14:03:19,961     INFO  acoustic_comp: processing file  130 of  250 : /home/meelis/merlin/egs/build_your_own_voice/s1/experiments/eva_laused/acoustic_model/inter_module/nn_mgc_lf0_vuv_bap_199/lause01038.cmp
2025-05-09 14:03:20,109     INFO  acoustic_comp: processing file  133 of  250 : /home/meelis/merlin/egs/build_your_own_voice/s1/experiments/eva_laused/acoustic_model/inter_module/nn_mgc_lf0_vuv_bap_199/lause01061.cmp
2025-05-09 14:03:20,153     INFO  acoustic_comp: processing file  129 of  249 : /home/meelis/merlin/egs/build_your_own_voice/s1/experiments/eva_laused/acoustic_model/inter_module/nn_mgc_lf0_vuv_bap_199/lause01032.cmp
2025-05-09 14:03:20,154     INFO  acoustic_comp: processing file  131 of  250 : /home/meelis/merlin/egs/build_your_own_voice/s1/experiments/eva_laused/acoustic_model/inter_module/nn_mgc_lf0_vuv_bap_199/lause01041.cmp
2025-05-09 14:03:20,325     INFO  acoustic_comp: processing file  131 of  250 : /home/meelis/merlin/egs/build_your_own_voice/s1/experiments/eva_laused/acoustic_model/inter_module/nn_mgc_lf0_vuv_bap_199/lause01046.cmp
2025-05-09 14:03:20,596     INFO  acoustic_comp: processing file  129 of  249 : /home/meelis/merlin/egs/build_your_own_voice/s1/experiments/eva_laused/acoustic_model/inter_module/nn_mgc_lf0_vuv_bap_199/lause01031.cmp
2025-05-09 14:03:20,708     INFO  acoustic_comp: processing file  126 of  250 : /home/meelis/merlin/egs/build_your_own_voice/s1/experiments/eva_laused/acoustic_model/inter_module/nn_mgc_lf0_vuv_bap_199/lause01005.cmp
2025-05-09 14:03:20,989     INFO  acoustic_comp: processing file  131 of  250 : /home/meelis/merlin/egs/build_your_own_voice/s1/experiments/eva_laused/acoustic_model/inter_module/nn_mgc_lf0_vuv_bap_199/lause01042.cmp
2025-05-09 14:03:21,854     INFO  acoustic_comp: processing file  131 of  250 : /home/meelis/merlin/egs/build_your_own_voice/s1/experiments/eva_laused/acoustic_model/inter_module/nn_mgc_lf0_vuv_bap_199/lause01048.cmp
2025-05-09 14:03:22,101     INFO  acoustic_comp: processing file  130 of  249 : /home/meelis/merlin/egs/build_your_own_voice/s1/experiments/eva_laused/acoustic_model/inter_module/nn_mgc_lf0_vuv_bap_199/lause01040.cmp
2025-05-09 14:03:22,323     INFO  acoustic_comp: processing file  127 of  250 : /home/meelis/merlin/egs/build_your_own_voice/s1/experiments/eva_laused/acoustic_model/inter_module/nn_mgc_lf0_vuv_bap_199/lause01013.cmp
2025-05-09 14:03:22,346     INFO  acoustic_comp: processing file  134 of  250 : /home/meelis/merlin/egs/build_your_own_voice/s1/experiments/eva_laused/acoustic_model/inter_module/nn_mgc_lf0_vuv_bap_199/lause01069.cmp
2025-05-09 14:03:22,501     INFO  acoustic_comp: processing file  130 of  249 : /home/meelis/merlin/egs/build_your_own_voice/s1/experiments/eva_laused/acoustic_model/inter_module/nn_mgc_lf0_vuv_bap_199/lause01039.cmp
2025-05-09 14:03:22,572     INFO  acoustic_comp: processing file  132 of  250 : /home/meelis/merlin/egs/build_your_own_voice/s1/experiments/eva_laused/acoustic_model/inter_module/nn_mgc_lf0_vuv_bap_199/lause01052.cmp
2025-05-09 14:03:22,738     INFO  acoustic_comp: processing file  132 of  250 : /home/meelis/merlin/egs/build_your_own_voice/s1/experiments/eva_laused/acoustic_model/inter_module/nn_mgc_lf0_vuv_bap_199/lause01051.cmp
2025-05-09 14:03:23,375     INFO  acoustic_comp: processing file  132 of  250 : /home/meelis/merlin/egs/build_your_own_voice/s1/experiments/eva_laused/acoustic_model/inter_module/nn_mgc_lf0_vuv_bap_199/lause01054.cmp
2025-05-09 14:03:23,381     INFO  acoustic_comp: processing file  131 of  249 : /home/meelis/merlin/egs/build_your_own_voice/s1/experiments/eva_laused/acoustic_model/inter_module/nn_mgc_lf0_vuv_bap_199/lause01049.cmp
2025-05-09 14:03:23,401     INFO  acoustic_comp: processing file  128 of  250 : /home/meelis/merlin/egs/build_your_own_voice/s1/experiments/eva_laused/acoustic_model/inter_module/nn_mgc_lf0_vuv_bap_199/lause01021.cmp
2025-05-09 14:03:23,691     INFO  acoustic_comp: processing file  131 of  249 : /home/meelis/merlin/egs/build_your_own_voice/s1/experiments/eva_laused/acoustic_model/inter_module/nn_mgc_lf0_vuv_bap_199/lause01050.cmp
2025-05-09 14:03:23,909     INFO  acoustic_comp: processing file  135 of  250 : /home/meelis/merlin/egs/build_your_own_voice/s1/experiments/eva_laused/acoustic_model/inter_module/nn_mgc_lf0_vuv_bap_199/lause01077.cmp
2025-05-09 14:03:23,914     INFO  acoustic_comp: processing file  132 of  250 : /home/meelis/merlin/egs/build_your_own_voice/s1/experiments/eva_laused/acoustic_model/inter_module/nn_mgc_lf0_vuv_bap_199/lause01056.cmp
2025-05-09 14:03:24,186     INFO  acoustic_comp: processing file  133 of  250 : /home/meelis/merlin/egs/build_your_own_voice/s1/experiments/eva_laused/acoustic_model/inter_module/nn_mgc_lf0_vuv_bap_199/lause01059.cmp
2025-05-09 14:03:24,997     INFO  acoustic_comp: processing file  129 of  250 : /home/meelis/merlin/egs/build_your_own_voice/s1/experiments/eva_laused/acoustic_model/inter_module/nn_mgc_lf0_vuv_bap_199/lause01029.cmp
2025-05-09 14:03:25,011     INFO  acoustic_comp: processing file  133 of  250 : /home/meelis/merlin/egs/build_your_own_voice/s1/experiments/eva_laused/acoustic_model/inter_module/nn_mgc_lf0_vuv_bap_199/lause01060.cmp
2025-05-09 14:03:25,205     INFO  acoustic_comp: processing file  133 of  250 : /home/meelis/merlin/egs/build_your_own_voice/s1/experiments/eva_laused/acoustic_model/inter_module/nn_mgc_lf0_vuv_bap_199/lause01062.cmp
2025-05-09 14:03:25,761     INFO  acoustic_comp: processing file  132 of  249 : /home/meelis/merlin/egs/build_your_own_voice/s1/experiments/eva_laused/acoustic_model/inter_module/nn_mgc_lf0_vuv_bap_199/lause01058.cmp
2025-05-09 14:03:25,893     INFO  acoustic_comp: processing file  134 of  250 : /home/meelis/merlin/egs/build_your_own_voice/s1/experiments/eva_laused/acoustic_model/inter_module/nn_mgc_lf0_vuv_bap_199/lause01067.cmp
2025-05-09 14:03:25,907     INFO  acoustic_comp: processing file  132 of  249 : /home/meelis/merlin/egs/build_your_own_voice/s1/experiments/eva_laused/acoustic_model/inter_module/nn_mgc_lf0_vuv_bap_199/lause01057.cmp
2025-05-09 14:03:25,984     INFO  acoustic_comp: processing file  133 of  250 : /home/meelis/merlin/egs/build_your_own_voice/s1/experiments/eva_laused/acoustic_model/inter_module/nn_mgc_lf0_vuv_bap_199/lause01064.cmp
2025-05-09 14:03:26,069     INFO  acoustic_comp: processing file  136 of  250 : /home/meelis/merlin/egs/build_your_own_voice/s1/experiments/eva_laused/acoustic_model/inter_module/nn_mgc_lf0_vuv_bap_199/lause01085.cmp
2025-05-09 14:03:26,346     INFO  acoustic_comp: processing file  130 of  250 : /home/meelis/merlin/egs/build_your_own_voice/s1/experiments/eva_laused/acoustic_model/inter_module/nn_mgc_lf0_vuv_bap_199/lause01037.cmp
2025-05-09 14:03:26,710     INFO  acoustic_comp: processing file  134 of  250 : /home/meelis/merlin/egs/build_your_own_voice/s1/experiments/eva_laused/acoustic_model/inter_module/nn_mgc_lf0_vuv_bap_199/lause01070.cmp
2025-05-09 14:03:26,928     INFO  acoustic_comp: processing file  137 of  250 : /home/meelis/merlin/egs/build_your_own_voice/s1/experiments/eva_laused/acoustic_model/inter_module/nn_mgc_lf0_vuv_bap_199/lause01093.cmp
2025-05-09 14:03:27,102     INFO  acoustic_comp: processing file  134 of  250 : /home/meelis/merlin/egs/build_your_own_voice/s1/experiments/eva_laused/acoustic_model/inter_module/nn_mgc_lf0_vuv_bap_199/lause01068.cmp
2025-05-09 14:03:27,378     INFO  acoustic_comp: processing file  133 of  249 : /home/meelis/merlin/egs/build_your_own_voice/s1/experiments/eva_laused/acoustic_model/inter_module/nn_mgc_lf0_vuv_bap_199/lause01066.cmp
2025-05-09 14:03:27,613     INFO  acoustic_comp: processing file  135 of  250 : /home/meelis/merlin/egs/build_your_own_voice/s1/experiments/eva_laused/acoustic_model/inter_module/nn_mgc_lf0_vuv_bap_199/lause01075.cmp
2025-05-09 14:03:27,710     INFO  acoustic_comp: processing file  133 of  249 : /home/meelis/merlin/egs/build_your_own_voice/s1/experiments/eva_laused/acoustic_model/inter_module/nn_mgc_lf0_vuv_bap_199/lause01065.cmp
2025-05-09 14:03:27,856     INFO  acoustic_comp: processing file  134 of  250 : /home/meelis/merlin/egs/build_your_own_voice/s1/experiments/eva_laused/acoustic_model/inter_module/nn_mgc_lf0_vuv_bap_199/lause01072.cmp
2025-05-09 14:03:28,001     INFO  acoustic_comp: processing file  131 of  250 : /home/meelis/merlin/egs/build_your_own_voice/s1/experiments/eva_laused/acoustic_model/inter_module/nn_mgc_lf0_vuv_bap_199/lause01047.cmp
2025-05-09 14:03:28,183     INFO  acoustic_comp: processing file  138 of  250 : /home/meelis/merlin/egs/build_your_own_voice/s1/experiments/eva_laused/acoustic_model/inter_module/nn_mgc_lf0_vuv_bap_199/lause01101.cmp
2025-05-09 14:03:28,354     INFO  acoustic_comp: processing file  135 of  250 : /home/meelis/merlin/egs/build_your_own_voice/s1/experiments/eva_laused/acoustic_model/inter_module/nn_mgc_lf0_vuv_bap_199/lause01076.cmp
2025-05-09 14:03:28,816     INFO  acoustic_comp: processing file  135 of  250 : /home/meelis/merlin/egs/build_your_own_voice/s1/experiments/eva_laused/acoustic_model/inter_module/nn_mgc_lf0_vuv_bap_199/lause01078.cmp
2025-05-09 14:03:29,209     INFO  acoustic_comp: processing file  134 of  249 : /home/meelis/merlin/egs/build_your_own_voice/s1/experiments/eva_laused/acoustic_model/inter_module/nn_mgc_lf0_vuv_bap_199/lause01073.cmp
2025-05-09 14:03:29,255     INFO  acoustic_comp: processing file  134 of  249 : /home/meelis/merlin/egs/build_your_own_voice/s1/experiments/eva_laused/acoustic_model/inter_module/nn_mgc_lf0_vuv_bap_199/lause01074.cmp
2025-05-09 14:03:29,288     INFO  acoustic_comp: processing file  136 of  250 : /home/meelis/merlin/egs/build_your_own_voice/s1/experiments/eva_laused/acoustic_model/inter_module/nn_mgc_lf0_vuv_bap_199/lause01083.cmp
2025-05-09 14:03:29,494     INFO  acoustic_comp: processing file  135 of  250 : /home/meelis/merlin/egs/build_your_own_voice/s1/experiments/eva_laused/acoustic_model/inter_module/nn_mgc_lf0_vuv_bap_199/lause01080.cmp
2025-05-09 14:03:29,795     INFO  acoustic_comp: processing file  139 of  250 : /home/meelis/merlin/egs/build_your_own_voice/s1/experiments/eva_laused/acoustic_model/inter_module/nn_mgc_lf0_vuv_bap_199/lause01109.cmp
2025-05-09 14:03:29,974     INFO  acoustic_comp: processing file  132 of  250 : /home/meelis/merlin/egs/build_your_own_voice/s1/experiments/eva_laused/acoustic_model/inter_module/nn_mgc_lf0_vuv_bap_199/lause01055.cmp
2025-05-09 14:03:30,204     INFO  acoustic_comp: processing file  136 of  250 : /home/meelis/merlin/egs/build_your_own_voice/s1/experiments/eva_laused/acoustic_model/inter_module/nn_mgc_lf0_vuv_bap_199/lause01084.cmp
2025-05-09 14:03:30,251     INFO  acoustic_comp: processing file  136 of  250 : /home/meelis/merlin/egs/build_your_own_voice/s1/experiments/eva_laused/acoustic_model/inter_module/nn_mgc_lf0_vuv_bap_199/lause01086.cmp
2025-05-09 14:03:30,600     INFO  acoustic_comp: processing file  136 of  250 : /home/meelis/merlin/egs/build_your_own_voice/s1/experiments/eva_laused/acoustic_model/inter_module/nn_mgc_lf0_vuv_bap_199/lause01088.cmp
2025-05-09 14:03:30,660     INFO  acoustic_comp: processing file  137 of  250 : /home/meelis/merlin/egs/build_your_own_voice/s1/experiments/eva_laused/acoustic_model/inter_module/nn_mgc_lf0_vuv_bap_199/lause01094.cmp
2025-05-09 14:03:31,019     INFO  acoustic_comp: processing file  137 of  250 : /home/meelis/merlin/egs/build_your_own_voice/s1/experiments/eva_laused/acoustic_model/inter_module/nn_mgc_lf0_vuv_bap_199/lause01091.cmp
2025-05-09 14:03:31,052     INFO  acoustic_comp: processing file  135 of  249 : /home/meelis/merlin/egs/build_your_own_voice/s1/experiments/eva_laused/acoustic_model/inter_module/nn_mgc_lf0_vuv_bap_199/lause01081.cmp
2025-05-09 14:03:31,181     INFO  acoustic_comp: processing file  135 of  249 : /home/meelis/merlin/egs/build_your_own_voice/s1/experiments/eva_laused/acoustic_model/inter_module/nn_mgc_lf0_vuv_bap_199/lause01082.cmp
2025-05-09 14:03:31,367     INFO  acoustic_comp: processing file  133 of  250 : /home/meelis/merlin/egs/build_your_own_voice/s1/experiments/eva_laused/acoustic_model/inter_module/nn_mgc_lf0_vuv_bap_199/lause01063.cmp
2025-05-09 14:03:31,494     INFO  acoustic_comp: processing file  140 of  250 : /home/meelis/merlin/egs/build_your_own_voice/s1/experiments/eva_laused/acoustic_model/inter_module/nn_mgc_lf0_vuv_bap_199/lause01117.cmp
2025-05-09 14:03:31,677     INFO  acoustic_comp: processing file  137 of  250 : /home/meelis/merlin/egs/build_your_own_voice/s1/experiments/eva_laused/acoustic_model/inter_module/nn_mgc_lf0_vuv_bap_199/lause01096.cmp
2025-05-09 14:03:32,005     INFO  acoustic_comp: processing file  137 of  250 : /home/meelis/merlin/egs/build_your_own_voice/s1/experiments/eva_laused/acoustic_model/inter_module/nn_mgc_lf0_vuv_bap_199/lause01092.cmp
2025-05-09 14:03:32,503     INFO  acoustic_comp: processing file  138 of  250 : /home/meelis/merlin/egs/build_your_own_voice/s1/experiments/eva_laused/acoustic_model/inter_module/nn_mgc_lf0_vuv_bap_199/lause01102.cmp
2025-05-09 14:03:32,587     INFO  acoustic_comp: processing file  134 of  250 : /home/meelis/merlin/egs/build_your_own_voice/s1/experiments/eva_laused/acoustic_model/inter_module/nn_mgc_lf0_vuv_bap_199/lause01071.cmp
2025-05-09 14:03:32,960     INFO  acoustic_comp: processing file  138 of  250 : /home/meelis/merlin/egs/build_your_own_voice/s1/experiments/eva_laused/acoustic_model/inter_module/nn_mgc_lf0_vuv_bap_199/lause01099.cmp
2025-05-09 14:03:32,999     INFO  acoustic_comp: processing file  136 of  249 : /home/meelis/merlin/egs/build_your_own_voice/s1/experiments/eva_laused/acoustic_model/inter_module/nn_mgc_lf0_vuv_bap_199/lause01090.cmp
2025-05-09 14:03:33,044     INFO  acoustic_comp: processing file  141 of  250 : /home/meelis/merlin/egs/build_your_own_voice/s1/experiments/eva_laused/acoustic_model/inter_module/nn_mgc_lf0_vuv_bap_199/lause01125.cmp
2025-05-09 14:03:33,236     INFO  acoustic_comp: processing file  138 of  250 : /home/meelis/merlin/egs/build_your_own_voice/s1/experiments/eva_laused/acoustic_model/inter_module/nn_mgc_lf0_vuv_bap_199/lause01104.cmp
2025-05-09 14:03:33,623     INFO  acoustic_comp: processing file  139 of  250 : /home/meelis/merlin/egs/build_your_own_voice/s1/experiments/eva_laused/acoustic_model/inter_module/nn_mgc_lf0_vuv_bap_199/lause01110.cmp
2025-05-09 14:03:33,727     INFO  acoustic_comp: processing file  138 of  250 : /home/meelis/merlin/egs/build_your_own_voice/s1/experiments/eva_laused/acoustic_model/inter_module/nn_mgc_lf0_vuv_bap_199/lause01100.cmp
2025-05-09 14:03:33,878     INFO  acoustic_comp: processing file  136 of  249 : /home/meelis/merlin/egs/build_your_own_voice/s1/experiments/eva_laused/acoustic_model/inter_module/nn_mgc_lf0_vuv_bap_199/lause01089.cmp
2025-05-09 14:03:34,221     INFO  acoustic_comp: processing file  139 of  250 : /home/meelis/merlin/egs/build_your_own_voice/s1/experiments/eva_laused/acoustic_model/inter_module/nn_mgc_lf0_vuv_bap_199/lause01107.cmp
2025-05-09 14:03:34,247     INFO  acoustic_comp: processing file  135 of  250 : /home/meelis/merlin/egs/build_your_own_voice/s1/experiments/eva_laused/acoustic_model/inter_module/nn_mgc_lf0_vuv_bap_199/lause01079.cmp
2025-05-09 14:03:34,439     INFO  acoustic_comp: processing file  140 of  250 : /home/meelis/merlin/egs/build_your_own_voice/s1/experiments/eva_laused/acoustic_model/inter_module/nn_mgc_lf0_vuv_bap_199/lause01118.cmp
2025-05-09 14:03:34,471     INFO  acoustic_comp: processing file  137 of  249 : /home/meelis/merlin/egs/build_your_own_voice/s1/experiments/eva_laused/acoustic_model/inter_module/nn_mgc_lf0_vuv_bap_199/lause01098.cmp
2025-05-09 14:03:34,711     INFO  acoustic_comp: processing file  137 of  249 : /home/meelis/merlin/egs/build_your_own_voice/s1/experiments/eva_laused/acoustic_model/inter_module/nn_mgc_lf0_vuv_bap_199/lause01097.cmp
2025-05-09 14:03:34,719     INFO  acoustic_comp: processing file  139 of  250 : /home/meelis/merlin/egs/build_your_own_voice/s1/experiments/eva_laused/acoustic_model/inter_module/nn_mgc_lf0_vuv_bap_199/lause01112.cmp
2025-05-09 14:03:34,795     INFO  acoustic_comp: processing file  142 of  250 : /home/meelis/merlin/egs/build_your_own_voice/s1/experiments/eva_laused/acoustic_model/inter_module/nn_mgc_lf0_vuv_bap_199/lause01133.cmp
2025-05-09 14:03:35,248     INFO  acoustic_comp: processing file  139 of  250 : /home/meelis/merlin/egs/build_your_own_voice/s1/experiments/eva_laused/acoustic_model/inter_module/nn_mgc_lf0_vuv_bap_199/lause01108.cmp
2025-05-09 14:03:35,815     INFO  acoustic_comp: processing file  136 of  250 : /home/meelis/merlin/egs/build_your_own_voice/s1/experiments/eva_laused/acoustic_model/inter_module/nn_mgc_lf0_vuv_bap_199/lause01087.cmp
2025-05-09 14:03:36,106     INFO  acoustic_comp: processing file  138 of  249 : /home/meelis/merlin/egs/build_your_own_voice/s1/experiments/eva_laused/acoustic_model/inter_module/nn_mgc_lf0_vuv_bap_199/lause01106.cmp
2025-05-09 14:03:36,406     INFO  acoustic_comp: processing file  141 of  250 : /home/meelis/merlin/egs/build_your_own_voice/s1/experiments/eva_laused/acoustic_model/inter_module/nn_mgc_lf0_vuv_bap_199/lause01126.cmp
2025-05-09 14:03:36,723     INFO  acoustic_comp: processing file  140 of  250 : /home/meelis/merlin/egs/build_your_own_voice/s1/experiments/eva_laused/acoustic_model/inter_module/nn_mgc_lf0_vuv_bap_199/lause01115.cmp
2025-05-09 14:03:37,062     INFO  acoustic_comp: processing file  138 of  249 : /home/meelis/merlin/egs/build_your_own_voice/s1/experiments/eva_laused/acoustic_model/inter_module/nn_mgc_lf0_vuv_bap_199/lause01105.cmp
2025-05-09 14:03:37,137     INFO  acoustic_comp: processing file  140 of  250 : /home/meelis/merlin/egs/build_your_own_voice/s1/experiments/eva_laused/acoustic_model/inter_module/nn_mgc_lf0_vuv_bap_199/lause01116.cmp
2025-05-09 14:03:37,152     INFO  acoustic_comp: processing file  143 of  250 : /home/meelis/merlin/egs/build_your_own_voice/s1/experiments/eva_laused/acoustic_model/inter_module/nn_mgc_lf0_vuv_bap_199/lause01141.cmp
2025-05-09 14:03:37,513     INFO  acoustic_comp: processing file  139 of  249 : /home/meelis/merlin/egs/build_your_own_voice/s1/experiments/eva_laused/acoustic_model/inter_module/nn_mgc_lf0_vuv_bap_199/lause01114.cmp
2025-05-09 14:03:37,561     INFO  acoustic_comp: processing file  137 of  250 : /home/meelis/merlin/egs/build_your_own_voice/s1/experiments/eva_laused/acoustic_model/inter_module/nn_mgc_lf0_vuv_bap_199/lause01095.cmp
2025-05-09 14:03:37,741     INFO  acoustic_comp: processing file  140 of  250 : /home/meelis/merlin/egs/build_your_own_voice/s1/experiments/eva_laused/acoustic_model/inter_module/nn_mgc_lf0_vuv_bap_199/lause01120.cmp
2025-05-09 14:03:38,267     INFO  acoustic_comp: processing file  141 of  250 : /home/meelis/merlin/egs/build_your_own_voice/s1/experiments/eva_laused/acoustic_model/inter_module/nn_mgc_lf0_vuv_bap_199/lause01123.cmp
2025-05-09 14:03:38,612     INFO  acoustic_comp: processing file  141 of  250 : /home/meelis/merlin/egs/build_your_own_voice/s1/experiments/eva_laused/acoustic_model/inter_module/nn_mgc_lf0_vuv_bap_199/lause01124.cmp
2025-05-09 14:03:39,142     INFO  acoustic_comp: processing file  140 of  249 : /home/meelis/merlin/egs/build_your_own_voice/s1/experiments/eva_laused/acoustic_model/inter_module/nn_mgc_lf0_vuv_bap_199/lause01122.cmp
2025-05-09 14:03:39,165     INFO  acoustic_comp: processing file  139 of  249 : /home/meelis/merlin/egs/build_your_own_voice/s1/experiments/eva_laused/acoustic_model/inter_module/nn_mgc_lf0_vuv_bap_199/lause01113.cmp
2025-05-09 14:03:39,355     INFO  acoustic_comp: processing file  142 of  250 : /home/meelis/merlin/egs/build_your_own_voice/s1/experiments/eva_laused/acoustic_model/inter_module/nn_mgc_lf0_vuv_bap_199/lause01134.cmp
2025-05-09 14:03:39,522     INFO  acoustic_comp: processing file  142 of  250 : /home/meelis/merlin/egs/build_your_own_voice/s1/experiments/eva_laused/acoustic_model/inter_module/nn_mgc_lf0_vuv_bap_199/lause01132.cmp
2025-05-09 14:03:39,892     INFO  acoustic_comp: processing file  138 of  250 : /home/meelis/merlin/egs/build_your_own_voice/s1/experiments/eva_laused/acoustic_model/inter_module/nn_mgc_lf0_vuv_bap_199/lause01103.cmp
2025-05-09 14:03:40,067     INFO  acoustic_comp: processing file  142 of  250 : /home/meelis/merlin/egs/build_your_own_voice/s1/experiments/eva_laused/acoustic_model/inter_module/nn_mgc_lf0_vuv_bap_199/lause01131.cmp
2025-05-09 14:03:40,690     INFO  acoustic_comp: processing file  141 of  249 : /home/meelis/merlin/egs/build_your_own_voice/s1/experiments/eva_laused/acoustic_model/inter_module/nn_mgc_lf0_vuv_bap_199/lause01130.cmp
2025-05-09 14:03:40,690     INFO  acoustic_comp: processing file  144 of  250 : /home/meelis/merlin/egs/build_your_own_voice/s1/experiments/eva_laused/acoustic_model/inter_module/nn_mgc_lf0_vuv_bap_199/lause01149.cmp
2025-05-09 14:03:40,943     INFO  acoustic_comp: processing file  141 of  250 : /home/meelis/merlin/egs/build_your_own_voice/s1/experiments/eva_laused/acoustic_model/inter_module/nn_mgc_lf0_vuv_bap_199/lause01128.cmp
2025-05-09 14:03:41,143     INFO  acoustic_comp: processing file  139 of  250 : /home/meelis/merlin/egs/build_your_own_voice/s1/experiments/eva_laused/acoustic_model/inter_module/nn_mgc_lf0_vuv_bap_199/lause01111.cmp
2025-05-09 14:03:41,261     INFO  acoustic_comp: processing file  143 of  250 : /home/meelis/merlin/egs/build_your_own_voice/s1/experiments/eva_laused/acoustic_model/inter_module/nn_mgc_lf0_vuv_bap_199/lause01142.cmp
2025-05-09 14:03:41,554     INFO  acoustic_comp: processing file  143 of  250 : /home/meelis/merlin/egs/build_your_own_voice/s1/experiments/eva_laused/acoustic_model/inter_module/nn_mgc_lf0_vuv_bap_199/lause01140.cmp
2025-05-09 14:03:42,046     INFO  acoustic_comp: processing file  143 of  250 : /home/meelis/merlin/egs/build_your_own_voice/s1/experiments/eva_laused/acoustic_model/inter_module/nn_mgc_lf0_vuv_bap_199/lause01139.cmp
2025-05-09 14:03:42,115     INFO  acoustic_comp: processing file  142 of  249 : /home/meelis/merlin/egs/build_your_own_voice/s1/experiments/eva_laused/acoustic_model/inter_module/nn_mgc_lf0_vuv_bap_199/lause01138.cmp
2025-05-09 14:03:42,386     INFO  acoustic_comp: processing file  140 of  249 : /home/meelis/merlin/egs/build_your_own_voice/s1/experiments/eva_laused/acoustic_model/inter_module/nn_mgc_lf0_vuv_bap_199/lause01121.cmp
2025-05-09 14:03:42,487     INFO  acoustic_comp: processing file  145 of  250 : /home/meelis/merlin/egs/build_your_own_voice/s1/experiments/eva_laused/acoustic_model/inter_module/nn_mgc_lf0_vuv_bap_199/lause01157.cmp
2025-05-09 14:03:42,522     INFO  acoustic_comp: processing file  142 of  250 : /home/meelis/merlin/egs/build_your_own_voice/s1/experiments/eva_laused/acoustic_model/inter_module/nn_mgc_lf0_vuv_bap_199/lause01136.cmp
2025-05-09 14:03:42,800     INFO  acoustic_comp: processing file  144 of  250 : /home/meelis/merlin/egs/build_your_own_voice/s1/experiments/eva_laused/acoustic_model/inter_module/nn_mgc_lf0_vuv_bap_199/lause01150.cmp
2025-05-09 14:03:42,857     INFO  acoustic_comp: processing file  140 of  250 : /home/meelis/merlin/egs/build_your_own_voice/s1/experiments/eva_laused/acoustic_model/inter_module/nn_mgc_lf0_vuv_bap_199/lause01119.cmp
2025-05-09 14:03:43,301     INFO  acoustic_comp: processing file  144 of  250 : /home/meelis/merlin/egs/build_your_own_voice/s1/experiments/eva_laused/acoustic_model/inter_module/nn_mgc_lf0_vuv_bap_199/lause01148.cmp
2025-05-09 14:03:43,773     INFO  acoustic_comp: processing file  146 of  250 : /home/meelis/merlin/egs/build_your_own_voice/s1/experiments/eva_laused/acoustic_model/inter_module/nn_mgc_lf0_vuv_bap_199/lause01165.cmp
2025-05-09 14:03:43,872     INFO  acoustic_comp: processing file  144 of  250 : /home/meelis/merlin/egs/build_your_own_voice/s1/experiments/eva_laused/acoustic_model/inter_module/nn_mgc_lf0_vuv_bap_199/lause01147.cmp
2025-05-09 14:03:44,101     INFO  acoustic_comp: processing file  141 of  250 : /home/meelis/merlin/egs/build_your_own_voice/s1/experiments/eva_laused/acoustic_model/inter_module/nn_mgc_lf0_vuv_bap_199/lause01127.cmp
2025-05-09 14:03:44,124     INFO  acoustic_comp: processing file  143 of  250 : /home/meelis/merlin/egs/build_your_own_voice/s1/experiments/eva_laused/acoustic_model/inter_module/nn_mgc_lf0_vuv_bap_199/lause01144.cmp
2025-05-09 14:03:44,174     INFO  acoustic_comp: processing file  141 of  249 : /home/meelis/merlin/egs/build_your_own_voice/s1/experiments/eva_laused/acoustic_model/inter_module/nn_mgc_lf0_vuv_bap_199/lause01129.cmp
2025-05-09 14:03:44,411     INFO  acoustic_comp: processing file  145 of  250 : /home/meelis/merlin/egs/build_your_own_voice/s1/experiments/eva_laused/acoustic_model/inter_module/nn_mgc_lf0_vuv_bap_199/lause01158.cmp
2025-05-09 14:03:44,546     INFO  acoustic_comp: processing file  143 of  249 : /home/meelis/merlin/egs/build_your_own_voice/s1/experiments/eva_laused/acoustic_model/inter_module/nn_mgc_lf0_vuv_bap_199/lause01146.cmp
2025-05-09 14:03:45,192     INFO  acoustic_comp: processing file  142 of  250 : /home/meelis/merlin/egs/build_your_own_voice/s1/experiments/eva_laused/acoustic_model/inter_module/nn_mgc_lf0_vuv_bap_199/lause01135.cmp
2025-05-09 14:03:45,228     INFO  acoustic_comp: processing file  147 of  250 : /home/meelis/merlin/egs/build_your_own_voice/s1/experiments/eva_laused/acoustic_model/inter_module/nn_mgc_lf0_vuv_bap_199/lause01173.cmp
2025-05-09 14:03:45,461     INFO  acoustic_comp: processing file  145 of  250 : /home/meelis/merlin/egs/build_your_own_voice/s1/experiments/eva_laused/acoustic_model/inter_module/nn_mgc_lf0_vuv_bap_199/lause01155.cmp
2025-05-09 14:03:45,514     INFO  acoustic_comp: processing file  144 of  250 : /home/meelis/merlin/egs/build_your_own_voice/s1/experiments/eva_laused/acoustic_model/inter_module/nn_mgc_lf0_vuv_bap_199/lause01152.cmp
2025-05-09 14:03:45,545     INFO  acoustic_comp: processing file  145 of  250 : /home/meelis/merlin/egs/build_your_own_voice/s1/experiments/eva_laused/acoustic_model/inter_module/nn_mgc_lf0_vuv_bap_199/lause01156.cmp
2025-05-09 14:03:45,894     INFO  acoustic_comp: processing file  142 of  249 : /home/meelis/merlin/egs/build_your_own_voice/s1/experiments/eva_laused/acoustic_model/inter_module/nn_mgc_lf0_vuv_bap_199/lause01137.cmp
2025-05-09 14:03:46,103     INFO  acoustic_comp: processing file  144 of  249 : /home/meelis/merlin/egs/build_your_own_voice/s1/experiments/eva_laused/acoustic_model/inter_module/nn_mgc_lf0_vuv_bap_199/lause01154.cmp
2025-05-09 14:03:46,703     INFO  acoustic_comp: processing file  146 of  250 : /home/meelis/merlin/egs/build_your_own_voice/s1/experiments/eva_laused/acoustic_model/inter_module/nn_mgc_lf0_vuv_bap_199/lause01166.cmp
2025-05-09 14:03:47,029     INFO  acoustic_comp: processing file  148 of  250 : /home/meelis/merlin/egs/build_your_own_voice/s1/experiments/eva_laused/acoustic_model/inter_module/nn_mgc_lf0_vuv_bap_199/lause01181.cmp
2025-05-09 14:03:47,153     INFO  acoustic_comp: processing file  146 of  250 : /home/meelis/merlin/egs/build_your_own_voice/s1/experiments/eva_laused/acoustic_model/inter_module/nn_mgc_lf0_vuv_bap_199/lause01163.cmp
2025-05-09 14:03:47,265     INFO  acoustic_comp: processing file  143 of  250 : /home/meelis/merlin/egs/build_your_own_voice/s1/experiments/eva_laused/acoustic_model/inter_module/nn_mgc_lf0_vuv_bap_199/lause01143.cmp
2025-05-09 14:03:47,344     INFO  acoustic_comp: processing file  145 of  250 : /home/meelis/merlin/egs/build_your_own_voice/s1/experiments/eva_laused/acoustic_model/inter_module/nn_mgc_lf0_vuv_bap_199/lause01160.cmp
2025-05-09 14:03:47,405     INFO  acoustic_comp: processing file  146 of  250 : /home/meelis/merlin/egs/build_your_own_voice/s1/experiments/eva_laused/acoustic_model/inter_module/nn_mgc_lf0_vuv_bap_199/lause01164.cmp
2025-05-09 14:03:47,461     INFO  acoustic_comp: processing file  145 of  249 : /home/meelis/merlin/egs/build_your_own_voice/s1/experiments/eva_laused/acoustic_model/inter_module/nn_mgc_lf0_vuv_bap_199/lause01162.cmp
2025-05-09 14:03:47,812     INFO  acoustic_comp: processing file  143 of  249 : /home/meelis/merlin/egs/build_your_own_voice/s1/experiments/eva_laused/acoustic_model/inter_module/nn_mgc_lf0_vuv_bap_199/lause01145.cmp
2025-05-09 14:03:47,858     INFO  acoustic_comp: processing file  147 of  250 : /home/meelis/merlin/egs/build_your_own_voice/s1/experiments/eva_laused/acoustic_model/inter_module/nn_mgc_lf0_vuv_bap_199/lause01174.cmp
2025-05-09 14:03:48,504     INFO  acoustic_comp: processing file  147 of  250 : /home/meelis/merlin/egs/build_your_own_voice/s1/experiments/eva_laused/acoustic_model/inter_module/nn_mgc_lf0_vuv_bap_199/lause01172.cmp
2025-05-09 14:03:48,921     INFO  acoustic_comp: processing file  149 of  250 : /home/meelis/merlin/egs/build_your_own_voice/s1/experiments/eva_laused/acoustic_model/inter_module/nn_mgc_lf0_vuv_bap_199/lause01189.cmp
2025-05-09 14:03:49,024     INFO  acoustic_comp: processing file  147 of  250 : /home/meelis/merlin/egs/build_your_own_voice/s1/experiments/eva_laused/acoustic_model/inter_module/nn_mgc_lf0_vuv_bap_199/lause01171.cmp
2025-05-09 14:03:49,244     INFO  acoustic_comp: processing file  146 of  250 : /home/meelis/merlin/egs/build_your_own_voice/s1/experiments/eva_laused/acoustic_model/inter_module/nn_mgc_lf0_vuv_bap_199/lause01168.cmp
2025-05-09 14:03:49,310     INFO  acoustic_comp: processing file  144 of  250 : /home/meelis/merlin/egs/build_your_own_voice/s1/experiments/eva_laused/acoustic_model/inter_module/nn_mgc_lf0_vuv_bap_199/lause01151.cmp
2025-05-09 14:03:49,329     INFO  acoustic_comp: processing file  146 of  249 : /home/meelis/merlin/egs/build_your_own_voice/s1/experiments/eva_laused/acoustic_model/inter_module/nn_mgc_lf0_vuv_bap_199/lause01170.cmp
2025-05-09 14:03:49,443     INFO  acoustic_comp: processing file  148 of  250 : /home/meelis/merlin/egs/build_your_own_voice/s1/experiments/eva_laused/acoustic_model/inter_module/nn_mgc_lf0_vuv_bap_199/lause01182.cmp
2025-05-09 14:03:49,792     INFO  acoustic_comp: processing file  148 of  250 : /home/meelis/merlin/egs/build_your_own_voice/s1/experiments/eva_laused/acoustic_model/inter_module/nn_mgc_lf0_vuv_bap_199/lause01180.cmp
2025-05-09 14:03:50,124     INFO  acoustic_comp: processing file  144 of  249 : /home/meelis/merlin/egs/build_your_own_voice/s1/experiments/eva_laused/acoustic_model/inter_module/nn_mgc_lf0_vuv_bap_199/lause01153.cmp
2025-05-09 14:03:50,521     INFO  acoustic_comp: processing file  147 of  249 : /home/meelis/merlin/egs/build_your_own_voice/s1/experiments/eva_laused/acoustic_model/inter_module/nn_mgc_lf0_vuv_bap_199/lause01178.cmp
2025-05-09 14:03:50,566     INFO  acoustic_comp: processing file  149 of  250 : /home/meelis/merlin/egs/build_your_own_voice/s1/experiments/eva_laused/acoustic_model/inter_module/nn_mgc_lf0_vuv_bap_199/lause01190.cmp
2025-05-09 14:03:50,659     INFO  acoustic_comp: processing file  145 of  250 : /home/meelis/merlin/egs/build_your_own_voice/s1/experiments/eva_laused/acoustic_model/inter_module/nn_mgc_lf0_vuv_bap_199/lause01159.cmp
2025-05-09 14:03:50,737     INFO  acoustic_comp: processing file  147 of  250 : /home/meelis/merlin/egs/build_your_own_voice/s1/experiments/eva_laused/acoustic_model/inter_module/nn_mgc_lf0_vuv_bap_199/lause01176.cmp
2025-05-09 14:03:50,796     INFO  acoustic_comp: processing file  148 of  250 : /home/meelis/merlin/egs/build_your_own_voice/s1/experiments/eva_laused/acoustic_model/inter_module/nn_mgc_lf0_vuv_bap_199/lause01179.cmp
2025-05-09 14:03:50,814     INFO  acoustic_comp: processing file  150 of  250 : /home/meelis/merlin/egs/build_your_own_voice/s1/experiments/eva_laused/acoustic_model/inter_module/nn_mgc_lf0_vuv_bap_199/lause01197.cmp
2025-05-09 14:03:51,396     INFO  acoustic_comp: processing file  149 of  250 : /home/meelis/merlin/egs/build_your_own_voice/s1/experiments/eva_laused/acoustic_model/inter_module/nn_mgc_lf0_vuv_bap_199/lause01188.cmp
2025-05-09 14:03:51,586     INFO  acoustic_comp: processing file  145 of  249 : /home/meelis/merlin/egs/build_your_own_voice/s1/experiments/eva_laused/acoustic_model/inter_module/nn_mgc_lf0_vuv_bap_199/lause01161.cmp
2025-05-09 14:03:52,043     INFO  acoustic_comp: processing file  148 of  249 : /home/meelis/merlin/egs/build_your_own_voice/s1/experiments/eva_laused/acoustic_model/inter_module/nn_mgc_lf0_vuv_bap_199/lause01186.cmp
2025-05-09 14:03:52,048     INFO  acoustic_comp: processing file  149 of  250 : /home/meelis/merlin/egs/build_your_own_voice/s1/experiments/eva_laused/acoustic_model/inter_module/nn_mgc_lf0_vuv_bap_199/lause01187.cmp
2025-05-09 14:03:52,088     INFO  acoustic_comp: processing file  148 of  250 : /home/meelis/merlin/egs/build_your_own_voice/s1/experiments/eva_laused/acoustic_model/inter_module/nn_mgc_lf0_vuv_bap_199/lause01184.cmp
2025-05-09 14:03:52,687     INFO  acoustic_comp: processing file  150 of  250 : /home/meelis/merlin/egs/build_your_own_voice/s1/experiments/eva_laused/acoustic_model/inter_module/nn_mgc_lf0_vuv_bap_199/lause01198.cmp
2025-05-09 14:03:52,780     INFO  acoustic_comp: processing file  151 of  250 : /home/meelis/merlin/egs/build_your_own_voice/s1/experiments/eva_laused/acoustic_model/inter_module/nn_mgc_lf0_vuv_bap_199/lause01205.cmp
2025-05-09 14:03:52,851     INFO  acoustic_comp: processing file  150 of  250 : /home/meelis/merlin/egs/build_your_own_voice/s1/experiments/eva_laused/acoustic_model/inter_module/nn_mgc_lf0_vuv_bap_199/lause01196.cmp
2025-05-09 14:03:53,262     INFO  acoustic_comp: processing file  146 of  250 : /home/meelis/merlin/egs/build_your_own_voice/s1/experiments/eva_laused/acoustic_model/inter_module/nn_mgc_lf0_vuv_bap_199/lause01167.cmp
2025-05-09 14:03:53,347     INFO  acoustic_comp: processing file  149 of  250 : /home/meelis/merlin/egs/build_your_own_voice/s1/experiments/eva_laused/acoustic_model/inter_module/nn_mgc_lf0_vuv_bap_199/lause01192.cmp
2025-05-09 14:03:53,355     INFO  acoustic_comp: processing file  150 of  250 : /home/meelis/merlin/egs/build_your_own_voice/s1/experiments/eva_laused/acoustic_model/inter_module/nn_mgc_lf0_vuv_bap_199/lause01195.cmp
2025-05-09 14:03:53,358     INFO  acoustic_comp: processing file  146 of  249 : /home/meelis/merlin/egs/build_your_own_voice/s1/experiments/eva_laused/acoustic_model/inter_module/nn_mgc_lf0_vuv_bap_199/lause01169.cmp
2025-05-09 14:03:53,622     INFO  acoustic_comp: processing file  149 of  249 : /home/meelis/merlin/egs/build_your_own_voice/s1/experiments/eva_laused/acoustic_model/inter_module/nn_mgc_lf0_vuv_bap_199/lause01194.cmp
2025-05-09 14:03:54,113     INFO  acoustic_comp: processing file  151 of  250 : /home/meelis/merlin/egs/build_your_own_voice/s1/experiments/eva_laused/acoustic_model/inter_module/nn_mgc_lf0_vuv_bap_199/lause01204.cmp
2025-05-09 14:03:54,431     INFO  acoustic_comp: processing file  151 of  250 : /home/meelis/merlin/egs/build_your_own_voice/s1/experiments/eva_laused/acoustic_model/inter_module/nn_mgc_lf0_vuv_bap_199/lause01206.cmp
2025-05-09 14:03:54,575     INFO  acoustic_comp: processing file  152 of  250 : /home/meelis/merlin/egs/build_your_own_voice/s1/experiments/eva_laused/acoustic_model/inter_module/nn_mgc_lf0_vuv_bap_199/lause01213.cmp
2025-05-09 14:03:54,899     INFO  acoustic_comp: processing file  150 of  249 : /home/meelis/merlin/egs/build_your_own_voice/s1/experiments/eva_laused/acoustic_model/inter_module/nn_mgc_lf0_vuv_bap_199/lause01202.cmp
2025-05-09 14:03:54,929     INFO  acoustic_comp: processing file  147 of  250 : /home/meelis/merlin/egs/build_your_own_voice/s1/experiments/eva_laused/acoustic_model/inter_module/nn_mgc_lf0_vuv_bap_199/lause01175.cmp
2025-05-09 14:03:54,934     INFO  acoustic_comp: processing file  150 of  250 : /home/meelis/merlin/egs/build_your_own_voice/s1/experiments/eva_laused/acoustic_model/inter_module/nn_mgc_lf0_vuv_bap_199/lause01200.cmp
2025-05-09 14:03:54,971     INFO  acoustic_comp: processing file  151 of  250 : /home/meelis/merlin/egs/build_your_own_voice/s1/experiments/eva_laused/acoustic_model/inter_module/nn_mgc_lf0_vuv_bap_199/lause01203.cmp
2025-05-09 14:03:55,285     INFO  acoustic_comp: processing file  147 of  249 : /home/meelis/merlin/egs/build_your_own_voice/s1/experiments/eva_laused/acoustic_model/inter_module/nn_mgc_lf0_vuv_bap_199/lause01177.cmp
2025-05-09 14:03:55,576     INFO  acoustic_comp: processing file  152 of  250 : /home/meelis/merlin/egs/build_your_own_voice/s1/experiments/eva_laused/acoustic_model/inter_module/nn_mgc_lf0_vuv_bap_199/lause01212.cmp
2025-05-09 14:03:56,098     INFO  acoustic_comp: processing file  153 of  250 : /home/meelis/merlin/egs/build_your_own_voice/s1/experiments/eva_laused/acoustic_model/inter_module/nn_mgc_lf0_vuv_bap_199/lause01221.cmp
2025-05-09 14:03:56,487     INFO  acoustic_comp: processing file  148 of  250 : /home/meelis/merlin/egs/build_your_own_voice/s1/experiments/eva_laused/acoustic_model/inter_module/nn_mgc_lf0_vuv_bap_199/lause01183.cmp
2025-05-09 14:03:56,516     INFO  acoustic_comp: processing file  152 of  250 : /home/meelis/merlin/egs/build_your_own_voice/s1/experiments/eva_laused/acoustic_model/inter_module/nn_mgc_lf0_vuv_bap_199/lause01214.cmp
2025-05-09 14:03:56,518     INFO  acoustic_comp: processing file  151 of  249 : /home/meelis/merlin/egs/build_your_own_voice/s1/experiments/eva_laused/acoustic_model/inter_module/nn_mgc_lf0_vuv_bap_199/lause01210.cmp
2025-05-09 14:03:57,041     INFO  acoustic_comp: processing file  153 of  250 : /home/meelis/merlin/egs/build_your_own_voice/s1/experiments/eva_laused/acoustic_model/inter_module/nn_mgc_lf0_vuv_bap_199/lause01220.cmp
2025-05-09 14:03:57,241     INFO  acoustic_comp: processing file  152 of  250 : /home/meelis/merlin/egs/build_your_own_voice/s1/experiments/eva_laused/acoustic_model/inter_module/nn_mgc_lf0_vuv_bap_199/lause01211.cmp
2025-05-09 14:03:57,258     INFO  acoustic_comp: processing file  151 of  250 : /home/meelis/merlin/egs/build_your_own_voice/s1/experiments/eva_laused/acoustic_model/inter_module/nn_mgc_lf0_vuv_bap_199/lause01208.cmp
2025-05-09 14:03:57,260     INFO  acoustic_comp: processing file  148 of  249 : /home/meelis/merlin/egs/build_your_own_voice/s1/experiments/eva_laused/acoustic_model/inter_module/nn_mgc_lf0_vuv_bap_199/lause01185.cmp
2025-05-09 14:03:57,750     INFO  acoustic_comp: processing file  154 of  250 : /home/meelis/merlin/egs/build_your_own_voice/s1/experiments/eva_laused/acoustic_model/inter_module/nn_mgc_lf0_vuv_bap_199/lause01229.cmp
2025-05-09 14:03:58,221     INFO  acoustic_comp: processing file  152 of  249 : /home/meelis/merlin/egs/build_your_own_voice/s1/experiments/eva_laused/acoustic_model/inter_module/nn_mgc_lf0_vuv_bap_199/lause01218.cmp
2025-05-09 14:03:58,223     INFO  acoustic_comp: processing file  153 of  250 : /home/meelis/merlin/egs/build_your_own_voice/s1/experiments/eva_laused/acoustic_model/inter_module/nn_mgc_lf0_vuv_bap_199/lause01222.cmp
2025-05-09 14:03:58,584     INFO  acoustic_comp: processing file  154 of  250 : /home/meelis/merlin/egs/build_your_own_voice/s1/experiments/eva_laused/acoustic_model/inter_module/nn_mgc_lf0_vuv_bap_199/lause01228.cmp
2025-05-09 14:03:58,594     INFO  acoustic_comp: processing file  149 of  250 : /home/meelis/merlin/egs/build_your_own_voice/s1/experiments/eva_laused/acoustic_model/inter_module/nn_mgc_lf0_vuv_bap_199/lause01191.cmp
2025-05-09 14:03:58,795     INFO  acoustic_comp: processing file  152 of  250 : /home/meelis/merlin/egs/build_your_own_voice/s1/experiments/eva_laused/acoustic_model/inter_module/nn_mgc_lf0_vuv_bap_199/lause01216.cmp
2025-05-09 14:03:59,272     INFO  acoustic_comp: processing file  155 of  250 : /home/meelis/merlin/egs/build_your_own_voice/s1/experiments/eva_laused/acoustic_model/inter_module/nn_mgc_lf0_vuv_bap_199/lause01237.cmp
2025-05-09 14:03:59,274     INFO  acoustic_comp: processing file  153 of  250 : /home/meelis/merlin/egs/build_your_own_voice/s1/experiments/eva_laused/acoustic_model/inter_module/nn_mgc_lf0_vuv_bap_199/lause01219.cmp
2025-05-09 14:03:59,537     INFO  acoustic_comp: processing file  149 of  249 : /home/meelis/merlin/egs/build_your_own_voice/s1/experiments/eva_laused/acoustic_model/inter_module/nn_mgc_lf0_vuv_bap_199/lause01193.cmp
2025-05-09 14:03:59,751     INFO  acoustic_comp: processing file  154 of  250 : /home/meelis/merlin/egs/build_your_own_voice/s1/experiments/eva_laused/acoustic_model/inter_module/nn_mgc_lf0_vuv_bap_199/lause01230.cmp
2025-05-09 14:03:59,956     INFO  acoustic_comp: processing file  155 of  250 : /home/meelis/merlin/egs/build_your_own_voice/s1/experiments/eva_laused/acoustic_model/inter_module/nn_mgc_lf0_vuv_bap_199/lause01236.cmp
2025-05-09 14:04:00,366     INFO  acoustic_comp: processing file  153 of  249 : /home/meelis/merlin/egs/build_your_own_voice/s1/experiments/eva_laused/acoustic_model/inter_module/nn_mgc_lf0_vuv_bap_199/lause01226.cmp
2025-05-09 14:04:00,436     INFO  acoustic_comp: processing file  150 of  250 : /home/meelis/merlin/egs/build_your_own_voice/s1/experiments/eva_laused/acoustic_model/inter_module/nn_mgc_lf0_vuv_bap_199/lause01199.cmp
2025-05-09 14:04:00,561     INFO  acoustic_comp: processing file  153 of  250 : /home/meelis/merlin/egs/build_your_own_voice/s1/experiments/eva_laused/acoustic_model/inter_module/nn_mgc_lf0_vuv_bap_199/lause01224.cmp
2025-05-09 14:04:01,018     INFO  acoustic_comp: processing file  154 of  250 : /home/meelis/merlin/egs/build_your_own_voice/s1/experiments/eva_laused/acoustic_model/inter_module/nn_mgc_lf0_vuv_bap_199/lause01227.cmp
2025-05-09 14:04:01,140     INFO  acoustic_comp: processing file  156 of  250 : /home/meelis/merlin/egs/build_your_own_voice/s1/experiments/eva_laused/acoustic_model/inter_module/nn_mgc_lf0_vuv_bap_199/lause01245.cmp
2025-05-09 14:04:01,658     INFO  acoustic_comp: processing file  150 of  249 : /home/meelis/merlin/egs/build_your_own_voice/s1/experiments/eva_laused/acoustic_model/inter_module/nn_mgc_lf0_vuv_bap_199/lause01201.cmp
2025-05-09 14:04:01,737     INFO  acoustic_comp: processing file  155 of  250 : /home/meelis/merlin/egs/build_your_own_voice/s1/experiments/eva_laused/acoustic_model/inter_module/nn_mgc_lf0_vuv_bap_199/lause01238.cmp
2025-05-09 14:04:02,038     INFO  acoustic_comp: processing file  154 of  249 : /home/meelis/merlin/egs/build_your_own_voice/s1/experiments/eva_laused/acoustic_model/inter_module/nn_mgc_lf0_vuv_bap_199/lause01234.cmp
2025-05-09 14:04:02,140     INFO  acoustic_comp: processing file  151 of  250 : /home/meelis/merlin/egs/build_your_own_voice/s1/experiments/eva_laused/acoustic_model/inter_module/nn_mgc_lf0_vuv_bap_199/lause01207.cmp
2025-05-09 14:04:02,522     INFO  acoustic_comp: processing file  156 of  250 : /home/meelis/merlin/egs/build_your_own_voice/s1/experiments/eva_laused/acoustic_model/inter_module/nn_mgc_lf0_vuv_bap_199/lause01244.cmp
2025-05-09 14:04:03,061     INFO  acoustic_comp: processing file  155 of  250 : /home/meelis/merlin/egs/build_your_own_voice/s1/experiments/eva_laused/acoustic_model/inter_module/nn_mgc_lf0_vuv_bap_199/lause01235.cmp
2025-05-09 14:04:03,136     INFO  acoustic_comp: processing file  156 of  250 : /home/meelis/merlin/egs/build_your_own_voice/s1/experiments/eva_laused/acoustic_model/inter_module/nn_mgc_lf0_vuv_bap_199/lause01246.cmp
2025-05-09 14:04:03,407     INFO  acoustic_comp: processing file  154 of  250 : /home/meelis/merlin/egs/build_your_own_voice/s1/experiments/eva_laused/acoustic_model/inter_module/nn_mgc_lf0_vuv_bap_199/lause01232.cmp
2025-05-09 14:04:03,536     INFO  acoustic_comp: processing file  155 of  249 : /home/meelis/merlin/egs/build_your_own_voice/s1/experiments/eva_laused/acoustic_model/inter_module/nn_mgc_lf0_vuv_bap_199/lause01242.cmp
2025-05-09 14:04:04,013     INFO  acoustic_comp: processing file  157 of  250 : /home/meelis/merlin/egs/build_your_own_voice/s1/experiments/eva_laused/acoustic_model/inter_module/nn_mgc_lf0_vuv_bap_199/lause01253.cmp
2025-05-09 14:04:04,076     INFO  acoustic_comp: processing file  151 of  249 : /home/meelis/merlin/egs/build_your_own_voice/s1/experiments/eva_laused/acoustic_model/inter_module/nn_mgc_lf0_vuv_bap_199/lause01209.cmp
2025-05-09 14:04:04,097     INFO  acoustic_comp: processing file  152 of  250 : /home/meelis/merlin/egs/build_your_own_voice/s1/experiments/eva_laused/acoustic_model/inter_module/nn_mgc_lf0_vuv_bap_199/lause01215.cmp
2025-05-09 14:04:04,412     INFO  acoustic_comp: processing file  157 of  250 : /home/meelis/merlin/egs/build_your_own_voice/s1/experiments/eva_laused/acoustic_model/inter_module/nn_mgc_lf0_vuv_bap_199/lause01252.cmp
2025-05-09 14:04:04,613     INFO  acoustic_comp: processing file  157 of  250 : /home/meelis/merlin/egs/build_your_own_voice/s1/experiments/eva_laused/acoustic_model/inter_module/nn_mgc_lf0_vuv_bap_199/lause01254.cmp
2025-05-09 14:04:05,072     INFO  acoustic_comp: processing file  155 of  250 : /home/meelis/merlin/egs/build_your_own_voice/s1/experiments/eva_laused/acoustic_model/inter_module/nn_mgc_lf0_vuv_bap_199/lause01240.cmp
2025-05-09 14:04:05,479     INFO  acoustic_comp: processing file  156 of  249 : /home/meelis/merlin/egs/build_your_own_voice/s1/experiments/eva_laused/acoustic_model/inter_module/nn_mgc_lf0_vuv_bap_199/lause01250.cmp
2025-05-09 14:04:05,622     INFO  acoustic_comp: processing file  158 of  250 : /home/meelis/merlin/egs/build_your_own_voice/s1/experiments/eva_laused/acoustic_model/inter_module/nn_mgc_lf0_vuv_bap_199/lause01261.cmp
2025-05-09 14:04:05,713     INFO  acoustic_comp: processing file  158 of  250 : /home/meelis/merlin/egs/build_your_own_voice/s1/experiments/eva_laused/acoustic_model/inter_module/nn_mgc_lf0_vuv_bap_199/lause01260.cmp
2025-05-09 14:04:05,731     INFO  acoustic_comp: processing file  152 of  249 : /home/meelis/merlin/egs/build_your_own_voice/s1/experiments/eva_laused/acoustic_model/inter_module/nn_mgc_lf0_vuv_bap_199/lause01217.cmp
2025-05-09 14:04:06,099     INFO  acoustic_comp: processing file  153 of  250 : /home/meelis/merlin/egs/build_your_own_voice/s1/experiments/eva_laused/acoustic_model/inter_module/nn_mgc_lf0_vuv_bap_199/lause01223.cmp
2025-05-09 14:04:06,182     INFO  acoustic_comp: processing file  158 of  250 : /home/meelis/merlin/egs/build_your_own_voice/s1/experiments/eva_laused/acoustic_model/inter_module/nn_mgc_lf0_vuv_bap_199/lause01262.cmp
2025-05-09 14:04:06,495     INFO  acoustic_comp: processing file  156 of  250 : /home/meelis/merlin/egs/build_your_own_voice/s1/experiments/eva_laused/acoustic_model/inter_module/nn_mgc_lf0_vuv_bap_199/lause01248.cmp
2025-05-09 14:04:06,499     INFO  acoustic_comp: processing file  156 of  250 : /home/meelis/merlin/egs/build_your_own_voice/s1/experiments/eva_laused/acoustic_model/inter_module/nn_mgc_lf0_vuv_bap_199/lause01243.cmp
2025-05-09 14:04:07,002     INFO  acoustic_comp: processing file  157 of  249 : /home/meelis/merlin/egs/build_your_own_voice/s1/experiments/eva_laused/acoustic_model/inter_module/nn_mgc_lf0_vuv_bap_199/lause01258.cmp
2025-05-09 14:04:07,332     INFO  acoustic_comp: processing file  154 of  250 : /home/meelis/merlin/egs/build_your_own_voice/s1/experiments/eva_laused/acoustic_model/inter_module/nn_mgc_lf0_vuv_bap_199/lause01231.cmp
2025-05-09 14:04:07,536     INFO  acoustic_comp: processing file  159 of  250 : /home/meelis/merlin/egs/build_your_own_voice/s1/experiments/eva_laused/acoustic_model/inter_module/nn_mgc_lf0_vuv_bap_199/lause01270.cmp
2025-05-09 14:04:07,637     INFO  acoustic_comp: processing file  159 of  250 : /home/meelis/merlin/egs/build_your_own_voice/s1/experiments/eva_laused/acoustic_model/inter_module/nn_mgc_lf0_vuv_bap_199/lause01269.cmp
2025-05-09 14:04:07,756     INFO  acoustic_comp: processing file  157 of  250 : /home/meelis/merlin/egs/build_your_own_voice/s1/experiments/eva_laused/acoustic_model/inter_module/nn_mgc_lf0_vuv_bap_199/lause01251.cmp
2025-05-09 14:04:07,790     INFO  acoustic_comp: processing file  159 of  250 : /home/meelis/merlin/egs/build_your_own_voice/s1/experiments/eva_laused/acoustic_model/inter_module/nn_mgc_lf0_vuv_bap_199/lause01268.cmp
2025-05-09 14:04:07,972     INFO  acoustic_comp: processing file  153 of  249 : /home/meelis/merlin/egs/build_your_own_voice/s1/experiments/eva_laused/acoustic_model/inter_module/nn_mgc_lf0_vuv_bap_199/lause01225.cmp
2025-05-09 14:04:07,989     INFO  acoustic_comp: processing file  157 of  250 : /home/meelis/merlin/egs/build_your_own_voice/s1/experiments/eva_laused/acoustic_model/inter_module/nn_mgc_lf0_vuv_bap_199/lause01256.cmp
2025-05-09 14:04:08,358     INFO  acoustic_comp: processing file  158 of  249 : /home/meelis/merlin/egs/build_your_own_voice/s1/experiments/eva_laused/acoustic_model/inter_module/nn_mgc_lf0_vuv_bap_199/lause01266.cmp
2025-05-09 14:04:08,877     INFO  acoustic_comp: processing file  158 of  250 : /home/meelis/merlin/egs/build_your_own_voice/s1/experiments/eva_laused/acoustic_model/inter_module/nn_mgc_lf0_vuv_bap_199/lause01259.cmp
2025-05-09 14:04:08,918     INFO  acoustic_comp: processing file  160 of  250 : /home/meelis/merlin/egs/build_your_own_voice/s1/experiments/eva_laused/acoustic_model/inter_module/nn_mgc_lf0_vuv_bap_199/lause01278.cmp
2025-05-09 14:04:09,346     INFO  acoustic_comp: processing file  155 of  250 : /home/meelis/merlin/egs/build_your_own_voice/s1/experiments/eva_laused/acoustic_model/inter_module/nn_mgc_lf0_vuv_bap_199/lause01239.cmp
2025-05-09 14:04:09,503     INFO  acoustic_comp: processing file  160 of  250 : /home/meelis/merlin/egs/build_your_own_voice/s1/experiments/eva_laused/acoustic_model/inter_module/nn_mgc_lf0_vuv_bap_199/lause01277.cmp
2025-05-09 14:04:09,946     INFO  acoustic_comp: processing file  160 of  250 : /home/meelis/merlin/egs/build_your_own_voice/s1/experiments/eva_laused/acoustic_model/inter_module/nn_mgc_lf0_vuv_bap_199/lause01276.cmp
2025-05-09 14:04:09,956     INFO  acoustic_comp: processing file  161 of  250 : /home/meelis/merlin/egs/build_your_own_voice/s1/experiments/eva_laused/acoustic_model/inter_module/nn_mgc_lf0_vuv_bap_199/lause01286.cmp
2025-05-09 14:04:10,017     INFO  acoustic_comp: processing file  159 of  249 : /home/meelis/merlin/egs/build_your_own_voice/s1/experiments/eva_laused/acoustic_model/inter_module/nn_mgc_lf0_vuv_bap_199/lause01274.cmp
2025-05-09 14:04:10,137     INFO  acoustic_comp: processing file  159 of  250 : /home/meelis/merlin/egs/build_your_own_voice/s1/experiments/eva_laused/acoustic_model/inter_module/nn_mgc_lf0_vuv_bap_199/lause01267.cmp
2025-05-09 14:04:10,345     INFO  acoustic_comp: processing file  154 of  249 : /home/meelis/merlin/egs/build_your_own_voice/s1/experiments/eva_laused/acoustic_model/inter_module/nn_mgc_lf0_vuv_bap_199/lause01233.cmp
2025-05-09 14:04:10,388     INFO  acoustic_comp: processing file  158 of  250 : /home/meelis/merlin/egs/build_your_own_voice/s1/experiments/eva_laused/acoustic_model/inter_module/nn_mgc_lf0_vuv_bap_199/lause01264.cmp
2025-05-09 14:04:11,175     INFO  acoustic_comp: processing file  160 of  250 : /home/meelis/merlin/egs/build_your_own_voice/s1/experiments/eva_laused/acoustic_model/inter_module/nn_mgc_lf0_vuv_bap_199/lause01275.cmp
2025-05-09 14:04:11,258     INFO  acoustic_comp: processing file  160 of  249 : /home/meelis/merlin/egs/build_your_own_voice/s1/experiments/eva_laused/acoustic_model/inter_module/nn_mgc_lf0_vuv_bap_199/lause01282.cmp
2025-05-09 14:04:11,476     INFO  acoustic_comp: processing file  162 of  250 : /home/meelis/merlin/egs/build_your_own_voice/s1/experiments/eva_laused/acoustic_model/inter_module/nn_mgc_lf0_vuv_bap_199/lause01294.cmp
2025-05-09 14:04:11,788     INFO  acoustic_comp: processing file  161 of  250 : /home/meelis/merlin/egs/build_your_own_voice/s1/experiments/eva_laused/acoustic_model/inter_module/nn_mgc_lf0_vuv_bap_199/lause01285.cmp
2025-05-09 14:04:12,104     INFO  acoustic_comp: processing file  159 of  250 : /home/meelis/merlin/egs/build_your_own_voice/s1/experiments/eva_laused/acoustic_model/inter_module/nn_mgc_lf0_vuv_bap_199/lause01272.cmp
2025-05-09 14:04:12,344     INFO  acoustic_comp: processing file  161 of  250 : /home/meelis/merlin/egs/build_your_own_voice/s1/experiments/eva_laused/acoustic_model/inter_module/nn_mgc_lf0_vuv_bap_199/lause01284.cmp
2025-05-09 14:04:12,474     INFO  acoustic_comp: processing file  163 of  250 : /home/meelis/merlin/egs/build_your_own_voice/s1/experiments/eva_laused/acoustic_model/inter_module/nn_mgc_lf0_vuv_bap_199/lause01302.cmp
2025-05-09 14:04:12,586     INFO  acoustic_comp: processing file  161 of  250 : /home/meelis/merlin/egs/build_your_own_voice/s1/experiments/eva_laused/acoustic_model/inter_module/nn_mgc_lf0_vuv_bap_199/lause01283.cmp
2025-05-09 14:04:12,632     INFO  acoustic_comp: processing file  155 of  249 : /home/meelis/merlin/egs/build_your_own_voice/s1/experiments/eva_laused/acoustic_model/inter_module/nn_mgc_lf0_vuv_bap_199/lause01241.cmp
2025-05-09 14:04:13,003     INFO  acoustic_comp: processing file  161 of  249 : /home/meelis/merlin/egs/build_your_own_voice/s1/experiments/eva_laused/acoustic_model/inter_module/nn_mgc_lf0_vuv_bap_199/lause01290.cmp
2025-05-09 14:04:13,203     INFO  acoustic_comp: processing file  156 of  250 : /home/meelis/merlin/egs/build_your_own_voice/s1/experiments/eva_laused/acoustic_model/inter_module/nn_mgc_lf0_vuv_bap_199/lause01247.cmp
2025-05-09 14:04:13,251     INFO  acoustic_comp: processing file  160 of  250 : /home/meelis/merlin/egs/build_your_own_voice/s1/experiments/eva_laused/acoustic_model/inter_module/nn_mgc_lf0_vuv_bap_199/lause01280.cmp
2025-05-09 14:04:13,275     INFO  acoustic_comp: processing file  162 of  250 : /home/meelis/merlin/egs/build_your_own_voice/s1/experiments/eva_laused/acoustic_model/inter_module/nn_mgc_lf0_vuv_bap_199/lause01293.cmp
2025-05-09 14:04:13,688     INFO  acoustic_comp: processing file  162 of  250 : /home/meelis/merlin/egs/build_your_own_voice/s1/experiments/eva_laused/acoustic_model/inter_module/nn_mgc_lf0_vuv_bap_199/lause01292.cmp
2025-05-09 14:04:14,221     INFO  acoustic_comp: processing file  156 of  249 : /home/meelis/merlin/egs/build_your_own_voice/s1/experiments/eva_laused/acoustic_model/inter_module/nn_mgc_lf0_vuv_bap_199/lause01249.cmp
2025-05-09 14:04:14,493     INFO  acoustic_comp: processing file  162 of  249 : /home/meelis/merlin/egs/build_your_own_voice/s1/experiments/eva_laused/acoustic_model/inter_module/nn_mgc_lf0_vuv_bap_199/lause01298.cmp
2025-05-09 14:04:14,512     INFO  acoustic_comp: processing file  164 of  250 : /home/meelis/merlin/egs/build_your_own_voice/s1/experiments/eva_laused/acoustic_model/inter_module/nn_mgc_lf0_vuv_bap_199/lause01310.cmp
2025-05-09 14:04:14,622     INFO  acoustic_comp: processing file  162 of  250 : /home/meelis/merlin/egs/build_your_own_voice/s1/experiments/eva_laused/acoustic_model/inter_module/nn_mgc_lf0_vuv_bap_199/lause01291.cmp
2025-05-09 14:04:14,761     INFO  acoustic_comp: processing file  157 of  250 : /home/meelis/merlin/egs/build_your_own_voice/s1/experiments/eva_laused/acoustic_model/inter_module/nn_mgc_lf0_vuv_bap_199/lause01255.cmp
2025-05-09 14:04:14,962     INFO  acoustic_comp: processing file  161 of  250 : /home/meelis/merlin/egs/build_your_own_voice/s1/experiments/eva_laused/acoustic_model/inter_module/nn_mgc_lf0_vuv_bap_199/lause01288.cmp
2025-05-09 14:04:14,997     INFO  acoustic_comp: processing file  163 of  250 : /home/meelis/merlin/egs/build_your_own_voice/s1/experiments/eva_laused/acoustic_model/inter_module/nn_mgc_lf0_vuv_bap_199/lause01300.cmp
2025-05-09 14:04:15,117     INFO  acoustic_comp: processing file  163 of  250 : /home/meelis/merlin/egs/build_your_own_voice/s1/experiments/eva_laused/acoustic_model/inter_module/nn_mgc_lf0_vuv_bap_199/lause01301.cmp
2025-05-09 14:04:15,548     INFO  acoustic_comp: processing file  163 of  249 : /home/meelis/merlin/egs/build_your_own_voice/s1/experiments/eva_laused/acoustic_model/inter_module/nn_mgc_lf0_vuv_bap_199/lause01306.cmp
2025-05-09 14:04:15,691     INFO  acoustic_comp: processing file  157 of  249 : /home/meelis/merlin/egs/build_your_own_voice/s1/experiments/eva_laused/acoustic_model/inter_module/nn_mgc_lf0_vuv_bap_199/lause01257.cmp
2025-05-09 14:04:15,718     INFO  acoustic_comp: processing file  165 of  250 : /home/meelis/merlin/egs/build_your_own_voice/s1/experiments/eva_laused/acoustic_model/inter_module/nn_mgc_lf0_vuv_bap_199/lause01318.cmp
2025-05-09 14:04:16,158     INFO  acoustic_comp: processing file  163 of  250 : /home/meelis/merlin/egs/build_your_own_voice/s1/experiments/eva_laused/acoustic_model/inter_module/nn_mgc_lf0_vuv_bap_199/lause01299.cmp
2025-05-09 14:04:16,447     INFO  acoustic_comp: processing file  162 of  250 : /home/meelis/merlin/egs/build_your_own_voice/s1/experiments/eva_laused/acoustic_model/inter_module/nn_mgc_lf0_vuv_bap_199/lause01296.cmp
2025-05-09 14:04:16,711     INFO  acoustic_comp: processing file  164 of  250 : /home/meelis/merlin/egs/build_your_own_voice/s1/experiments/eva_laused/acoustic_model/inter_module/nn_mgc_lf0_vuv_bap_199/lause01308.cmp
2025-05-09 14:04:16,781     INFO  acoustic_comp: processing file  158 of  249 : /home/meelis/merlin/egs/build_your_own_voice/s1/experiments/eva_laused/acoustic_model/inter_module/nn_mgc_lf0_vuv_bap_199/lause01265.cmp
2025-05-09 14:04:16,803     INFO  acoustic_comp: processing file  164 of  250 : /home/meelis/merlin/egs/build_your_own_voice/s1/experiments/eva_laused/acoustic_model/inter_module/nn_mgc_lf0_vuv_bap_199/lause01309.cmp
2025-05-09 14:04:16,937     INFO  acoustic_comp: processing file  158 of  250 : /home/meelis/merlin/egs/build_your_own_voice/s1/experiments/eva_laused/acoustic_model/inter_module/nn_mgc_lf0_vuv_bap_199/lause01263.cmp
2025-05-09 14:04:17,242     INFO  acoustic_comp: processing file  164 of  250 : /home/meelis/merlin/egs/build_your_own_voice/s1/experiments/eva_laused/acoustic_model/inter_module/nn_mgc_lf0_vuv_bap_199/lause01307.cmp
2025-05-09 14:04:17,491     INFO  acoustic_comp: processing file  164 of  249 : /home/meelis/merlin/egs/build_your_own_voice/s1/experiments/eva_laused/acoustic_model/inter_module/nn_mgc_lf0_vuv_bap_199/lause01314.cmp
2025-05-09 14:04:17,740     INFO  acoustic_comp: processing file  166 of  250 : /home/meelis/merlin/egs/build_your_own_voice/s1/experiments/eva_laused/acoustic_model/inter_module/nn_mgc_lf0_vuv_bap_199/lause01326.cmp
2025-05-09 14:04:17,744     INFO  acoustic_comp: processing file  163 of  250 : /home/meelis/merlin/egs/build_your_own_voice/s1/experiments/eva_laused/acoustic_model/inter_module/nn_mgc_lf0_vuv_bap_199/lause01304.cmp
2025-05-09 14:04:17,798     INFO  acoustic_comp: processing file  159 of  249 : /home/meelis/merlin/egs/build_your_own_voice/s1/experiments/eva_laused/acoustic_model/inter_module/nn_mgc_lf0_vuv_bap_199/lause01273.cmp
2025-05-09 14:04:18,350     INFO  acoustic_comp: processing file  159 of  250 : /home/meelis/merlin/egs/build_your_own_voice/s1/experiments/eva_laused/acoustic_model/inter_module/nn_mgc_lf0_vuv_bap_199/lause01271.cmp
2025-05-09 14:04:18,683     INFO  acoustic_comp: processing file  165 of  250 : /home/meelis/merlin/egs/build_your_own_voice/s1/experiments/eva_laused/acoustic_model/inter_module/nn_mgc_lf0_vuv_bap_199/lause01317.cmp
2025-05-09 14:04:18,844     INFO  acoustic_comp: processing file  165 of  250 : /home/meelis/merlin/egs/build_your_own_voice/s1/experiments/eva_laused/acoustic_model/inter_module/nn_mgc_lf0_vuv_bap_199/lause01315.cmp
2025-05-09 14:04:18,910     INFO  acoustic_comp: processing file  165 of  250 : /home/meelis/merlin/egs/build_your_own_voice/s1/experiments/eva_laused/acoustic_model/inter_module/nn_mgc_lf0_vuv_bap_199/lause01316.cmp
2025-05-09 14:04:19,160     INFO  acoustic_comp: processing file  160 of  249 : /home/meelis/merlin/egs/build_your_own_voice/s1/experiments/eva_laused/acoustic_model/inter_module/nn_mgc_lf0_vuv_bap_199/lause01281.cmp
2025-05-09 14:04:19,339     INFO  acoustic_comp: processing file  165 of  249 : /home/meelis/merlin/egs/build_your_own_voice/s1/experiments/eva_laused/acoustic_model/inter_module/nn_mgc_lf0_vuv_bap_199/lause01322.cmp
2025-05-09 14:04:20,036     INFO  acoustic_comp: processing file  166 of  250 : /home/meelis/merlin/egs/build_your_own_voice/s1/experiments/eva_laused/acoustic_model/inter_module/nn_mgc_lf0_vuv_bap_199/lause01325.cmp
2025-05-09 14:04:20,057     INFO  acoustic_comp: processing file  164 of  250 : /home/meelis/merlin/egs/build_your_own_voice/s1/experiments/eva_laused/acoustic_model/inter_module/nn_mgc_lf0_vuv_bap_199/lause01312.cmp
2025-05-09 14:04:20,106     INFO  acoustic_comp: processing file  160 of  250 : /home/meelis/merlin/egs/build_your_own_voice/s1/experiments/eva_laused/acoustic_model/inter_module/nn_mgc_lf0_vuv_bap_199/lause01279.cmp
2025-05-09 14:04:20,115     INFO  acoustic_comp: processing file  166 of  250 : /home/meelis/merlin/egs/build_your_own_voice/s1/experiments/eva_laused/acoustic_model/inter_module/nn_mgc_lf0_vuv_bap_199/lause01324.cmp
2025-05-09 14:04:20,390     INFO  acoustic_comp: processing file  166 of  250 : /home/meelis/merlin/egs/build_your_own_voice/s1/experiments/eva_laused/acoustic_model/inter_module/nn_mgc_lf0_vuv_bap_199/lause01323.cmp
2025-05-09 14:04:20,727     INFO  acoustic_comp: processing file  161 of  249 : /home/meelis/merlin/egs/build_your_own_voice/s1/experiments/eva_laused/acoustic_model/inter_module/nn_mgc_lf0_vuv_bap_199/lause01289.cmp
2025-05-09 14:04:20,728     INFO  acoustic_comp: processing file  167 of  250 : /home/meelis/merlin/egs/build_your_own_voice/s1/experiments/eva_laused/acoustic_model/inter_module/nn_mgc_lf0_vuv_bap_199/lause01334.cmp
2025-05-09 14:04:20,748     INFO  acoustic_comp: processing file  166 of  249 : /home/meelis/merlin/egs/build_your_own_voice/s1/experiments/eva_laused/acoustic_model/inter_module/nn_mgc_lf0_vuv_bap_199/lause01330.cmp
2025-05-09 14:04:21,731     INFO  acoustic_comp: processing file  167 of  250 : /home/meelis/merlin/egs/build_your_own_voice/s1/experiments/eva_laused/acoustic_model/inter_module/nn_mgc_lf0_vuv_bap_199/lause01331.cmp
2025-05-09 14:04:21,849     INFO  acoustic_comp: processing file  168 of  250 : /home/meelis/merlin/egs/build_your_own_voice/s1/experiments/eva_laused/acoustic_model/inter_module/nn_mgc_lf0_vuv_bap_199/lause01342.cmp
2025-05-09 14:04:21,939     INFO  acoustic_comp: processing file  167 of  250 : /home/meelis/merlin/egs/build_your_own_voice/s1/experiments/eva_laused/acoustic_model/inter_module/nn_mgc_lf0_vuv_bap_199/lause01332.cmp
2025-05-09 14:04:22,046     INFO  acoustic_comp: processing file  167 of  250 : /home/meelis/merlin/egs/build_your_own_voice/s1/experiments/eva_laused/acoustic_model/inter_module/nn_mgc_lf0_vuv_bap_199/lause01333.cmp
2025-05-09 14:04:22,283     INFO  acoustic_comp: processing file  162 of  249 : /home/meelis/merlin/egs/build_your_own_voice/s1/experiments/eva_laused/acoustic_model/inter_module/nn_mgc_lf0_vuv_bap_199/lause01297.cmp
2025-05-09 14:04:22,338     INFO  acoustic_comp: processing file  161 of  250 : /home/meelis/merlin/egs/build_your_own_voice/s1/experiments/eva_laused/acoustic_model/inter_module/nn_mgc_lf0_vuv_bap_199/lause01287.cmp
2025-05-09 14:04:22,767     INFO  acoustic_comp: processing file  165 of  250 : /home/meelis/merlin/egs/build_your_own_voice/s1/experiments/eva_laused/acoustic_model/inter_module/nn_mgc_lf0_vuv_bap_199/lause01320.cmp
2025-05-09 14:04:23,026     INFO  acoustic_comp: processing file  167 of  249 : /home/meelis/merlin/egs/build_your_own_voice/s1/experiments/eva_laused/acoustic_model/inter_module/nn_mgc_lf0_vuv_bap_199/lause01338.cmp
2025-05-09 14:04:23,071     INFO  acoustic_comp: processing file  168 of  250 : /home/meelis/merlin/egs/build_your_own_voice/s1/experiments/eva_laused/acoustic_model/inter_module/nn_mgc_lf0_vuv_bap_199/lause01341.cmp
2025-05-09 14:04:23,222     INFO  acoustic_comp: processing file  169 of  250 : /home/meelis/merlin/egs/build_your_own_voice/s1/experiments/eva_laused/acoustic_model/inter_module/nn_mgc_lf0_vuv_bap_199/lause01350.cmp
2025-05-09 14:04:23,525     INFO  acoustic_comp: processing file  163 of  249 : /home/meelis/merlin/egs/build_your_own_voice/s1/experiments/eva_laused/acoustic_model/inter_module/nn_mgc_lf0_vuv_bap_199/lause01305.cmp
2025-05-09 14:04:23,983     INFO  acoustic_comp: processing file  168 of  250 : /home/meelis/merlin/egs/build_your_own_voice/s1/experiments/eva_laused/acoustic_model/inter_module/nn_mgc_lf0_vuv_bap_199/lause01339.cmp
2025-05-09 14:04:24,028     INFO  acoustic_comp: processing file  168 of  250 : /home/meelis/merlin/egs/build_your_own_voice/s1/experiments/eva_laused/acoustic_model/inter_module/nn_mgc_lf0_vuv_bap_199/lause01340.cmp
2025-05-09 14:04:24,203     INFO  acoustic_comp: processing file  162 of  250 : /home/meelis/merlin/egs/build_your_own_voice/s1/experiments/eva_laused/acoustic_model/inter_module/nn_mgc_lf0_vuv_bap_199/lause01295.cmp
2025-05-09 14:04:24,273     INFO  acoustic_comp: processing file  166 of  250 : /home/meelis/merlin/egs/build_your_own_voice/s1/experiments/eva_laused/acoustic_model/inter_module/nn_mgc_lf0_vuv_bap_199/lause01328.cmp
2025-05-09 14:04:24,892     INFO  acoustic_comp: processing file  168 of  249 : /home/meelis/merlin/egs/build_your_own_voice/s1/experiments/eva_laused/acoustic_model/inter_module/nn_mgc_lf0_vuv_bap_199/lause01346.cmp
2025-05-09 14:04:25,055     INFO  acoustic_comp: processing file  170 of  250 : /home/meelis/merlin/egs/build_your_own_voice/s1/experiments/eva_laused/acoustic_model/inter_module/nn_mgc_lf0_vuv_bap_199/lause01358.cmp
2025-05-09 14:04:25,162     INFO  acoustic_comp: processing file  164 of  249 : /home/meelis/merlin/egs/build_your_own_voice/s1/experiments/eva_laused/acoustic_model/inter_module/nn_mgc_lf0_vuv_bap_199/lause01313.cmp
2025-05-09 14:04:25,763     INFO  acoustic_comp: processing file  163 of  250 : /home/meelis/merlin/egs/build_your_own_voice/s1/experiments/eva_laused/acoustic_model/inter_module/nn_mgc_lf0_vuv_bap_199/lause01303.cmp
2025-05-09 14:04:26,456     INFO  acoustic_comp: processing file  169 of  250 : /home/meelis/merlin/egs/build_your_own_voice/s1/experiments/eva_laused/acoustic_model/inter_module/nn_mgc_lf0_vuv_bap_199/lause01347.cmp
2025-05-09 14:04:26,566     INFO  acoustic_comp: processing file  171 of  250 : /home/meelis/merlin/egs/build_your_own_voice/s1/experiments/eva_laused/acoustic_model/inter_module/nn_mgc_lf0_vuv_bap_199/lause01366.cmp
2025-05-09 14:04:26,869     INFO  acoustic_comp: processing file  167 of  250 : /home/meelis/merlin/egs/build_your_own_voice/s1/experiments/eva_laused/acoustic_model/inter_module/nn_mgc_lf0_vuv_bap_199/lause01336.cmp
2025-05-09 14:04:26,875     INFO  acoustic_comp: processing file  164 of  250 : /home/meelis/merlin/egs/build_your_own_voice/s1/experiments/eva_laused/acoustic_model/inter_module/nn_mgc_lf0_vuv_bap_199/lause01311.cmp
2025-05-09 14:04:26,932     INFO  acoustic_comp: processing file  165 of  249 : /home/meelis/merlin/egs/build_your_own_voice/s1/experiments/eva_laused/acoustic_model/inter_module/nn_mgc_lf0_vuv_bap_199/lause01321.cmp
2025-05-09 14:04:27,144     INFO  acoustic_comp: processing file  169 of  249 : /home/meelis/merlin/egs/build_your_own_voice/s1/experiments/eva_laused/acoustic_model/inter_module/nn_mgc_lf0_vuv_bap_199/lause01354.cmp
2025-05-09 14:04:27,258     INFO  acoustic_comp: processing file  169 of  250 : /home/meelis/merlin/egs/build_your_own_voice/s1/experiments/eva_laused/acoustic_model/inter_module/nn_mgc_lf0_vuv_bap_199/lause01348.cmp
2025-05-09 14:04:27,501     INFO  acoustic_comp: processing file  169 of  250 : /home/meelis/merlin/egs/build_your_own_voice/s1/experiments/eva_laused/acoustic_model/inter_module/nn_mgc_lf0_vuv_bap_199/lause01349.cmp
2025-05-09 14:04:28,220     INFO  acoustic_comp: processing file  166 of  249 : /home/meelis/merlin/egs/build_your_own_voice/s1/experiments/eva_laused/acoustic_model/inter_module/nn_mgc_lf0_vuv_bap_199/lause01329.cmp
2025-05-09 14:04:28,398     INFO  acoustic_comp: processing file  165 of  250 : /home/meelis/merlin/egs/build_your_own_voice/s1/experiments/eva_laused/acoustic_model/inter_module/nn_mgc_lf0_vuv_bap_199/lause01319.cmp
2025-05-09 14:04:28,807     INFO  acoustic_comp: processing file  170 of  250 : /home/meelis/merlin/egs/build_your_own_voice/s1/experiments/eva_laused/acoustic_model/inter_module/nn_mgc_lf0_vuv_bap_199/lause01355.cmp
2025-05-09 14:04:29,048     INFO  acoustic_comp: processing file  172 of  250 : /home/meelis/merlin/egs/build_your_own_voice/s1/experiments/eva_laused/acoustic_model/inter_module/nn_mgc_lf0_vuv_bap_199/lause01375.cmp
2025-05-09 14:04:29,269     INFO  acoustic_comp: processing file  170 of  250 : /home/meelis/merlin/egs/build_your_own_voice/s1/experiments/eva_laused/acoustic_model/inter_module/nn_mgc_lf0_vuv_bap_199/lause01356.cmp
2025-05-09 14:04:29,351     INFO  acoustic_comp: processing file  168 of  250 : /home/meelis/merlin/egs/build_your_own_voice/s1/experiments/eva_laused/acoustic_model/inter_module/nn_mgc_lf0_vuv_bap_199/lause01344.cmp
2025-05-09 14:04:29,420     INFO  acoustic_comp: processing file  170 of  249 : /home/meelis/merlin/egs/build_your_own_voice/s1/experiments/eva_laused/acoustic_model/inter_module/nn_mgc_lf0_vuv_bap_199/lause01362.cmp
2025-05-09 14:04:30,057     INFO  acoustic_comp: processing file  170 of  250 : /home/meelis/merlin/egs/build_your_own_voice/s1/experiments/eva_laused/acoustic_model/inter_module/nn_mgc_lf0_vuv_bap_199/lause01357.cmp
2025-05-09 14:04:30,276     INFO  acoustic_comp: processing file  166 of  250 : /home/meelis/merlin/egs/build_your_own_voice/s1/experiments/eva_laused/acoustic_model/inter_module/nn_mgc_lf0_vuv_bap_199/lause01327.cmp
2025-05-09 14:04:30,396     INFO  acoustic_comp: processing file  167 of  249 : /home/meelis/merlin/egs/build_your_own_voice/s1/experiments/eva_laused/acoustic_model/inter_module/nn_mgc_lf0_vuv_bap_199/lause01337.cmp
2025-05-09 14:04:30,889     INFO  acoustic_comp: processing file  171 of  250 : /home/meelis/merlin/egs/build_your_own_voice/s1/experiments/eva_laused/acoustic_model/inter_module/nn_mgc_lf0_vuv_bap_199/lause01363.cmp
2025-05-09 14:04:31,347     INFO  acoustic_comp: processing file  171 of  249 : /home/meelis/merlin/egs/build_your_own_voice/s1/experiments/eva_laused/acoustic_model/inter_module/nn_mgc_lf0_vuv_bap_199/lause01370.cmp
2025-05-09 14:04:31,390     INFO  acoustic_comp: processing file  173 of  250 : /home/meelis/merlin/egs/build_your_own_voice/s1/experiments/eva_laused/acoustic_model/inter_module/nn_mgc_lf0_vuv_bap_199/lause01383.cmp
2025-05-09 14:04:31,404     INFO  acoustic_comp: processing file  169 of  250 : /home/meelis/merlin/egs/build_your_own_voice/s1/experiments/eva_laused/acoustic_model/inter_module/nn_mgc_lf0_vuv_bap_199/lause01352.cmp
2025-05-09 14:04:31,758     INFO  acoustic_comp: processing file  171 of  250 : /home/meelis/merlin/egs/build_your_own_voice/s1/experiments/eva_laused/acoustic_model/inter_module/nn_mgc_lf0_vuv_bap_199/lause01365.cmp
2025-05-09 14:04:32,924     INFO  acoustic_comp: processing file  168 of  249 : /home/meelis/merlin/egs/build_your_own_voice/s1/experiments/eva_laused/acoustic_model/inter_module/nn_mgc_lf0_vuv_bap_199/lause01345.cmp
2025-05-09 14:04:33,045     INFO  acoustic_comp: processing file  171 of  250 : /home/meelis/merlin/egs/build_your_own_voice/s1/experiments/eva_laused/acoustic_model/inter_module/nn_mgc_lf0_vuv_bap_199/lause01364.cmp
2025-05-09 14:04:33,334     INFO  acoustic_comp: processing file  172 of  250 : /home/meelis/merlin/egs/build_your_own_voice/s1/experiments/eva_laused/acoustic_model/inter_module/nn_mgc_lf0_vuv_bap_199/lause01371.cmp
2025-05-09 14:04:33,527     INFO  acoustic_comp: processing file  174 of  250 : /home/meelis/merlin/egs/build_your_own_voice/s1/experiments/eva_laused/acoustic_model/inter_module/nn_mgc_lf0_vuv_bap_199/lause01391.cmp
2025-05-09 14:04:33,552     INFO  acoustic_comp: processing file  170 of  250 : /home/meelis/merlin/egs/build_your_own_voice/s1/experiments/eva_laused/acoustic_model/inter_module/nn_mgc_lf0_vuv_bap_199/lause01360.cmp
2025-05-09 14:04:33,643     INFO  acoustic_comp: processing file  172 of  250 : /home/meelis/merlin/egs/build_your_own_voice/s1/experiments/eva_laused/acoustic_model/inter_module/nn_mgc_lf0_vuv_bap_199/lause01373.cmp
2025-05-09 14:04:33,953     INFO  acoustic_comp: processing file  172 of  249 : /home/meelis/merlin/egs/build_your_own_voice/s1/experiments/eva_laused/acoustic_model/inter_module/nn_mgc_lf0_vuv_bap_199/lause01379.cmp
2025-05-09 14:04:34,609     INFO  acoustic_comp: processing file  167 of  250 : /home/meelis/merlin/egs/build_your_own_voice/s1/experiments/eva_laused/acoustic_model/inter_module/nn_mgc_lf0_vuv_bap_199/lause01335.cmp
2025-05-09 14:04:35,119     INFO  acoustic_comp: processing file  175 of  250 : /home/meelis/merlin/egs/build_your_own_voice/s1/experiments/eva_laused/acoustic_model/inter_module/nn_mgc_lf0_vuv_bap_199/lause01399.cmp
2025-05-09 14:04:35,889     INFO  acoustic_comp: processing file  172 of  250 : /home/meelis/merlin/egs/build_your_own_voice/s1/experiments/eva_laused/acoustic_model/inter_module/nn_mgc_lf0_vuv_bap_199/lause01372.cmp
2025-05-09 14:04:35,968     INFO  acoustic_comp: processing file  173 of  250 : /home/meelis/merlin/egs/build_your_own_voice/s1/experiments/eva_laused/acoustic_model/inter_module/nn_mgc_lf0_vuv_bap_199/lause01382.cmp
2025-05-09 14:04:36,050     INFO  acoustic_comp: processing file  173 of  250 : /home/meelis/merlin/egs/build_your_own_voice/s1/experiments/eva_laused/acoustic_model/inter_module/nn_mgc_lf0_vuv_bap_199/lause01380.cmp
2025-05-09 14:04:36,053     INFO  acoustic_comp: processing file  169 of  249 : /home/meelis/merlin/egs/build_your_own_voice/s1/experiments/eva_laused/acoustic_model/inter_module/nn_mgc_lf0_vuv_bap_199/lause01353.cmp
2025-05-09 14:04:36,255     INFO  acoustic_comp: processing file  168 of  250 : /home/meelis/merlin/egs/build_your_own_voice/s1/experiments/eva_laused/acoustic_model/inter_module/nn_mgc_lf0_vuv_bap_199/lause01343.cmp
2025-05-09 14:04:36,512     INFO  acoustic_comp: processing file  171 of  250 : /home/meelis/merlin/egs/build_your_own_voice/s1/experiments/eva_laused/acoustic_model/inter_module/nn_mgc_lf0_vuv_bap_199/lause01368.cmp
2025-05-09 14:04:36,685     INFO  acoustic_comp: processing file  173 of  249 : /home/meelis/merlin/egs/build_your_own_voice/s1/experiments/eva_laused/acoustic_model/inter_module/nn_mgc_lf0_vuv_bap_199/lause01387.cmp
2025-05-09 14:04:37,490     INFO  acoustic_comp: processing file  170 of  249 : /home/meelis/merlin/egs/build_your_own_voice/s1/experiments/eva_laused/acoustic_model/inter_module/nn_mgc_lf0_vuv_bap_199/lause01361.cmp
2025-05-09 14:04:37,915     INFO  acoustic_comp: processing file  174 of  250 : /home/meelis/merlin/egs/build_your_own_voice/s1/experiments/eva_laused/acoustic_model/inter_module/nn_mgc_lf0_vuv_bap_199/lause01390.cmp
2025-05-09 14:04:38,094     INFO  acoustic_comp: processing file  176 of  250 : /home/meelis/merlin/egs/build_your_own_voice/s1/experiments/eva_laused/acoustic_model/inter_module/nn_mgc_lf0_vuv_bap_199/lause01407.cmp
2025-05-09 14:04:38,437     INFO  acoustic_comp: processing file  172 of  250 : /home/meelis/merlin/egs/build_your_own_voice/s1/experiments/eva_laused/acoustic_model/inter_module/nn_mgc_lf0_vuv_bap_199/lause01377.cmp
2025-05-09 14:04:38,480     INFO  acoustic_comp: processing file  169 of  250 : /home/meelis/merlin/egs/build_your_own_voice/s1/experiments/eva_laused/acoustic_model/inter_module/nn_mgc_lf0_vuv_bap_199/lause01351.cmp
2025-05-09 14:04:39,161     INFO  acoustic_comp: processing file  174 of  250 : /home/meelis/merlin/egs/build_your_own_voice/s1/experiments/eva_laused/acoustic_model/inter_module/nn_mgc_lf0_vuv_bap_199/lause01388.cmp
2025-05-09 14:04:39,163     INFO  acoustic_comp: processing file  173 of  250 : /home/meelis/merlin/egs/build_your_own_voice/s1/experiments/eva_laused/acoustic_model/inter_module/nn_mgc_lf0_vuv_bap_199/lause01381.cmp
2025-05-09 14:04:39,643     INFO  acoustic_comp: processing file  171 of  249 : /home/meelis/merlin/egs/build_your_own_voice/s1/experiments/eva_laused/acoustic_model/inter_module/nn_mgc_lf0_vuv_bap_199/lause01369.cmp
2025-05-09 14:04:40,397     INFO  acoustic_comp: processing file  170 of  250 : /home/meelis/merlin/egs/build_your_own_voice/s1/experiments/eva_laused/acoustic_model/inter_module/nn_mgc_lf0_vuv_bap_199/lause01359.cmp
2025-05-09 14:04:40,488     INFO  acoustic_comp: processing file  177 of  250 : /home/meelis/merlin/egs/build_your_own_voice/s1/experiments/eva_laused/acoustic_model/inter_module/nn_mgc_lf0_vuv_bap_199/lause01415.cmp
2025-05-09 14:04:41,017     INFO  acoustic_comp: processing file  175 of  250 : /home/meelis/merlin/egs/build_your_own_voice/s1/experiments/eva_laused/acoustic_model/inter_module/nn_mgc_lf0_vuv_bap_199/lause01398.cmp
2025-05-09 14:04:41,141     INFO  acoustic_comp: processing file  174 of  249 : /home/meelis/merlin/egs/build_your_own_voice/s1/experiments/eva_laused/acoustic_model/inter_module/nn_mgc_lf0_vuv_bap_199/lause01395.cmp
2025-05-09 14:04:41,439     INFO  acoustic_comp: processing file  172 of  249 : /home/meelis/merlin/egs/build_your_own_voice/s1/experiments/eva_laused/acoustic_model/inter_module/nn_mgc_lf0_vuv_bap_199/lause01378.cmp
2025-05-09 14:04:41,858     INFO  acoustic_comp: processing file  174 of  250 : /home/meelis/merlin/egs/build_your_own_voice/s1/experiments/eva_laused/acoustic_model/inter_module/nn_mgc_lf0_vuv_bap_199/lause01389.cmp
2025-05-09 14:04:42,113     INFO  acoustic_comp: processing file  175 of  250 : /home/meelis/merlin/egs/build_your_own_voice/s1/experiments/eva_laused/acoustic_model/inter_module/nn_mgc_lf0_vuv_bap_199/lause01396.cmp
2025-05-09 14:04:42,317     INFO  acoustic_comp: processing file  173 of  250 : /home/meelis/merlin/egs/build_your_own_voice/s1/experiments/eva_laused/acoustic_model/inter_module/nn_mgc_lf0_vuv_bap_199/lause01385.cmp
2025-05-09 14:04:42,545     INFO  acoustic_comp: processing file  175 of  249 : /home/meelis/merlin/egs/build_your_own_voice/s1/experiments/eva_laused/acoustic_model/inter_module/nn_mgc_lf0_vuv_bap_199/lause01403.cmp
2025-05-09 14:04:42,957     INFO  acoustic_comp: processing file  171 of  250 : /home/meelis/merlin/egs/build_your_own_voice/s1/experiments/eva_laused/acoustic_model/inter_module/nn_mgc_lf0_vuv_bap_199/lause01367.cmp
2025-05-09 14:04:43,429     INFO  acoustic_comp: processing file  178 of  250 : /home/meelis/merlin/egs/build_your_own_voice/s1/experiments/eva_laused/acoustic_model/inter_module/nn_mgc_lf0_vuv_bap_199/lause01423.cmp
2025-05-09 14:04:43,903     INFO  acoustic_comp: processing file  176 of  250 : /home/meelis/merlin/egs/build_your_own_voice/s1/experiments/eva_laused/acoustic_model/inter_module/nn_mgc_lf0_vuv_bap_199/lause01406.cmp
2025-05-09 14:04:44,259     INFO  acoustic_comp: processing file  176 of  250 : /home/meelis/merlin/egs/build_your_own_voice/s1/experiments/eva_laused/acoustic_model/inter_module/nn_mgc_lf0_vuv_bap_199/lause01404.cmp
2025-05-09 14:04:44,452     INFO  acoustic_comp: processing file  173 of  249 : /home/meelis/merlin/egs/build_your_own_voice/s1/experiments/eva_laused/acoustic_model/inter_module/nn_mgc_lf0_vuv_bap_199/lause01386.cmp
2025-05-09 14:04:44,951     INFO  acoustic_comp: processing file  176 of  249 : /home/meelis/merlin/egs/build_your_own_voice/s1/experiments/eva_laused/acoustic_model/inter_module/nn_mgc_lf0_vuv_bap_199/lause01411.cmp
2025-05-09 14:04:44,963     INFO  acoustic_comp: processing file  174 of  250 : /home/meelis/merlin/egs/build_your_own_voice/s1/experiments/eva_laused/acoustic_model/inter_module/nn_mgc_lf0_vuv_bap_199/lause01393.cmp
2025-05-09 14:04:44,971     INFO  acoustic_comp: processing file  175 of  250 : /home/meelis/merlin/egs/build_your_own_voice/s1/experiments/eva_laused/acoustic_model/inter_module/nn_mgc_lf0_vuv_bap_199/lause01397.cmp
2025-05-09 14:04:44,981     INFO  acoustic_comp: processing file  172 of  250 : /home/meelis/merlin/egs/build_your_own_voice/s1/experiments/eva_laused/acoustic_model/inter_module/nn_mgc_lf0_vuv_bap_199/lause01376.cmp
2025-05-09 14:04:46,383     INFO  acoustic_comp: processing file  179 of  250 : /home/meelis/merlin/egs/build_your_own_voice/s1/experiments/eva_laused/acoustic_model/inter_module/nn_mgc_lf0_vuv_bap_199/lause01431.cmp
2025-05-09 14:04:46,553     INFO  acoustic_comp: processing file  173 of  250 : /home/meelis/merlin/egs/build_your_own_voice/s1/experiments/eva_laused/acoustic_model/inter_module/nn_mgc_lf0_vuv_bap_199/lause01384.cmp
2025-05-09 14:04:46,692     INFO  acoustic_comp: processing file  175 of  250 : /home/meelis/merlin/egs/build_your_own_voice/s1/experiments/eva_laused/acoustic_model/inter_module/nn_mgc_lf0_vuv_bap_199/lause01401.cmp
2025-05-09 14:04:46,748     INFO  acoustic_comp: processing file  177 of  250 : /home/meelis/merlin/egs/build_your_own_voice/s1/experiments/eva_laused/acoustic_model/inter_module/nn_mgc_lf0_vuv_bap_199/lause01412.cmp
2025-05-09 14:04:46,778     INFO  acoustic_comp: processing file  176 of  250 : /home/meelis/merlin/egs/build_your_own_voice/s1/experiments/eva_laused/acoustic_model/inter_module/nn_mgc_lf0_vuv_bap_199/lause01405.cmp
2025-05-09 14:04:47,171     INFO  acoustic_comp: processing file  174 of  249 : /home/meelis/merlin/egs/build_your_own_voice/s1/experiments/eva_laused/acoustic_model/inter_module/nn_mgc_lf0_vuv_bap_199/lause01394.cmp
2025-05-09 14:04:47,340     INFO  acoustic_comp: processing file  177 of  250 : /home/meelis/merlin/egs/build_your_own_voice/s1/experiments/eva_laused/acoustic_model/inter_module/nn_mgc_lf0_vuv_bap_199/lause01414.cmp
2025-05-09 14:04:47,818     INFO  acoustic_comp: processing file  177 of  249 : /home/meelis/merlin/egs/build_your_own_voice/s1/experiments/eva_laused/acoustic_model/inter_module/nn_mgc_lf0_vuv_bap_199/lause01419.cmp
2025-05-09 14:04:48,084     INFO  acoustic_comp: processing file  180 of  250 : /home/meelis/merlin/egs/build_your_own_voice/s1/experiments/eva_laused/acoustic_model/inter_module/nn_mgc_lf0_vuv_bap_199/lause01439.cmp
2025-05-09 14:04:48,637     INFO  acoustic_comp: processing file  175 of  249 : /home/meelis/merlin/egs/build_your_own_voice/s1/experiments/eva_laused/acoustic_model/inter_module/nn_mgc_lf0_vuv_bap_199/lause01402.cmp
2025-05-09 14:04:48,861     INFO  acoustic_comp: processing file  177 of  250 : /home/meelis/merlin/egs/build_your_own_voice/s1/experiments/eva_laused/acoustic_model/inter_module/nn_mgc_lf0_vuv_bap_199/lause01413.cmp
2025-05-09 14:04:48,931     INFO  acoustic_comp: processing file  176 of  250 : /home/meelis/merlin/egs/build_your_own_voice/s1/experiments/eva_laused/acoustic_model/inter_module/nn_mgc_lf0_vuv_bap_199/lause01409.cmp
2025-05-09 14:04:49,252     INFO  acoustic_comp: processing file  178 of  250 : /home/meelis/merlin/egs/build_your_own_voice/s1/experiments/eva_laused/acoustic_model/inter_module/nn_mgc_lf0_vuv_bap_199/lause01420.cmp
2025-05-09 14:04:49,458     INFO  acoustic_comp: processing file  174 of  250 : /home/meelis/merlin/egs/build_your_own_voice/s1/experiments/eva_laused/acoustic_model/inter_module/nn_mgc_lf0_vuv_bap_199/lause01392.cmp
2025-05-09 14:04:49,574     INFO  acoustic_comp: processing file  181 of  250 : /home/meelis/merlin/egs/build_your_own_voice/s1/experiments/eva_laused/acoustic_model/inter_module/nn_mgc_lf0_vuv_bap_199/lause01447.cmp
2025-05-09 14:04:50,730     INFO  acoustic_comp: processing file  176 of  249 : /home/meelis/merlin/egs/build_your_own_voice/s1/experiments/eva_laused/acoustic_model/inter_module/nn_mgc_lf0_vuv_bap_199/lause01410.cmp
2025-05-09 14:04:51,189     INFO  acoustic_comp: processing file  182 of  250 : /home/meelis/merlin/egs/build_your_own_voice/s1/experiments/eva_laused/acoustic_model/inter_module/nn_mgc_lf0_vuv_bap_199/lause01455.cmp
2025-05-09 14:04:51,506     INFO  acoustic_comp: processing file  178 of  250 : /home/meelis/merlin/egs/build_your_own_voice/s1/experiments/eva_laused/acoustic_model/inter_module/nn_mgc_lf0_vuv_bap_199/lause01421.cmp
2025-05-09 14:04:51,667     INFO  acoustic_comp: processing file  178 of  250 : /home/meelis/merlin/egs/build_your_own_voice/s1/experiments/eva_laused/acoustic_model/inter_module/nn_mgc_lf0_vuv_bap_199/lause01422.cmp
2025-05-09 14:04:52,014     INFO  acoustic_comp: processing file  178 of  249 : /home/meelis/merlin/egs/build_your_own_voice/s1/experiments/eva_laused/acoustic_model/inter_module/nn_mgc_lf0_vuv_bap_199/lause01427.cmp
2025-05-09 14:04:52,030     INFO  acoustic_comp: processing file  179 of  250 : /home/meelis/merlin/egs/build_your_own_voice/s1/experiments/eva_laused/acoustic_model/inter_module/nn_mgc_lf0_vuv_bap_199/lause01428.cmp
2025-05-09 14:04:52,103     INFO  acoustic_comp: processing file  183 of  250 : /home/meelis/merlin/egs/build_your_own_voice/s1/experiments/eva_laused/acoustic_model/inter_module/nn_mgc_lf0_vuv_bap_199/lause01463.cmp
2025-05-09 14:04:52,608     INFO  acoustic_comp: processing file  177 of  249 : /home/meelis/merlin/egs/build_your_own_voice/s1/experiments/eva_laused/acoustic_model/inter_module/nn_mgc_lf0_vuv_bap_199/lause01418.cmp
2025-05-09 14:04:53,035     INFO  acoustic_comp: processing file  175 of  250 : /home/meelis/merlin/egs/build_your_own_voice/s1/experiments/eva_laused/acoustic_model/inter_module/nn_mgc_lf0_vuv_bap_199/lause01400.cmp
2025-05-09 14:04:53,305     INFO  acoustic_comp: processing file  177 of  250 : /home/meelis/merlin/egs/build_your_own_voice/s1/experiments/eva_laused/acoustic_model/inter_module/nn_mgc_lf0_vuv_bap_199/lause01417.cmp
2025-05-09 14:04:53,475     INFO  acoustic_comp: processing file  179 of  249 : /home/meelis/merlin/egs/build_your_own_voice/s1/experiments/eva_laused/acoustic_model/inter_module/nn_mgc_lf0_vuv_bap_199/lause01435.cmp
2025-05-09 14:04:53,575     INFO  acoustic_comp: processing file  184 of  250 : /home/meelis/merlin/egs/build_your_own_voice/s1/experiments/eva_laused/acoustic_model/inter_module/nn_mgc_lf0_vuv_bap_199/lause01471.cmp
2025-05-09 14:04:54,897     INFO  acoustic_comp: processing file  179 of  250 : /home/meelis/merlin/egs/build_your_own_voice/s1/experiments/eva_laused/acoustic_model/inter_module/nn_mgc_lf0_vuv_bap_199/lause01429.cmp
2025-05-09 14:04:54,913     INFO  acoustic_comp: processing file  176 of  250 : /home/meelis/merlin/egs/build_your_own_voice/s1/experiments/eva_laused/acoustic_model/inter_module/nn_mgc_lf0_vuv_bap_199/lause01408.cmp
2025-05-09 14:04:55,007     INFO  acoustic_comp: processing file  179 of  250 : /home/meelis/merlin/egs/build_your_own_voice/s1/experiments/eva_laused/acoustic_model/inter_module/nn_mgc_lf0_vuv_bap_199/lause01430.cmp
2025-05-09 14:04:55,271     INFO  acoustic_comp: processing file  178 of  249 : /home/meelis/merlin/egs/build_your_own_voice/s1/experiments/eva_laused/acoustic_model/inter_module/nn_mgc_lf0_vuv_bap_199/lause01426.cmp
2025-05-09 14:04:55,371     INFO  acoustic_comp: processing file  185 of  250 : /home/meelis/merlin/egs/build_your_own_voice/s1/experiments/eva_laused/acoustic_model/inter_module/nn_mgc_lf0_vuv_bap_199/lause01479.cmp
2025-05-09 14:04:55,789     INFO  acoustic_comp: processing file  180 of  250 : /home/meelis/merlin/egs/build_your_own_voice/s1/experiments/eva_laused/acoustic_model/inter_module/nn_mgc_lf0_vuv_bap_199/lause01436.cmp
2025-05-09 14:04:55,887     INFO  acoustic_comp: processing file  178 of  250 : /home/meelis/merlin/egs/build_your_own_voice/s1/experiments/eva_laused/acoustic_model/inter_module/nn_mgc_lf0_vuv_bap_199/lause01425.cmp
2025-05-09 14:04:56,255     INFO  acoustic_comp: processing file  180 of  249 : /home/meelis/merlin/egs/build_your_own_voice/s1/experiments/eva_laused/acoustic_model/inter_module/nn_mgc_lf0_vuv_bap_199/lause01443.cmp
2025-05-09 14:04:56,456     INFO  acoustic_comp: processing file  177 of  250 : /home/meelis/merlin/egs/build_your_own_voice/s1/experiments/eva_laused/acoustic_model/inter_module/nn_mgc_lf0_vuv_bap_199/lause01416.cmp
2025-05-09 14:04:56,636     INFO  acoustic_comp: processing file  179 of  249 : /home/meelis/merlin/egs/build_your_own_voice/s1/experiments/eva_laused/acoustic_model/inter_module/nn_mgc_lf0_vuv_bap_199/lause01434.cmp
2025-05-09 14:04:57,306     INFO  acoustic_comp: processing file  181 of  249 : /home/meelis/merlin/egs/build_your_own_voice/s1/experiments/eva_laused/acoustic_model/inter_module/nn_mgc_lf0_vuv_bap_199/lause01451.cmp
2025-05-09 14:04:57,474     INFO  acoustic_comp: processing file  186 of  250 : /home/meelis/merlin/egs/build_your_own_voice/s1/experiments/eva_laused/acoustic_model/inter_module/nn_mgc_lf0_vuv_bap_199/lause01487.cmp
2025-05-09 14:04:57,536     INFO  acoustic_comp: processing file  179 of  250 : /home/meelis/merlin/egs/build_your_own_voice/s1/experiments/eva_laused/acoustic_model/inter_module/nn_mgc_lf0_vuv_bap_199/lause01433.cmp
2025-05-09 14:04:57,779     INFO  acoustic_comp: processing file  180 of  250 : /home/meelis/merlin/egs/build_your_own_voice/s1/experiments/eva_laused/acoustic_model/inter_module/nn_mgc_lf0_vuv_bap_199/lause01438.cmp
2025-05-09 14:04:57,846     INFO  acoustic_comp: processing file  180 of  250 : /home/meelis/merlin/egs/build_your_own_voice/s1/experiments/eva_laused/acoustic_model/inter_module/nn_mgc_lf0_vuv_bap_199/lause01437.cmp
2025-05-09 14:04:58,743     INFO  acoustic_comp: processing file  180 of  249 : /home/meelis/merlin/egs/build_your_own_voice/s1/experiments/eva_laused/acoustic_model/inter_module/nn_mgc_lf0_vuv_bap_199/lause01442.cmp
2025-05-09 14:04:58,875     INFO  acoustic_comp: processing file  181 of  250 : /home/meelis/merlin/egs/build_your_own_voice/s1/experiments/eva_laused/acoustic_model/inter_module/nn_mgc_lf0_vuv_bap_199/lause01444.cmp
2025-05-09 14:04:59,074     INFO  acoustic_comp: processing file  181 of  250 : /home/meelis/merlin/egs/build_your_own_voice/s1/experiments/eva_laused/acoustic_model/inter_module/nn_mgc_lf0_vuv_bap_199/lause01446.cmp
2025-05-09 14:04:59,356     INFO  acoustic_comp: processing file  178 of  250 : /home/meelis/merlin/egs/build_your_own_voice/s1/experiments/eva_laused/acoustic_model/inter_module/nn_mgc_lf0_vuv_bap_199/lause01424.cmp
2025-05-09 14:04:59,412     INFO  acoustic_comp: processing file  180 of  250 : /home/meelis/merlin/egs/build_your_own_voice/s1/experiments/eva_laused/acoustic_model/inter_module/nn_mgc_lf0_vuv_bap_199/lause01441.cmp
2025-05-09 14:04:59,480     INFO  acoustic_comp: processing file  181 of  250 : /home/meelis/merlin/egs/build_your_own_voice/s1/experiments/eva_laused/acoustic_model/inter_module/nn_mgc_lf0_vuv_bap_199/lause01445.cmp
2025-05-09 14:04:59,810     INFO  acoustic_comp: processing file  187 of  250 : /home/meelis/merlin/egs/build_your_own_voice/s1/experiments/eva_laused/acoustic_model/inter_module/nn_mgc_lf0_vuv_bap_199/lause01495.cmp
2025-05-09 14:05:00,411     INFO  acoustic_comp: processing file  182 of  249 : /home/meelis/merlin/egs/build_your_own_voice/s1/experiments/eva_laused/acoustic_model/inter_module/nn_mgc_lf0_vuv_bap_199/lause01459.cmp
2025-05-09 14:05:00,705     INFO  acoustic_comp: processing file  181 of  249 : /home/meelis/merlin/egs/build_your_own_voice/s1/experiments/eva_laused/acoustic_model/inter_module/nn_mgc_lf0_vuv_bap_199/lause01450.cmp
2025-05-09 14:05:01,010     INFO  acoustic_comp: processing file  182 of  250 : /home/meelis/merlin/egs/build_your_own_voice/s1/experiments/eva_laused/acoustic_model/inter_module/nn_mgc_lf0_vuv_bap_199/lause01452.cmp
2025-05-09 14:05:01,098     INFO  acoustic_comp: processing file  182 of  250 : /home/meelis/merlin/egs/build_your_own_voice/s1/experiments/eva_laused/acoustic_model/inter_module/nn_mgc_lf0_vuv_bap_199/lause01454.cmp
2025-05-09 14:05:01,198     INFO  acoustic_comp: processing file  188 of  250 : /home/meelis/merlin/egs/build_your_own_voice/s1/experiments/eva_laused/acoustic_model/inter_module/nn_mgc_lf0_vuv_bap_199/lause01503.cmp
2025-05-09 14:05:02,015     INFO  acoustic_comp: processing file  181 of  250 : /home/meelis/merlin/egs/build_your_own_voice/s1/experiments/eva_laused/acoustic_model/inter_module/nn_mgc_lf0_vuv_bap_199/lause01449.cmp
2025-05-09 14:05:02,740     INFO  acoustic_comp: processing file  182 of  249 : /home/meelis/merlin/egs/build_your_own_voice/s1/experiments/eva_laused/acoustic_model/inter_module/nn_mgc_lf0_vuv_bap_199/lause01458.cmp
2025-05-09 14:05:02,832     INFO  acoustic_comp: processing file  189 of  250 : /home/meelis/merlin/egs/build_your_own_voice/s1/experiments/eva_laused/acoustic_model/inter_module/nn_mgc_lf0_vuv_bap_199/lause01511.cmp
2025-05-09 14:05:03,004     INFO  acoustic_comp: processing file  183 of  249 : /home/meelis/merlin/egs/build_your_own_voice/s1/experiments/eva_laused/acoustic_model/inter_module/nn_mgc_lf0_vuv_bap_199/lause01467.cmp
2025-05-09 14:05:03,149     INFO  acoustic_comp: processing file  183 of  250 : /home/meelis/merlin/egs/build_your_own_voice/s1/experiments/eva_laused/acoustic_model/inter_module/nn_mgc_lf0_vuv_bap_199/lause01460.cmp
2025-05-09 14:05:03,240     INFO  acoustic_comp: processing file  182 of  250 : /home/meelis/merlin/egs/build_your_own_voice/s1/experiments/eva_laused/acoustic_model/inter_module/nn_mgc_lf0_vuv_bap_199/lause01453.cmp
2025-05-09 14:05:03,576     INFO  acoustic_comp: processing file  179 of  250 : /home/meelis/merlin/egs/build_your_own_voice/s1/experiments/eva_laused/acoustic_model/inter_module/nn_mgc_lf0_vuv_bap_199/lause01432.cmp
2025-05-09 14:05:03,899     INFO  acoustic_comp: processing file  183 of  249 : /home/meelis/merlin/egs/build_your_own_voice/s1/experiments/eva_laused/acoustic_model/inter_module/nn_mgc_lf0_vuv_bap_199/lause01466.cmp
2025-05-09 14:05:04,322     INFO  acoustic_comp: processing file  184 of  249 : /home/meelis/merlin/egs/build_your_own_voice/s1/experiments/eva_laused/acoustic_model/inter_module/nn_mgc_lf0_vuv_bap_199/lause01475.cmp
2025-05-09 14:05:04,560     INFO  acoustic_comp: processing file  182 of  250 : /home/meelis/merlin/egs/build_your_own_voice/s1/experiments/eva_laused/acoustic_model/inter_module/nn_mgc_lf0_vuv_bap_199/lause01457.cmp
2025-05-09 14:05:04,774     INFO  acoustic_comp: processing file  184 of  250 : /home/meelis/merlin/egs/build_your_own_voice/s1/experiments/eva_laused/acoustic_model/inter_module/nn_mgc_lf0_vuv_bap_199/lause01468.cmp
2025-05-09 14:05:04,954     INFO  acoustic_comp: processing file  183 of  250 : /home/meelis/merlin/egs/build_your_own_voice/s1/experiments/eva_laused/acoustic_model/inter_module/nn_mgc_lf0_vuv_bap_199/lause01462.cmp
2025-05-09 14:05:05,327     INFO  acoustic_comp: processing file  184 of  249 : /home/meelis/merlin/egs/build_your_own_voice/s1/experiments/eva_laused/acoustic_model/inter_module/nn_mgc_lf0_vuv_bap_199/lause01474.cmp
2025-05-09 14:05:05,586     INFO  acoustic_comp: processing file  190 of  250 : /home/meelis/merlin/egs/build_your_own_voice/s1/experiments/eva_laused/acoustic_model/inter_module/nn_mgc_lf0_vuv_bap_199/lause01519.cmp
2025-05-09 14:05:05,609     INFO  acoustic_comp: processing file  185 of  249 : /home/meelis/merlin/egs/build_your_own_voice/s1/experiments/eva_laused/acoustic_model/inter_module/nn_mgc_lf0_vuv_bap_199/lause01483.cmp
2025-05-09 14:05:05,628     INFO  acoustic_comp: processing file  183 of  250 : /home/meelis/merlin/egs/build_your_own_voice/s1/experiments/eva_laused/acoustic_model/inter_module/nn_mgc_lf0_vuv_bap_199/lause01465.cmp
2025-05-09 14:05:05,842     INFO  acoustic_comp: processing file  183 of  250 : /home/meelis/merlin/egs/build_your_own_voice/s1/experiments/eva_laused/acoustic_model/inter_module/nn_mgc_lf0_vuv_bap_199/lause01461.cmp
2025-05-09 14:05:05,894     INFO  acoustic_comp: processing file  185 of  250 : /home/meelis/merlin/egs/build_your_own_voice/s1/experiments/eva_laused/acoustic_model/inter_module/nn_mgc_lf0_vuv_bap_199/lause01476.cmp
2025-05-09 14:05:06,225     INFO  acoustic_comp: processing file  180 of  250 : /home/meelis/merlin/egs/build_your_own_voice/s1/experiments/eva_laused/acoustic_model/inter_module/nn_mgc_lf0_vuv_bap_199/lause01440.cmp
2025-05-09 14:05:06,521     INFO  acoustic_comp: processing file  185 of  249 : /home/meelis/merlin/egs/build_your_own_voice/s1/experiments/eva_laused/acoustic_model/inter_module/nn_mgc_lf0_vuv_bap_199/lause01482.cmp
2025-05-09 14:05:06,554     INFO  acoustic_comp: processing file  184 of  250 : /home/meelis/merlin/egs/build_your_own_voice/s1/experiments/eva_laused/acoustic_model/inter_module/nn_mgc_lf0_vuv_bap_199/lause01470.cmp
2025-05-09 14:05:06,729     INFO  acoustic_comp: processing file  184 of  250 : /home/meelis/merlin/egs/build_your_own_voice/s1/experiments/eva_laused/acoustic_model/inter_module/nn_mgc_lf0_vuv_bap_199/lause01469.cmp
2025-05-09 14:05:06,920     INFO  acoustic_comp: processing file  184 of  250 : /home/meelis/merlin/egs/build_your_own_voice/s1/experiments/eva_laused/acoustic_model/inter_module/nn_mgc_lf0_vuv_bap_199/lause01473.cmp
2025-05-09 14:05:07,031     INFO  acoustic_comp: processing file  186 of  250 : /home/meelis/merlin/egs/build_your_own_voice/s1/experiments/eva_laused/acoustic_model/inter_module/nn_mgc_lf0_vuv_bap_199/lause01484.cmp
2025-05-09 14:05:07,704     INFO  acoustic_comp: processing file  186 of  249 : /home/meelis/merlin/egs/build_your_own_voice/s1/experiments/eva_laused/acoustic_model/inter_module/nn_mgc_lf0_vuv_bap_199/lause01491.cmp
2025-05-09 14:05:07,745     INFO  acoustic_comp: processing file  186 of  249 : /home/meelis/merlin/egs/build_your_own_voice/s1/experiments/eva_laused/acoustic_model/inter_module/nn_mgc_lf0_vuv_bap_199/lause01490.cmp
2025-05-09 14:05:07,768     INFO  acoustic_comp: processing file  185 of  250 : /home/meelis/merlin/egs/build_your_own_voice/s1/experiments/eva_laused/acoustic_model/inter_module/nn_mgc_lf0_vuv_bap_199/lause01478.cmp
2025-05-09 14:05:07,874     INFO  acoustic_comp: processing file  181 of  250 : /home/meelis/merlin/egs/build_your_own_voice/s1/experiments/eva_laused/acoustic_model/inter_module/nn_mgc_lf0_vuv_bap_199/lause01448.cmp
2025-05-09 14:05:08,004     INFO  acoustic_comp: processing file  187 of  250 : /home/meelis/merlin/egs/build_your_own_voice/s1/experiments/eva_laused/acoustic_model/inter_module/nn_mgc_lf0_vuv_bap_199/lause01492.cmp
2025-05-09 14:05:08,840     INFO  acoustic_comp: processing file  185 of  250 : /home/meelis/merlin/egs/build_your_own_voice/s1/experiments/eva_laused/acoustic_model/inter_module/nn_mgc_lf0_vuv_bap_199/lause01481.cmp
2025-05-09 14:05:08,900     INFO  acoustic_comp: processing file  185 of  250 : /home/meelis/merlin/egs/build_your_own_voice/s1/experiments/eva_laused/acoustic_model/inter_module/nn_mgc_lf0_vuv_bap_199/lause01477.cmp
2025-05-09 14:05:08,952     INFO  acoustic_comp: processing file  188 of  250 : /home/meelis/merlin/egs/build_your_own_voice/s1/experiments/eva_laused/acoustic_model/inter_module/nn_mgc_lf0_vuv_bap_199/lause01500.cmp
2025-05-09 14:05:09,058     INFO  acoustic_comp: processing file  187 of  249 : /home/meelis/merlin/egs/build_your_own_voice/s1/experiments/eva_laused/acoustic_model/inter_module/nn_mgc_lf0_vuv_bap_199/lause01498.cmp
2025-05-09 14:05:09,344     INFO  acoustic_comp: processing file  191 of  250 : /home/meelis/merlin/egs/build_your_own_voice/s1/experiments/eva_laused/acoustic_model/inter_module/nn_mgc_lf0_vuv_bap_199/lause01527.cmp
2025-05-09 14:05:09,374     INFO  acoustic_comp: processing file  186 of  250 : /home/meelis/merlin/egs/build_your_own_voice/s1/experiments/eva_laused/acoustic_model/inter_module/nn_mgc_lf0_vuv_bap_199/lause01486.cmp
2025-05-09 14:05:09,573     INFO  acoustic_comp: processing file  187 of  249 : /home/meelis/merlin/egs/build_your_own_voice/s1/experiments/eva_laused/acoustic_model/inter_module/nn_mgc_lf0_vuv_bap_199/lause01499.cmp
2025-05-09 14:05:09,875     INFO  acoustic_comp: processing file  182 of  250 : /home/meelis/merlin/egs/build_your_own_voice/s1/experiments/eva_laused/acoustic_model/inter_module/nn_mgc_lf0_vuv_bap_199/lause01456.cmp
2025-05-09 14:05:09,885     INFO  acoustic_comp: processing file  186 of  250 : /home/meelis/merlin/egs/build_your_own_voice/s1/experiments/eva_laused/acoustic_model/inter_module/nn_mgc_lf0_vuv_bap_199/lause01485.cmp
2025-05-09 14:05:09,889     INFO  acoustic_comp: processing file  189 of  250 : /home/meelis/merlin/egs/build_your_own_voice/s1/experiments/eva_laused/acoustic_model/inter_module/nn_mgc_lf0_vuv_bap_199/lause01508.cmp
2025-05-09 14:05:10,224     INFO  acoustic_comp: processing file  188 of  249 : /home/meelis/merlin/egs/build_your_own_voice/s1/experiments/eva_laused/acoustic_model/inter_module/nn_mgc_lf0_vuv_bap_199/lause01507.cmp
2025-05-09 14:05:10,234     INFO  acoustic_comp: processing file  186 of  250 : /home/meelis/merlin/egs/build_your_own_voice/s1/experiments/eva_laused/acoustic_model/inter_module/nn_mgc_lf0_vuv_bap_199/lause01489.cmp
2025-05-09 14:05:10,409     INFO  acoustic_comp: processing file  188 of  249 : /home/meelis/merlin/egs/build_your_own_voice/s1/experiments/eva_laused/acoustic_model/inter_module/nn_mgc_lf0_vuv_bap_199/lause01506.cmp
2025-05-09 14:05:11,207     INFO  acoustic_comp: processing file  192 of  250 : /home/meelis/merlin/egs/build_your_own_voice/s1/experiments/eva_laused/acoustic_model/inter_module/nn_mgc_lf0_vuv_bap_199/lause01535.cmp
2025-05-09 14:05:11,281     INFO  acoustic_comp: processing file  187 of  250 : /home/meelis/merlin/egs/build_your_own_voice/s1/experiments/eva_laused/acoustic_model/inter_module/nn_mgc_lf0_vuv_bap_199/lause01493.cmp
2025-05-09 14:05:11,729     INFO  acoustic_comp: processing file  183 of  250 : /home/meelis/merlin/egs/build_your_own_voice/s1/experiments/eva_laused/acoustic_model/inter_module/nn_mgc_lf0_vuv_bap_199/lause01464.cmp
2025-05-09 14:05:12,304     INFO  acoustic_comp: processing file  187 of  250 : /home/meelis/merlin/egs/build_your_own_voice/s1/experiments/eva_laused/acoustic_model/inter_module/nn_mgc_lf0_vuv_bap_199/lause01494.cmp
2025-05-09 14:05:12,413     INFO  acoustic_comp: processing file  187 of  250 : /home/meelis/merlin/egs/build_your_own_voice/s1/experiments/eva_laused/acoustic_model/inter_module/nn_mgc_lf0_vuv_bap_199/lause01497.cmp
2025-05-09 14:05:12,532     INFO  acoustic_comp: processing file  189 of  249 : /home/meelis/merlin/egs/build_your_own_voice/s1/experiments/eva_laused/acoustic_model/inter_module/nn_mgc_lf0_vuv_bap_199/lause01515.cmp
2025-05-09 14:05:12,812     INFO  acoustic_comp: processing file  188 of  250 : /home/meelis/merlin/egs/build_your_own_voice/s1/experiments/eva_laused/acoustic_model/inter_module/nn_mgc_lf0_vuv_bap_199/lause01501.cmp
2025-05-09 14:05:12,833     INFO  acoustic_comp: processing file  189 of  249 : /home/meelis/merlin/egs/build_your_own_voice/s1/experiments/eva_laused/acoustic_model/inter_module/nn_mgc_lf0_vuv_bap_199/lause01514.cmp
2025-05-09 14:05:12,863     INFO  acoustic_comp: processing file  190 of  250 : /home/meelis/merlin/egs/build_your_own_voice/s1/experiments/eva_laused/acoustic_model/inter_module/nn_mgc_lf0_vuv_bap_199/lause01516.cmp
2025-05-09 14:05:13,385     INFO  acoustic_comp: processing file  184 of  250 : /home/meelis/merlin/egs/build_your_own_voice/s1/experiments/eva_laused/acoustic_model/inter_module/nn_mgc_lf0_vuv_bap_199/lause01472.cmp
2025-05-09 14:05:13,815     INFO  acoustic_comp: processing file  188 of  250 : /home/meelis/merlin/egs/build_your_own_voice/s1/experiments/eva_laused/acoustic_model/inter_module/nn_mgc_lf0_vuv_bap_199/lause01505.cmp
2025-05-09 14:05:13,977     INFO  acoustic_comp: processing file  188 of  250 : /home/meelis/merlin/egs/build_your_own_voice/s1/experiments/eva_laused/acoustic_model/inter_module/nn_mgc_lf0_vuv_bap_199/lause01502.cmp
2025-05-09 14:05:14,338     INFO  acoustic_comp: processing file  193 of  250 : /home/meelis/merlin/egs/build_your_own_voice/s1/experiments/eva_laused/acoustic_model/inter_module/nn_mgc_lf0_vuv_bap_199/lause01543.cmp
2025-05-09 14:05:14,469     INFO  acoustic_comp: processing file  189 of  250 : /home/meelis/merlin/egs/build_your_own_voice/s1/experiments/eva_laused/acoustic_model/inter_module/nn_mgc_lf0_vuv_bap_199/lause01509.cmp
2025-05-09 14:05:15,005     INFO  acoustic_comp: processing file  190 of  249 : /home/meelis/merlin/egs/build_your_own_voice/s1/experiments/eva_laused/acoustic_model/inter_module/nn_mgc_lf0_vuv_bap_199/lause01522.cmp
2025-05-09 14:05:15,321     INFO  acoustic_comp: processing file  191 of  250 : /home/meelis/merlin/egs/build_your_own_voice/s1/experiments/eva_laused/acoustic_model/inter_module/nn_mgc_lf0_vuv_bap_199/lause01524.cmp
2025-05-09 14:05:15,455     INFO  acoustic_comp: processing file  185 of  250 : /home/meelis/merlin/egs/build_your_own_voice/s1/experiments/eva_laused/acoustic_model/inter_module/nn_mgc_lf0_vuv_bap_199/lause01480.cmp
2025-05-09 14:05:15,455     INFO  acoustic_comp: processing file  189 of  250 : /home/meelis/merlin/egs/build_your_own_voice/s1/experiments/eva_laused/acoustic_model/inter_module/nn_mgc_lf0_vuv_bap_199/lause01513.cmp
2025-05-09 14:05:15,905     INFO  acoustic_comp: processing file  194 of  250 : /home/meelis/merlin/egs/build_your_own_voice/s1/experiments/eva_laused/acoustic_model/inter_module/nn_mgc_lf0_vuv_bap_199/lause01551.cmp
2025-05-09 14:05:16,031     INFO  acoustic_comp: processing file  190 of  249 : /home/meelis/merlin/egs/build_your_own_voice/s1/experiments/eva_laused/acoustic_model/inter_module/nn_mgc_lf0_vuv_bap_199/lause01523.cmp
2025-05-09 14:05:16,449     INFO  acoustic_comp: processing file  186 of  250 : /home/meelis/merlin/egs/build_your_own_voice/s1/experiments/eva_laused/acoustic_model/inter_module/nn_mgc_lf0_vuv_bap_199/lause01488.cmp
2025-05-09 14:05:16,901     INFO  acoustic_comp: processing file  192 of  250 : /home/meelis/merlin/egs/build_your_own_voice/s1/experiments/eva_laused/acoustic_model/inter_module/nn_mgc_lf0_vuv_bap_199/lause01532.cmp
2025-05-09 14:05:17,012     INFO  acoustic_comp: processing file  190 of  250 : /home/meelis/merlin/egs/build_your_own_voice/s1/experiments/eva_laused/acoustic_model/inter_module/nn_mgc_lf0_vuv_bap_199/lause01517.cmp
2025-05-09 14:05:17,114     INFO  acoustic_comp: processing file  189 of  250 : /home/meelis/merlin/egs/build_your_own_voice/s1/experiments/eva_laused/acoustic_model/inter_module/nn_mgc_lf0_vuv_bap_199/lause01510.cmp
2025-05-09 14:05:17,513     INFO  acoustic_comp: processing file  191 of  249 : /home/meelis/merlin/egs/build_your_own_voice/s1/experiments/eva_laused/acoustic_model/inter_module/nn_mgc_lf0_vuv_bap_199/lause01530.cmp
2025-05-09 14:05:17,651     INFO  acoustic_comp: processing file  195 of  250 : /home/meelis/merlin/egs/build_your_own_voice/s1/experiments/eva_laused/acoustic_model/inter_module/nn_mgc_lf0_vuv_bap_199/lause01559.cmp
2025-05-09 14:05:18,022     INFO  acoustic_comp: processing file  191 of  249 : /home/meelis/merlin/egs/build_your_own_voice/s1/experiments/eva_laused/acoustic_model/inter_module/nn_mgc_lf0_vuv_bap_199/lause01531.cmp
2025-05-09 14:05:18,038     INFO  acoustic_comp: processing file  190 of  250 : /home/meelis/merlin/egs/build_your_own_voice/s1/experiments/eva_laused/acoustic_model/inter_module/nn_mgc_lf0_vuv_bap_199/lause01521.cmp
2025-05-09 14:05:18,051     INFO  acoustic_comp: processing file  187 of  250 : /home/meelis/merlin/egs/build_your_own_voice/s1/experiments/eva_laused/acoustic_model/inter_module/nn_mgc_lf0_vuv_bap_199/lause01496.cmp
2025-05-09 14:05:19,131     INFO  acoustic_comp: processing file  190 of  250 : /home/meelis/merlin/egs/build_your_own_voice/s1/experiments/eva_laused/acoustic_model/inter_module/nn_mgc_lf0_vuv_bap_199/lause01518.cmp
2025-05-09 14:05:19,569     INFO  acoustic_comp: processing file  193 of  250 : /home/meelis/merlin/egs/build_your_own_voice/s1/experiments/eva_laused/acoustic_model/inter_module/nn_mgc_lf0_vuv_bap_199/lause01540.cmp
2025-05-09 14:05:19,596     INFO  acoustic_comp: processing file  188 of  250 : /home/meelis/merlin/egs/build_your_own_voice/s1/experiments/eva_laused/acoustic_model/inter_module/nn_mgc_lf0_vuv_bap_199/lause01504.cmp
2025-05-09 14:05:19,854     INFO  acoustic_comp: processing file  192 of  249 : /home/meelis/merlin/egs/build_your_own_voice/s1/experiments/eva_laused/acoustic_model/inter_module/nn_mgc_lf0_vuv_bap_199/lause01538.cmp
2025-05-09 14:05:20,082     INFO  acoustic_comp: processing file  191 of  250 : /home/meelis/merlin/egs/build_your_own_voice/s1/experiments/eva_laused/acoustic_model/inter_module/nn_mgc_lf0_vuv_bap_199/lause01529.cmp
2025-05-09 14:05:20,089     INFO  acoustic_comp: processing file  196 of  250 : /home/meelis/merlin/egs/build_your_own_voice/s1/experiments/eva_laused/acoustic_model/inter_module/nn_mgc_lf0_vuv_bap_199/lause01567.cmp
2025-05-09 14:05:21,399     INFO  acoustic_comp: processing file  189 of  250 : /home/meelis/merlin/egs/build_your_own_voice/s1/experiments/eva_laused/acoustic_model/inter_module/nn_mgc_lf0_vuv_bap_199/lause01512.cmp
2025-05-09 14:05:21,475     INFO  acoustic_comp: processing file  197 of  250 : /home/meelis/merlin/egs/build_your_own_voice/s1/experiments/eva_laused/acoustic_model/inter_module/nn_mgc_lf0_vuv_bap_199/lause01575.cmp
2025-05-09 14:05:21,481     INFO  acoustic_comp: processing file  192 of  249 : /home/meelis/merlin/egs/build_your_own_voice/s1/experiments/eva_laused/acoustic_model/inter_module/nn_mgc_lf0_vuv_bap_199/lause01539.cmp
2025-05-09 14:05:21,553     INFO  acoustic_comp: processing file  191 of  250 : /home/meelis/merlin/egs/build_your_own_voice/s1/experiments/eva_laused/acoustic_model/inter_module/nn_mgc_lf0_vuv_bap_199/lause01525.cmp
2025-05-09 14:05:21,600     INFO  acoustic_comp: processing file  194 of  250 : /home/meelis/merlin/egs/build_your_own_voice/s1/experiments/eva_laused/acoustic_model/inter_module/nn_mgc_lf0_vuv_bap_199/lause01548.cmp
2025-05-09 14:05:21,798     INFO  acoustic_comp: processing file  192 of  250 : /home/meelis/merlin/egs/build_your_own_voice/s1/experiments/eva_laused/acoustic_model/inter_module/nn_mgc_lf0_vuv_bap_199/lause01537.cmp
2025-05-09 14:05:21,810     INFO  acoustic_comp: processing file  193 of  249 : /home/meelis/merlin/egs/build_your_own_voice/s1/experiments/eva_laused/acoustic_model/inter_module/nn_mgc_lf0_vuv_bap_199/lause01546.cmp
2025-05-09 14:05:21,819     INFO  acoustic_comp: processing file  191 of  250 : /home/meelis/merlin/egs/build_your_own_voice/s1/experiments/eva_laused/acoustic_model/inter_module/nn_mgc_lf0_vuv_bap_199/lause01526.cmp
2025-05-09 14:05:22,927     INFO  acoustic_comp: processing file  193 of  250 : /home/meelis/merlin/egs/build_your_own_voice/s1/experiments/eva_laused/acoustic_model/inter_module/nn_mgc_lf0_vuv_bap_199/lause01545.cmp
2025-05-09 14:05:22,986     INFO  acoustic_comp: processing file  193 of  249 : /home/meelis/merlin/egs/build_your_own_voice/s1/experiments/eva_laused/acoustic_model/inter_module/nn_mgc_lf0_vuv_bap_199/lause01547.cmp
2025-05-09 14:05:23,246     INFO  acoustic_comp: processing file  192 of  250 : /home/meelis/merlin/egs/build_your_own_voice/s1/experiments/eva_laused/acoustic_model/inter_module/nn_mgc_lf0_vuv_bap_199/lause01534.cmp
2025-05-09 14:05:23,373     INFO  acoustic_comp: processing file  198 of  250 : /home/meelis/merlin/egs/build_your_own_voice/s1/experiments/eva_laused/acoustic_model/inter_module/nn_mgc_lf0_vuv_bap_199/lause01583.cmp
2025-05-09 14:05:24,076     INFO  acoustic_comp: processing file  195 of  250 : /home/meelis/merlin/egs/build_your_own_voice/s1/experiments/eva_laused/acoustic_model/inter_module/nn_mgc_lf0_vuv_bap_199/lause01556.cmp
2025-05-09 14:05:24,117     INFO  acoustic_comp: processing file  190 of  250 : /home/meelis/merlin/egs/build_your_own_voice/s1/experiments/eva_laused/acoustic_model/inter_module/nn_mgc_lf0_vuv_bap_199/lause01520.cmp
2025-05-09 14:05:24,250     INFO  acoustic_comp: processing file  192 of  250 : /home/meelis/merlin/egs/build_your_own_voice/s1/experiments/eva_laused/acoustic_model/inter_module/nn_mgc_lf0_vuv_bap_199/lause01533.cmp
2025-05-09 14:05:24,954     INFO  acoustic_comp: processing file  194 of  249 : /home/meelis/merlin/egs/build_your_own_voice/s1/experiments/eva_laused/acoustic_model/inter_module/nn_mgc_lf0_vuv_bap_199/lause01554.cmp
2025-05-09 14:05:25,234     INFO  acoustic_comp: processing file  196 of  250 : /home/meelis/merlin/egs/build_your_own_voice/s1/experiments/eva_laused/acoustic_model/inter_module/nn_mgc_lf0_vuv_bap_199/lause01564.cmp
2025-05-09 14:05:25,259     INFO  acoustic_comp: processing file  199 of  250 : /home/meelis/merlin/egs/build_your_own_voice/s1/experiments/eva_laused/acoustic_model/inter_module/nn_mgc_lf0_vuv_bap_199/lause01591.cmp
2025-05-09 14:05:25,637     INFO  acoustic_comp: processing file  193 of  250 : /home/meelis/merlin/egs/build_your_own_voice/s1/experiments/eva_laused/acoustic_model/inter_module/nn_mgc_lf0_vuv_bap_199/lause01542.cmp
2025-05-09 14:05:25,822     INFO  acoustic_comp: processing file  194 of  250 : /home/meelis/merlin/egs/build_your_own_voice/s1/experiments/eva_laused/acoustic_model/inter_module/nn_mgc_lf0_vuv_bap_199/lause01553.cmp
2025-05-09 14:05:26,130     INFO  acoustic_comp: processing file  194 of  249 : /home/meelis/merlin/egs/build_your_own_voice/s1/experiments/eva_laused/acoustic_model/inter_module/nn_mgc_lf0_vuv_bap_199/lause01555.cmp
2025-05-09 14:05:26,800     INFO  acoustic_comp: processing file  200 of  250 : /home/meelis/merlin/egs/build_your_own_voice/s1/experiments/eva_laused/acoustic_model/inter_module/nn_mgc_lf0_vuv_bap_199/lause01599.cmp
2025-05-09 14:05:27,095     INFO  acoustic_comp: processing file  193 of  250 : /home/meelis/merlin/egs/build_your_own_voice/s1/experiments/eva_laused/acoustic_model/inter_module/nn_mgc_lf0_vuv_bap_199/lause01541.cmp
2025-05-09 14:05:27,586     INFO  acoustic_comp: processing file  191 of  250 : /home/meelis/merlin/egs/build_your_own_voice/s1/experiments/eva_laused/acoustic_model/inter_module/nn_mgc_lf0_vuv_bap_199/lause01528.cmp
2025-05-09 14:05:27,701     INFO  acoustic_comp: processing file  195 of  249 : /home/meelis/merlin/egs/build_your_own_voice/s1/experiments/eva_laused/acoustic_model/inter_module/nn_mgc_lf0_vuv_bap_199/lause01563.cmp
2025-05-09 14:05:27,702     INFO  acoustic_comp: processing file  194 of  250 : /home/meelis/merlin/egs/build_your_own_voice/s1/experiments/eva_laused/acoustic_model/inter_module/nn_mgc_lf0_vuv_bap_199/lause01550.cmp
2025-05-09 14:05:27,749     INFO  acoustic_comp: processing file  197 of  250 : /home/meelis/merlin/egs/build_your_own_voice/s1/experiments/eva_laused/acoustic_model/inter_module/nn_mgc_lf0_vuv_bap_199/lause01572.cmp
2025-05-09 14:05:27,812     INFO  acoustic_comp: processing file  195 of  249 : /home/meelis/merlin/egs/build_your_own_voice/s1/experiments/eva_laused/acoustic_model/inter_module/nn_mgc_lf0_vuv_bap_199/lause01562.cmp
2025-05-09 14:05:28,244     INFO  acoustic_comp: processing file  201 of  250 : /home/meelis/merlin/egs/build_your_own_voice/s1/experiments/eva_laused/acoustic_model/inter_module/nn_mgc_lf0_vuv_bap_199/lause01607.cmp
2025-05-09 14:05:29,153     INFO  acoustic_comp: processing file  194 of  250 : /home/meelis/merlin/egs/build_your_own_voice/s1/experiments/eva_laused/acoustic_model/inter_module/nn_mgc_lf0_vuv_bap_199/lause01549.cmp
2025-05-09 14:05:29,575     INFO  acoustic_comp: processing file  195 of  250 : /home/meelis/merlin/egs/build_your_own_voice/s1/experiments/eva_laused/acoustic_model/inter_module/nn_mgc_lf0_vuv_bap_199/lause01561.cmp
2025-05-09 14:05:29,873     INFO  acoustic_comp: processing file  192 of  250 : /home/meelis/merlin/egs/build_your_own_voice/s1/experiments/eva_laused/acoustic_model/inter_module/nn_mgc_lf0_vuv_bap_199/lause01536.cmp
2025-05-09 14:05:30,114     INFO  acoustic_comp: processing file  198 of  250 : /home/meelis/merlin/egs/build_your_own_voice/s1/experiments/eva_laused/acoustic_model/inter_module/nn_mgc_lf0_vuv_bap_199/lause01580.cmp
2025-05-09 14:05:30,407     INFO  acoustic_comp: processing file  195 of  250 : /home/meelis/merlin/egs/build_your_own_voice/s1/experiments/eva_laused/acoustic_model/inter_module/nn_mgc_lf0_vuv_bap_199/lause01558.cmp
2025-05-09 14:05:30,785     INFO  acoustic_comp: processing file  196 of  249 : /home/meelis/merlin/egs/build_your_own_voice/s1/experiments/eva_laused/acoustic_model/inter_module/nn_mgc_lf0_vuv_bap_199/lause01571.cmp
2025-05-09 14:05:30,883     INFO  acoustic_comp: processing file  195 of  250 : /home/meelis/merlin/egs/build_your_own_voice/s1/experiments/eva_laused/acoustic_model/inter_module/nn_mgc_lf0_vuv_bap_199/lause01557.cmp
2025-05-09 14:05:30,920     INFO  acoustic_comp: processing file  202 of  250 : /home/meelis/merlin/egs/build_your_own_voice/s1/experiments/eva_laused/acoustic_model/inter_module/nn_mgc_lf0_vuv_bap_199/lause01615.cmp
2025-05-09 14:05:31,140     INFO  acoustic_comp: processing file  196 of  249 : /home/meelis/merlin/egs/build_your_own_voice/s1/experiments/eva_laused/acoustic_model/inter_module/nn_mgc_lf0_vuv_bap_199/lause01570.cmp
2025-05-09 14:05:32,138     INFO  acoustic_comp: processing file  193 of  250 : /home/meelis/merlin/egs/build_your_own_voice/s1/experiments/eva_laused/acoustic_model/inter_module/nn_mgc_lf0_vuv_bap_199/lause01544.cmp
2025-05-09 14:05:32,243     INFO  acoustic_comp: processing file  196 of  250 : /home/meelis/merlin/egs/build_your_own_voice/s1/experiments/eva_laused/acoustic_model/inter_module/nn_mgc_lf0_vuv_bap_199/lause01569.cmp
2025-05-09 14:05:32,267     INFO  acoustic_comp: processing file  199 of  250 : /home/meelis/merlin/egs/build_your_own_voice/s1/experiments/eva_laused/acoustic_model/inter_module/nn_mgc_lf0_vuv_bap_199/lause01588.cmp
2025-05-09 14:05:32,379     INFO  acoustic_comp: processing file  196 of  250 : /home/meelis/merlin/egs/build_your_own_voice/s1/experiments/eva_laused/acoustic_model/inter_module/nn_mgc_lf0_vuv_bap_199/lause01566.cmp
2025-05-09 14:05:32,491     INFO  acoustic_comp: processing file  196 of  250 : /home/meelis/merlin/egs/build_your_own_voice/s1/experiments/eva_laused/acoustic_model/inter_module/nn_mgc_lf0_vuv_bap_199/lause01565.cmp
2025-05-09 14:05:33,471     INFO  acoustic_comp: processing file  203 of  250 : /home/meelis/merlin/egs/build_your_own_voice/s1/experiments/eva_laused/acoustic_model/inter_module/nn_mgc_lf0_vuv_bap_199/lause01623.cmp
2025-05-09 14:05:33,821     INFO  acoustic_comp: processing file  197 of  249 : /home/meelis/merlin/egs/build_your_own_voice/s1/experiments/eva_laused/acoustic_model/inter_module/nn_mgc_lf0_vuv_bap_199/lause01578.cmp
2025-05-09 14:05:34,268     INFO  acoustic_comp: processing file  197 of  250 : /home/meelis/merlin/egs/build_your_own_voice/s1/experiments/eva_laused/acoustic_model/inter_module/nn_mgc_lf0_vuv_bap_199/lause01573.cmp
2025-05-09 14:05:34,439     INFO  acoustic_comp: processing file  200 of  250 : /home/meelis/merlin/egs/build_your_own_voice/s1/experiments/eva_laused/acoustic_model/inter_module/nn_mgc_lf0_vuv_bap_199/lause01596.cmp
2025-05-09 14:05:34,567     INFO  acoustic_comp: processing file  197 of  250 : /home/meelis/merlin/egs/build_your_own_voice/s1/experiments/eva_laused/acoustic_model/inter_module/nn_mgc_lf0_vuv_bap_199/lause01577.cmp
2025-05-09 14:05:34,668     INFO  acoustic_comp: processing file  197 of  249 : /home/meelis/merlin/egs/build_your_own_voice/s1/experiments/eva_laused/acoustic_model/inter_module/nn_mgc_lf0_vuv_bap_199/lause01579.cmp
2025-05-09 14:05:35,057     INFO  acoustic_comp: processing file  194 of  250 : /home/meelis/merlin/egs/build_your_own_voice/s1/experiments/eva_laused/acoustic_model/inter_module/nn_mgc_lf0_vuv_bap_199/lause01552.cmp
2025-05-09 14:05:35,129     INFO  acoustic_comp: processing file  197 of  250 : /home/meelis/merlin/egs/build_your_own_voice/s1/experiments/eva_laused/acoustic_model/inter_module/nn_mgc_lf0_vuv_bap_199/lause01574.cmp
2025-05-09 14:05:35,277     INFO  acoustic_comp: processing file  204 of  250 : /home/meelis/merlin/egs/build_your_own_voice/s1/experiments/eva_laused/acoustic_model/inter_module/nn_mgc_lf0_vuv_bap_199/lause01631.cmp
2025-05-09 14:05:35,574     INFO  acoustic_comp: processing file  198 of  249 : /home/meelis/merlin/egs/build_your_own_voice/s1/experiments/eva_laused/acoustic_model/inter_module/nn_mgc_lf0_vuv_bap_199/lause01586.cmp
2025-05-09 14:05:36,018     INFO  acoustic_comp: processing file  198 of  250 : /home/meelis/merlin/egs/build_your_own_voice/s1/experiments/eva_laused/acoustic_model/inter_module/nn_mgc_lf0_vuv_bap_199/lause01585.cmp
2025-05-09 14:05:36,565     INFO  acoustic_comp: processing file  201 of  250 : /home/meelis/merlin/egs/build_your_own_voice/s1/experiments/eva_laused/acoustic_model/inter_module/nn_mgc_lf0_vuv_bap_199/lause01604.cmp
2025-05-09 14:05:36,638     INFO  acoustic_comp: processing file  198 of  250 : /home/meelis/merlin/egs/build_your_own_voice/s1/experiments/eva_laused/acoustic_model/inter_module/nn_mgc_lf0_vuv_bap_199/lause01582.cmp
2025-05-09 14:05:37,028     INFO  acoustic_comp: processing file  195 of  250 : /home/meelis/merlin/egs/build_your_own_voice/s1/experiments/eva_laused/acoustic_model/inter_module/nn_mgc_lf0_vuv_bap_199/lause01560.cmp
2025-05-09 14:05:37,195     INFO  acoustic_comp: processing file  198 of  249 : /home/meelis/merlin/egs/build_your_own_voice/s1/experiments/eva_laused/acoustic_model/inter_module/nn_mgc_lf0_vuv_bap_199/lause01587.cmp
2025-05-09 14:05:37,274     INFO  acoustic_comp: processing file  198 of  250 : /home/meelis/merlin/egs/build_your_own_voice/s1/experiments/eva_laused/acoustic_model/inter_module/nn_mgc_lf0_vuv_bap_199/lause01581.cmp
2025-05-09 14:05:37,620     INFO  acoustic_comp: processing file  202 of  250 : /home/meelis/merlin/egs/build_your_own_voice/s1/experiments/eva_laused/acoustic_model/inter_module/nn_mgc_lf0_vuv_bap_199/lause01612.cmp
2025-05-09 14:05:37,702     INFO  acoustic_comp: processing file  199 of  250 : /home/meelis/merlin/egs/build_your_own_voice/s1/experiments/eva_laused/acoustic_model/inter_module/nn_mgc_lf0_vuv_bap_199/lause01593.cmp
2025-05-09 14:05:38,126     INFO  acoustic_comp: processing file  199 of  249 : /home/meelis/merlin/egs/build_your_own_voice/s1/experiments/eva_laused/acoustic_model/inter_module/nn_mgc_lf0_vuv_bap_199/lause01594.cmp
2025-05-09 14:05:38,817     INFO  acoustic_comp: processing file  199 of  250 : /home/meelis/merlin/egs/build_your_own_voice/s1/experiments/eva_laused/acoustic_model/inter_module/nn_mgc_lf0_vuv_bap_199/lause01589.cmp
2025-05-09 14:05:39,048     INFO  acoustic_comp: processing file  196 of  250 : /home/meelis/merlin/egs/build_your_own_voice/s1/experiments/eva_laused/acoustic_model/inter_module/nn_mgc_lf0_vuv_bap_199/lause01568.cmp
2025-05-09 14:05:39,243     INFO  acoustic_comp: processing file  199 of  250 : /home/meelis/merlin/egs/build_your_own_voice/s1/experiments/eva_laused/acoustic_model/inter_module/nn_mgc_lf0_vuv_bap_199/lause01590.cmp
2025-05-09 14:05:39,542     INFO  acoustic_comp: processing file  205 of  250 : /home/meelis/merlin/egs/build_your_own_voice/s1/experiments/eva_laused/acoustic_model/inter_module/nn_mgc_lf0_vuv_bap_199/lause01639.cmp
2025-05-09 14:05:39,817     INFO  acoustic_comp: processing file  200 of  250 : /home/meelis/merlin/egs/build_your_own_voice/s1/experiments/eva_laused/acoustic_model/inter_module/nn_mgc_lf0_vuv_bap_199/lause01601.cmp
2025-05-09 14:05:40,313     INFO  acoustic_comp: processing file  200 of  249 : /home/meelis/merlin/egs/build_your_own_voice/s1/experiments/eva_laused/acoustic_model/inter_module/nn_mgc_lf0_vuv_bap_199/lause01602.cmp
2025-05-09 14:05:40,927     INFO  acoustic_comp: processing file  200 of  250 : /home/meelis/merlin/egs/build_your_own_voice/s1/experiments/eva_laused/acoustic_model/inter_module/nn_mgc_lf0_vuv_bap_199/lause01597.cmp
2025-05-09 14:05:41,111     INFO  acoustic_comp: processing file  199 of  249 : /home/meelis/merlin/egs/build_your_own_voice/s1/experiments/eva_laused/acoustic_model/inter_module/nn_mgc_lf0_vuv_bap_199/lause01595.cmp
2025-05-09 14:05:41,479     INFO  acoustic_comp: processing file  203 of  250 : /home/meelis/merlin/egs/build_your_own_voice/s1/experiments/eva_laused/acoustic_model/inter_module/nn_mgc_lf0_vuv_bap_199/lause01620.cmp
2025-05-09 14:05:41,897     INFO  acoustic_comp: processing file  200 of  250 : /home/meelis/merlin/egs/build_your_own_voice/s1/experiments/eva_laused/acoustic_model/inter_module/nn_mgc_lf0_vuv_bap_199/lause01598.cmp
2025-05-09 14:05:42,217     INFO  acoustic_comp: processing file  201 of  249 : /home/meelis/merlin/egs/build_your_own_voice/s1/experiments/eva_laused/acoustic_model/inter_module/nn_mgc_lf0_vuv_bap_199/lause01610.cmp
2025-05-09 14:05:42,254     INFO  acoustic_comp: processing file  201 of  250 : /home/meelis/merlin/egs/build_your_own_voice/s1/experiments/eva_laused/acoustic_model/inter_module/nn_mgc_lf0_vuv_bap_199/lause01605.cmp
2025-05-09 14:05:42,991     INFO  acoustic_comp: processing file  197 of  250 : /home/meelis/merlin/egs/build_your_own_voice/s1/experiments/eva_laused/acoustic_model/inter_module/nn_mgc_lf0_vuv_bap_199/lause01576.cmp
2025-05-09 14:05:43,121     INFO  acoustic_comp: processing file  201 of  250 : /home/meelis/merlin/egs/build_your_own_voice/s1/experiments/eva_laused/acoustic_model/inter_module/nn_mgc_lf0_vuv_bap_199/lause01609.cmp
2025-05-09 14:05:43,254     INFO  acoustic_comp: processing file  201 of  250 : /home/meelis/merlin/egs/build_your_own_voice/s1/experiments/eva_laused/acoustic_model/inter_module/nn_mgc_lf0_vuv_bap_199/lause01606.cmp
2025-05-09 14:05:43,394     INFO  acoustic_comp: processing file  200 of  249 : /home/meelis/merlin/egs/build_your_own_voice/s1/experiments/eva_laused/acoustic_model/inter_module/nn_mgc_lf0_vuv_bap_199/lause01603.cmp
2025-05-09 14:05:43,405     INFO  acoustic_comp: processing file  204 of  250 : /home/meelis/merlin/egs/build_your_own_voice/s1/experiments/eva_laused/acoustic_model/inter_module/nn_mgc_lf0_vuv_bap_199/lause01628.cmp
2025-05-09 14:05:43,566     INFO  acoustic_comp: processing file  202 of  249 : /home/meelis/merlin/egs/build_your_own_voice/s1/experiments/eva_laused/acoustic_model/inter_module/nn_mgc_lf0_vuv_bap_199/lause01618.cmp
2025-05-09 14:05:43,728     INFO  acoustic_comp: processing file  206 of  250 : /home/meelis/merlin/egs/build_your_own_voice/s1/experiments/eva_laused/acoustic_model/inter_module/nn_mgc_lf0_vuv_bap_199/lause01647.cmp
2025-05-09 14:05:45,365     INFO  acoustic_comp: processing file  202 of  250 : /home/meelis/merlin/egs/build_your_own_voice/s1/experiments/eva_laused/acoustic_model/inter_module/nn_mgc_lf0_vuv_bap_199/lause01617.cmp
2025-05-09 14:05:45,577     INFO  acoustic_comp: processing file  201 of  249 : /home/meelis/merlin/egs/build_your_own_voice/s1/experiments/eva_laused/acoustic_model/inter_module/nn_mgc_lf0_vuv_bap_199/lause01611.cmp
2025-05-09 14:05:45,630     INFO  acoustic_comp: processing file  202 of  250 : /home/meelis/merlin/egs/build_your_own_voice/s1/experiments/eva_laused/acoustic_model/inter_module/nn_mgc_lf0_vuv_bap_199/lause01614.cmp
2025-05-09 14:05:45,695     INFO  acoustic_comp: processing file  202 of  250 : /home/meelis/merlin/egs/build_your_own_voice/s1/experiments/eva_laused/acoustic_model/inter_module/nn_mgc_lf0_vuv_bap_199/lause01613.cmp
2025-05-09 14:05:45,759     INFO  acoustic_comp: processing file  198 of  250 : /home/meelis/merlin/egs/build_your_own_voice/s1/experiments/eva_laused/acoustic_model/inter_module/nn_mgc_lf0_vuv_bap_199/lause01584.cmp
2025-05-09 14:05:46,126     INFO  acoustic_comp: processing file  203 of  249 : /home/meelis/merlin/egs/build_your_own_voice/s1/experiments/eva_laused/acoustic_model/inter_module/nn_mgc_lf0_vuv_bap_199/lause01626.cmp
2025-05-09 14:05:46,700     INFO  acoustic_comp: processing file  207 of  250 : /home/meelis/merlin/egs/build_your_own_voice/s1/experiments/eva_laused/acoustic_model/inter_module/nn_mgc_lf0_vuv_bap_199/lause01655.cmp
2025-05-09 14:05:47,323     INFO  acoustic_comp: processing file  205 of  250 : /home/meelis/merlin/egs/build_your_own_voice/s1/experiments/eva_laused/acoustic_model/inter_module/nn_mgc_lf0_vuv_bap_199/lause01636.cmp
2025-05-09 14:05:47,583     INFO  acoustic_comp: processing file  199 of  250 : /home/meelis/merlin/egs/build_your_own_voice/s1/experiments/eva_laused/acoustic_model/inter_module/nn_mgc_lf0_vuv_bap_199/lause01592.cmp
2025-05-09 14:05:47,699     INFO  acoustic_comp: processing file  203 of  250 : /home/meelis/merlin/egs/build_your_own_voice/s1/experiments/eva_laused/acoustic_model/inter_module/nn_mgc_lf0_vuv_bap_199/lause01625.cmp
2025-05-09 14:05:47,852     INFO  acoustic_comp: processing file  204 of  249 : /home/meelis/merlin/egs/build_your_own_voice/s1/experiments/eva_laused/acoustic_model/inter_module/nn_mgc_lf0_vuv_bap_199/lause01634.cmp
2025-05-09 14:05:48,345     INFO  acoustic_comp: processing file  203 of  250 : /home/meelis/merlin/egs/build_your_own_voice/s1/experiments/eva_laused/acoustic_model/inter_module/nn_mgc_lf0_vuv_bap_199/lause01621.cmp
2025-05-09 14:05:48,700     INFO  acoustic_comp: processing file  202 of  249 : /home/meelis/merlin/egs/build_your_own_voice/s1/experiments/eva_laused/acoustic_model/inter_module/nn_mgc_lf0_vuv_bap_199/lause01619.cmp
2025-05-09 14:05:48,813     INFO  acoustic_comp: processing file  203 of  250 : /home/meelis/merlin/egs/build_your_own_voice/s1/experiments/eva_laused/acoustic_model/inter_module/nn_mgc_lf0_vuv_bap_199/lause01622.cmp
2025-05-09 14:05:49,137     INFO  acoustic_comp: processing file  204 of  250 : /home/meelis/merlin/egs/build_your_own_voice/s1/experiments/eva_laused/acoustic_model/inter_module/nn_mgc_lf0_vuv_bap_199/lause01633.cmp
2025-05-09 14:05:49,545     INFO  acoustic_comp: processing file  208 of  250 : /home/meelis/merlin/egs/build_your_own_voice/s1/experiments/eva_laused/acoustic_model/inter_module/nn_mgc_lf0_vuv_bap_199/lause01663.cmp
2025-05-09 14:05:49,565     INFO  acoustic_comp: processing file  206 of  250 : /home/meelis/merlin/egs/build_your_own_voice/s1/experiments/eva_laused/acoustic_model/inter_module/nn_mgc_lf0_vuv_bap_199/lause01644.cmp
2025-05-09 14:05:50,333     INFO  acoustic_comp: processing file  204 of  250 : /home/meelis/merlin/egs/build_your_own_voice/s1/experiments/eva_laused/acoustic_model/inter_module/nn_mgc_lf0_vuv_bap_199/lause01629.cmp
2025-05-09 14:05:50,449     INFO  acoustic_comp: processing file  203 of  249 : /home/meelis/merlin/egs/build_your_own_voice/s1/experiments/eva_laused/acoustic_model/inter_module/nn_mgc_lf0_vuv_bap_199/lause01627.cmp
2025-05-09 14:05:50,600     INFO  acoustic_comp: processing file  200 of  250 : /home/meelis/merlin/egs/build_your_own_voice/s1/experiments/eva_laused/acoustic_model/inter_module/nn_mgc_lf0_vuv_bap_199/lause01600.cmp
2025-05-09 14:05:50,621     INFO  acoustic_comp: processing file  204 of  250 : /home/meelis/merlin/egs/build_your_own_voice/s1/experiments/eva_laused/acoustic_model/inter_module/nn_mgc_lf0_vuv_bap_199/lause01630.cmp
2025-05-09 14:05:51,538     INFO  acoustic_comp: processing file  209 of  250 : /home/meelis/merlin/egs/build_your_own_voice/s1/experiments/eva_laused/acoustic_model/inter_module/nn_mgc_lf0_vuv_bap_199/lause01671.cmp
2025-05-09 14:05:51,716     INFO  acoustic_comp: processing file  201 of  250 : /home/meelis/merlin/egs/build_your_own_voice/s1/experiments/eva_laused/acoustic_model/inter_module/nn_mgc_lf0_vuv_bap_199/lause01608.cmp
2025-05-09 14:05:52,256     INFO  acoustic_comp: processing file  207 of  250 : /home/meelis/merlin/egs/build_your_own_voice/s1/experiments/eva_laused/acoustic_model/inter_module/nn_mgc_lf0_vuv_bap_199/lause01652.cmp
2025-05-09 14:05:52,362     INFO  acoustic_comp: processing file  205 of  250 : /home/meelis/merlin/egs/build_your_own_voice/s1/experiments/eva_laused/acoustic_model/inter_module/nn_mgc_lf0_vuv_bap_199/lause01641.cmp
2025-05-09 14:05:52,531     INFO  acoustic_comp: processing file  204 of  249 : /home/meelis/merlin/egs/build_your_own_voice/s1/experiments/eva_laused/acoustic_model/inter_module/nn_mgc_lf0_vuv_bap_199/lause01635.cmp
2025-05-09 14:05:52,560     INFO  acoustic_comp: processing file  205 of  249 : /home/meelis/merlin/egs/build_your_own_voice/s1/experiments/eva_laused/acoustic_model/inter_module/nn_mgc_lf0_vuv_bap_199/lause01642.cmp
2025-05-09 14:05:53,283     INFO  acoustic_comp: processing file  202 of  250 : /home/meelis/merlin/egs/build_your_own_voice/s1/experiments/eva_laused/acoustic_model/inter_module/nn_mgc_lf0_vuv_bap_199/lause01616.cmp
2025-05-09 14:05:53,404     INFO  acoustic_comp: processing file  210 of  250 : /home/meelis/merlin/egs/build_your_own_voice/s1/experiments/eva_laused/acoustic_model/inter_module/nn_mgc_lf0_vuv_bap_199/lause01679.cmp
2025-05-09 14:05:53,902     INFO  acoustic_comp: processing file  205 of  250 : /home/meelis/merlin/egs/build_your_own_voice/s1/experiments/eva_laused/acoustic_model/inter_module/nn_mgc_lf0_vuv_bap_199/lause01637.cmp
2025-05-09 14:05:54,349     INFO  acoustic_comp: processing file  205 of  250 : /home/meelis/merlin/egs/build_your_own_voice/s1/experiments/eva_laused/acoustic_model/inter_module/nn_mgc_lf0_vuv_bap_199/lause01638.cmp
2025-05-09 14:05:54,697     INFO  acoustic_comp: processing file  206 of  250 : /home/meelis/merlin/egs/build_your_own_voice/s1/experiments/eva_laused/acoustic_model/inter_module/nn_mgc_lf0_vuv_bap_199/lause01649.cmp
2025-05-09 14:05:54,918     INFO  acoustic_comp: processing file  208 of  250 : /home/meelis/merlin/egs/build_your_own_voice/s1/experiments/eva_laused/acoustic_model/inter_module/nn_mgc_lf0_vuv_bap_199/lause01660.cmp
2025-05-09 14:05:55,354     INFO  acoustic_comp: processing file  211 of  250 : /home/meelis/merlin/egs/build_your_own_voice/s1/experiments/eva_laused/acoustic_model/inter_module/nn_mgc_lf0_vuv_bap_199/lause01687.cmp
2025-05-09 14:05:55,672     INFO  acoustic_comp: processing file  206 of  249 : /home/meelis/merlin/egs/build_your_own_voice/s1/experiments/eva_laused/acoustic_model/inter_module/nn_mgc_lf0_vuv_bap_199/lause01650.cmp
2025-05-09 14:05:55,920     INFO  acoustic_comp: processing file  203 of  250 : /home/meelis/merlin/egs/build_your_own_voice/s1/experiments/eva_laused/acoustic_model/inter_module/nn_mgc_lf0_vuv_bap_199/lause01624.cmp
2025-05-09 14:05:57,050     INFO  acoustic_comp: processing file  206 of  250 : /home/meelis/merlin/egs/build_your_own_voice/s1/experiments/eva_laused/acoustic_model/inter_module/nn_mgc_lf0_vuv_bap_199/lause01645.cmp
2025-05-09 14:05:57,249     INFO  acoustic_comp: processing file  207 of  250 : /home/meelis/merlin/egs/build_your_own_voice/s1/experiments/eva_laused/acoustic_model/inter_module/nn_mgc_lf0_vuv_bap_199/lause01657.cmp
2025-05-09 14:05:57,453     INFO  acoustic_comp: processing file  204 of  250 : /home/meelis/merlin/egs/build_your_own_voice/s1/experiments/eva_laused/acoustic_model/inter_module/nn_mgc_lf0_vuv_bap_199/lause01632.cmp
2025-05-09 14:05:57,618     INFO  acoustic_comp: processing file  205 of  249 : /home/meelis/merlin/egs/build_your_own_voice/s1/experiments/eva_laused/acoustic_model/inter_module/nn_mgc_lf0_vuv_bap_199/lause01643.cmp
2025-05-09 14:05:57,805     INFO  acoustic_comp: processing file  206 of  250 : /home/meelis/merlin/egs/build_your_own_voice/s1/experiments/eva_laused/acoustic_model/inter_module/nn_mgc_lf0_vuv_bap_199/lause01646.cmp
2025-05-09 14:05:58,804     INFO  acoustic_comp: processing file  207 of  249 : /home/meelis/merlin/egs/build_your_own_voice/s1/experiments/eva_laused/acoustic_model/inter_module/nn_mgc_lf0_vuv_bap_199/lause01658.cmp
2025-05-09 14:05:58,809     INFO  acoustic_comp: processing file  207 of  250 : /home/meelis/merlin/egs/build_your_own_voice/s1/experiments/eva_laused/acoustic_model/inter_module/nn_mgc_lf0_vuv_bap_199/lause01653.cmp
2025-05-09 14:05:58,917     INFO  acoustic_comp: processing file  209 of  250 : /home/meelis/merlin/egs/build_your_own_voice/s1/experiments/eva_laused/acoustic_model/inter_module/nn_mgc_lf0_vuv_bap_199/lause01668.cmp
2025-05-09 14:05:59,242     INFO  acoustic_comp: processing file  212 of  250 : /home/meelis/merlin/egs/build_your_own_voice/s1/experiments/eva_laused/acoustic_model/inter_module/nn_mgc_lf0_vuv_bap_199/lause01695.cmp
2025-05-09 14:05:59,514     INFO  acoustic_comp: processing file  206 of  249 : /home/meelis/merlin/egs/build_your_own_voice/s1/experiments/eva_laused/acoustic_model/inter_module/nn_mgc_lf0_vuv_bap_199/lause01651.cmp
2025-05-09 14:05:59,760     INFO  acoustic_comp: processing file  208 of  250 : /home/meelis/merlin/egs/build_your_own_voice/s1/experiments/eva_laused/acoustic_model/inter_module/nn_mgc_lf0_vuv_bap_199/lause01665.cmp
2025-05-09 14:06:00,049     INFO  acoustic_comp: processing file  205 of  250 : /home/meelis/merlin/egs/build_your_own_voice/s1/experiments/eva_laused/acoustic_model/inter_module/nn_mgc_lf0_vuv_bap_199/lause01640.cmp
2025-05-09 14:06:00,179     INFO  acoustic_comp: processing file  207 of  250 : /home/meelis/merlin/egs/build_your_own_voice/s1/experiments/eva_laused/acoustic_model/inter_module/nn_mgc_lf0_vuv_bap_199/lause01654.cmp
2025-05-09 14:06:00,789     INFO  acoustic_comp: processing file  208 of  249 : /home/meelis/merlin/egs/build_your_own_voice/s1/experiments/eva_laused/acoustic_model/inter_module/nn_mgc_lf0_vuv_bap_199/lause01666.cmp
2025-05-09 14:06:01,163     INFO  acoustic_comp: processing file  213 of  250 : /home/meelis/merlin/egs/build_your_own_voice/s1/experiments/eva_laused/acoustic_model/inter_module/nn_mgc_lf0_vuv_bap_199/lause01703.cmp
2025-05-09 14:06:01,688     INFO  acoustic_comp: processing file  207 of  249 : /home/meelis/merlin/egs/build_your_own_voice/s1/experiments/eva_laused/acoustic_model/inter_module/nn_mgc_lf0_vuv_bap_199/lause01659.cmp
2025-05-09 14:06:01,890     INFO  acoustic_comp: processing file  210 of  250 : /home/meelis/merlin/egs/build_your_own_voice/s1/experiments/eva_laused/acoustic_model/inter_module/nn_mgc_lf0_vuv_bap_199/lause01676.cmp
2025-05-09 14:06:02,064     INFO  acoustic_comp: processing file  209 of  250 : /home/meelis/merlin/egs/build_your_own_voice/s1/experiments/eva_laused/acoustic_model/inter_module/nn_mgc_lf0_vuv_bap_199/lause01673.cmp
2025-05-09 14:06:02,308     INFO  acoustic_comp: processing file  206 of  250 : /home/meelis/merlin/egs/build_your_own_voice/s1/experiments/eva_laused/acoustic_model/inter_module/nn_mgc_lf0_vuv_bap_199/lause01648.cmp
2025-05-09 14:06:02,582     INFO  acoustic_comp: processing file  208 of  250 : /home/meelis/merlin/egs/build_your_own_voice/s1/experiments/eva_laused/acoustic_model/inter_module/nn_mgc_lf0_vuv_bap_199/lause01661.cmp
2025-05-09 14:06:02,607     INFO  acoustic_comp: processing file  209 of  249 : /home/meelis/merlin/egs/build_your_own_voice/s1/experiments/eva_laused/acoustic_model/inter_module/nn_mgc_lf0_vuv_bap_199/lause01674.cmp
2025-05-09 14:06:03,251     INFO  acoustic_comp: processing file  214 of  250 : /home/meelis/merlin/egs/build_your_own_voice/s1/experiments/eva_laused/acoustic_model/inter_module/nn_mgc_lf0_vuv_bap_199/lause01711.cmp
2025-05-09 14:06:03,399     INFO  acoustic_comp: processing file  208 of  250 : /home/meelis/merlin/egs/build_your_own_voice/s1/experiments/eva_laused/acoustic_model/inter_module/nn_mgc_lf0_vuv_bap_199/lause01662.cmp
2025-05-09 14:06:03,421     INFO  acoustic_comp: processing file  210 of  250 : /home/meelis/merlin/egs/build_your_own_voice/s1/experiments/eva_laused/acoustic_model/inter_module/nn_mgc_lf0_vuv_bap_199/lause01681.cmp
2025-05-09 14:06:03,640     INFO  acoustic_comp: processing file  211 of  250 : /home/meelis/merlin/egs/build_your_own_voice/s1/experiments/eva_laused/acoustic_model/inter_module/nn_mgc_lf0_vuv_bap_199/lause01684.cmp
2025-05-09 14:06:03,731     INFO  acoustic_comp: processing file  208 of  249 : /home/meelis/merlin/egs/build_your_own_voice/s1/experiments/eva_laused/acoustic_model/inter_module/nn_mgc_lf0_vuv_bap_199/lause01667.cmp
2025-05-09 14:06:04,181     INFO  acoustic_comp: processing file  207 of  250 : /home/meelis/merlin/egs/build_your_own_voice/s1/experiments/eva_laused/acoustic_model/inter_module/nn_mgc_lf0_vuv_bap_199/lause01656.cmp
2025-05-09 14:06:04,291     INFO  acoustic_comp: processing file  209 of  250 : /home/meelis/merlin/egs/build_your_own_voice/s1/experiments/eva_laused/acoustic_model/inter_module/nn_mgc_lf0_vuv_bap_199/lause01669.cmp
2025-05-09 14:06:04,312     INFO  acoustic_comp: processing file  210 of  249 : /home/meelis/merlin/egs/build_your_own_voice/s1/experiments/eva_laused/acoustic_model/inter_module/nn_mgc_lf0_vuv_bap_199/lause01682.cmp
2025-05-09 14:06:04,842     INFO  acoustic_comp: processing file  211 of  250 : /home/meelis/merlin/egs/build_your_own_voice/s1/experiments/eva_laused/acoustic_model/inter_module/nn_mgc_lf0_vuv_bap_199/lause01689.cmp
2025-05-09 14:06:05,682     INFO  acoustic_comp: processing file  209 of  249 : /home/meelis/merlin/egs/build_your_own_voice/s1/experiments/eva_laused/acoustic_model/inter_module/nn_mgc_lf0_vuv_bap_199/lause01675.cmp
2025-05-09 14:06:05,698     INFO  acoustic_comp: processing file  209 of  250 : /home/meelis/merlin/egs/build_your_own_voice/s1/experiments/eva_laused/acoustic_model/inter_module/nn_mgc_lf0_vuv_bap_199/lause01670.cmp
2025-05-09 14:06:06,117     INFO  acoustic_comp: processing file  212 of  250 : /home/meelis/merlin/egs/build_your_own_voice/s1/experiments/eva_laused/acoustic_model/inter_module/nn_mgc_lf0_vuv_bap_199/lause01692.cmp
2025-05-09 14:06:06,481     INFO  acoustic_comp: processing file  208 of  250 : /home/meelis/merlin/egs/build_your_own_voice/s1/experiments/eva_laused/acoustic_model/inter_module/nn_mgc_lf0_vuv_bap_199/lause01664.cmp
2025-05-09 14:06:06,659     INFO  acoustic_comp: processing file  215 of  250 : /home/meelis/merlin/egs/build_your_own_voice/s1/experiments/eva_laused/acoustic_model/inter_module/nn_mgc_lf0_vuv_bap_199/lause01719.cmp
2025-05-09 14:06:07,113     INFO  acoustic_comp: processing file  211 of  249 : /home/meelis/merlin/egs/build_your_own_voice/s1/experiments/eva_laused/acoustic_model/inter_module/nn_mgc_lf0_vuv_bap_199/lause01690.cmp
2025-05-09 14:06:07,141     INFO  acoustic_comp: processing file  212 of  250 : /home/meelis/merlin/egs/build_your_own_voice/s1/experiments/eva_laused/acoustic_model/inter_module/nn_mgc_lf0_vuv_bap_199/lause01697.cmp
2025-05-09 14:06:07,270     INFO  acoustic_comp: processing file  210 of  250 : /home/meelis/merlin/egs/build_your_own_voice/s1/experiments/eva_laused/acoustic_model/inter_module/nn_mgc_lf0_vuv_bap_199/lause01677.cmp
2025-05-09 14:06:07,587     INFO  acoustic_comp: processing file  210 of  250 : /home/meelis/merlin/egs/build_your_own_voice/s1/experiments/eva_laused/acoustic_model/inter_module/nn_mgc_lf0_vuv_bap_199/lause01678.cmp
2025-05-09 14:06:08,303     INFO  acoustic_comp: processing file  209 of  250 : /home/meelis/merlin/egs/build_your_own_voice/s1/experiments/eva_laused/acoustic_model/inter_module/nn_mgc_lf0_vuv_bap_199/lause01672.cmp
2025-05-09 14:06:08,894     INFO  acoustic_comp: processing file  213 of  250 : /home/meelis/merlin/egs/build_your_own_voice/s1/experiments/eva_laused/acoustic_model/inter_module/nn_mgc_lf0_vuv_bap_199/lause01700.cmp
2025-05-09 14:06:09,179     INFO  acoustic_comp: processing file  210 of  249 : /home/meelis/merlin/egs/build_your_own_voice/s1/experiments/eva_laused/acoustic_model/inter_module/nn_mgc_lf0_vuv_bap_199/lause01683.cmp
2025-05-09 14:06:09,859     INFO  acoustic_comp: processing file  212 of  249 : /home/meelis/merlin/egs/build_your_own_voice/s1/experiments/eva_laused/acoustic_model/inter_module/nn_mgc_lf0_vuv_bap_199/lause01698.cmp
2025-05-09 14:06:09,890     INFO  acoustic_comp: processing file  213 of  250 : /home/meelis/merlin/egs/build_your_own_voice/s1/experiments/eva_laused/acoustic_model/inter_module/nn_mgc_lf0_vuv_bap_199/lause01705.cmp
2025-05-09 14:06:10,000     INFO  acoustic_comp: processing file  216 of  250 : /home/meelis/merlin/egs/build_your_own_voice/s1/experiments/eva_laused/acoustic_model/inter_module/nn_mgc_lf0_vuv_bap_199/lause01727.cmp
2025-05-09 14:06:10,354     INFO  acoustic_comp: processing file  211 of  250 : /home/meelis/merlin/egs/build_your_own_voice/s1/experiments/eva_laused/acoustic_model/inter_module/nn_mgc_lf0_vuv_bap_199/lause01685.cmp
2025-05-09 14:06:10,964     INFO  acoustic_comp: processing file  211 of  250 : /home/meelis/merlin/egs/build_your_own_voice/s1/experiments/eva_laused/acoustic_model/inter_module/nn_mgc_lf0_vuv_bap_199/lause01686.cmp
2025-05-09 14:06:10,991     INFO  acoustic_comp: processing file  210 of  250 : /home/meelis/merlin/egs/build_your_own_voice/s1/experiments/eva_laused/acoustic_model/inter_module/nn_mgc_lf0_vuv_bap_199/lause01680.cmp
2025-05-09 14:06:11,095     INFO  acoustic_comp: processing file  214 of  250 : /home/meelis/merlin/egs/build_your_own_voice/s1/experiments/eva_laused/acoustic_model/inter_module/nn_mgc_lf0_vuv_bap_199/lause01708.cmp
2025-05-09 14:06:11,342     INFO  acoustic_comp: processing file  211 of  249 : /home/meelis/merlin/egs/build_your_own_voice/s1/experiments/eva_laused/acoustic_model/inter_module/nn_mgc_lf0_vuv_bap_199/lause01691.cmp
2025-05-09 14:06:11,708     INFO  acoustic_comp: processing file  217 of  250 : /home/meelis/merlin/egs/build_your_own_voice/s1/experiments/eva_laused/acoustic_model/inter_module/nn_mgc_lf0_vuv_bap_199/lause01735.cmp
2025-05-09 14:06:12,042     INFO  acoustic_comp: processing file  213 of  249 : /home/meelis/merlin/egs/build_your_own_voice/s1/experiments/eva_laused/acoustic_model/inter_module/nn_mgc_lf0_vuv_bap_199/lause01706.cmp
2025-05-09 14:06:12,137     INFO  acoustic_comp: processing file  214 of  250 : /home/meelis/merlin/egs/build_your_own_voice/s1/experiments/eva_laused/acoustic_model/inter_module/nn_mgc_lf0_vuv_bap_199/lause01713.cmp
2025-05-09 14:06:12,676     INFO  acoustic_comp: processing file  218 of  250 : /home/meelis/merlin/egs/build_your_own_voice/s1/experiments/eva_laused/acoustic_model/inter_module/nn_mgc_lf0_vuv_bap_199/lause01743.cmp
2025-05-09 14:06:12,865     INFO  acoustic_comp: processing file  212 of  250 : /home/meelis/merlin/egs/build_your_own_voice/s1/experiments/eva_laused/acoustic_model/inter_module/nn_mgc_lf0_vuv_bap_199/lause01694.cmp
2025-05-09 14:06:13,260     INFO  acoustic_comp: processing file  211 of  250 : /home/meelis/merlin/egs/build_your_own_voice/s1/experiments/eva_laused/acoustic_model/inter_module/nn_mgc_lf0_vuv_bap_199/lause01688.cmp
2025-05-09 14:06:13,512     INFO  acoustic_comp: processing file  215 of  250 : /home/meelis/merlin/egs/build_your_own_voice/s1/experiments/eva_laused/acoustic_model/inter_module/nn_mgc_lf0_vuv_bap_199/lause01716.cmp
2025-05-09 14:06:14,092     INFO  acoustic_comp: processing file  214 of  249 : /home/meelis/merlin/egs/build_your_own_voice/s1/experiments/eva_laused/acoustic_model/inter_module/nn_mgc_lf0_vuv_bap_199/lause01714.cmp
2025-05-09 14:06:14,151     INFO  acoustic_comp: processing file  212 of  249 : /home/meelis/merlin/egs/build_your_own_voice/s1/experiments/eva_laused/acoustic_model/inter_module/nn_mgc_lf0_vuv_bap_199/lause01699.cmp
2025-05-09 14:06:14,260     INFO  acoustic_comp: processing file  219 of  250 : /home/meelis/merlin/egs/build_your_own_voice/s1/experiments/eva_laused/acoustic_model/inter_module/nn_mgc_lf0_vuv_bap_199/lause01751.cmp
2025-05-09 14:06:14,357     INFO  acoustic_comp: processing file  213 of  250 : /home/meelis/merlin/egs/build_your_own_voice/s1/experiments/eva_laused/acoustic_model/inter_module/nn_mgc_lf0_vuv_bap_199/lause01702.cmp
2025-05-09 14:06:14,470     INFO  acoustic_comp: processing file  212 of  250 : /home/meelis/merlin/egs/build_your_own_voice/s1/experiments/eva_laused/acoustic_model/inter_module/nn_mgc_lf0_vuv_bap_199/lause01693.cmp
2025-05-09 14:06:14,574     INFO  acoustic_comp: processing file  215 of  250 : /home/meelis/merlin/egs/build_your_own_voice/s1/experiments/eva_laused/acoustic_model/inter_module/nn_mgc_lf0_vuv_bap_199/lause01721.cmp
2025-05-09 14:06:16,024     INFO  acoustic_comp: processing file  212 of  250 : /home/meelis/merlin/egs/build_your_own_voice/s1/experiments/eva_laused/acoustic_model/inter_module/nn_mgc_lf0_vuv_bap_199/lause01696.cmp
2025-05-09 14:06:16,110     INFO  acoustic_comp: processing file  220 of  250 : /home/meelis/merlin/egs/build_your_own_voice/s1/experiments/eva_laused/acoustic_model/inter_module/nn_mgc_lf0_vuv_bap_199/lause01759.cmp
2025-05-09 14:06:16,137     INFO  acoustic_comp: processing file  216 of  250 : /home/meelis/merlin/egs/build_your_own_voice/s1/experiments/eva_laused/acoustic_model/inter_module/nn_mgc_lf0_vuv_bap_199/lause01724.cmp
2025-05-09 14:06:16,444     INFO  acoustic_comp: processing file  215 of  249 : /home/meelis/merlin/egs/build_your_own_voice/s1/experiments/eva_laused/acoustic_model/inter_module/nn_mgc_lf0_vuv_bap_199/lause01722.cmp
2025-05-09 14:06:16,670     INFO  acoustic_comp: processing file  213 of  250 : /home/meelis/merlin/egs/build_your_own_voice/s1/experiments/eva_laused/acoustic_model/inter_module/nn_mgc_lf0_vuv_bap_199/lause01701.cmp
2025-05-09 14:06:16,706     INFO  acoustic_comp: processing file  213 of  249 : /home/meelis/merlin/egs/build_your_own_voice/s1/experiments/eva_laused/acoustic_model/inter_module/nn_mgc_lf0_vuv_bap_199/lause01707.cmp
2025-05-09 14:06:17,096     INFO  acoustic_comp: processing file  214 of  250 : /home/meelis/merlin/egs/build_your_own_voice/s1/experiments/eva_laused/acoustic_model/inter_module/nn_mgc_lf0_vuv_bap_199/lause01710.cmp
2025-05-09 14:06:17,442     INFO  acoustic_comp: processing file  216 of  250 : /home/meelis/merlin/egs/build_your_own_voice/s1/experiments/eva_laused/acoustic_model/inter_module/nn_mgc_lf0_vuv_bap_199/lause01729.cmp
2025-05-09 14:06:18,204     INFO  acoustic_comp: processing file  217 of  250 : /home/meelis/merlin/egs/build_your_own_voice/s1/experiments/eva_laused/acoustic_model/inter_module/nn_mgc_lf0_vuv_bap_199/lause01732.cmp
2025-05-09 14:06:18,288     INFO  acoustic_comp: processing file  213 of  250 : /home/meelis/merlin/egs/build_your_own_voice/s1/experiments/eva_laused/acoustic_model/inter_module/nn_mgc_lf0_vuv_bap_199/lause01704.cmp
2025-05-09 14:06:18,510     INFO  acoustic_comp: processing file  221 of  250 : /home/meelis/merlin/egs/build_your_own_voice/s1/experiments/eva_laused/acoustic_model/inter_module/nn_mgc_lf0_vuv_bap_199/lause01767.cmp
2025-05-09 14:06:18,676     INFO  acoustic_comp: processing file  216 of  249 : /home/meelis/merlin/egs/build_your_own_voice/s1/experiments/eva_laused/acoustic_model/inter_module/nn_mgc_lf0_vuv_bap_199/lause01730.cmp
2025-05-09 14:06:19,161     INFO  acoustic_comp: processing file  217 of  250 : /home/meelis/merlin/egs/build_your_own_voice/s1/experiments/eva_laused/acoustic_model/inter_module/nn_mgc_lf0_vuv_bap_199/lause01737.cmp
2025-05-09 14:06:19,254     INFO  acoustic_comp: processing file  218 of  250 : /home/meelis/merlin/egs/build_your_own_voice/s1/experiments/eva_laused/acoustic_model/inter_module/nn_mgc_lf0_vuv_bap_199/lause01740.cmp
2025-05-09 14:06:19,257     INFO  acoustic_comp: processing file  214 of  250 : /home/meelis/merlin/egs/build_your_own_voice/s1/experiments/eva_laused/acoustic_model/inter_module/nn_mgc_lf0_vuv_bap_199/lause01709.cmp
2025-05-09 14:06:19,322     INFO  acoustic_comp: processing file  215 of  250 : /home/meelis/merlin/egs/build_your_own_voice/s1/experiments/eva_laused/acoustic_model/inter_module/nn_mgc_lf0_vuv_bap_199/lause01718.cmp
2025-05-09 14:06:19,830     INFO  acoustic_comp: processing file  214 of  250 : /home/meelis/merlin/egs/build_your_own_voice/s1/experiments/eva_laused/acoustic_model/inter_module/nn_mgc_lf0_vuv_bap_199/lause01712.cmp
2025-05-09 14:06:20,073     INFO  acoustic_comp: processing file  219 of  250 : /home/meelis/merlin/egs/build_your_own_voice/s1/experiments/eva_laused/acoustic_model/inter_module/nn_mgc_lf0_vuv_bap_199/lause01748.cmp
2025-05-09 14:06:20,107     INFO  acoustic_comp: processing file  214 of  249 : /home/meelis/merlin/egs/build_your_own_voice/s1/experiments/eva_laused/acoustic_model/inter_module/nn_mgc_lf0_vuv_bap_199/lause01715.cmp
2025-05-09 14:06:20,284     INFO  acoustic_comp: processing file  222 of  250 : /home/meelis/merlin/egs/build_your_own_voice/s1/experiments/eva_laused/acoustic_model/inter_module/nn_mgc_lf0_vuv_bap_199/lause01775.cmp
2025-05-09 14:06:20,318     INFO  acoustic_comp: processing file  218 of  250 : /home/meelis/merlin/egs/build_your_own_voice/s1/experiments/eva_laused/acoustic_model/inter_module/nn_mgc_lf0_vuv_bap_199/lause01745.cmp
2025-05-09 14:06:20,332     INFO  acoustic_comp: processing file  215 of  250 : /home/meelis/merlin/egs/build_your_own_voice/s1/experiments/eva_laused/acoustic_model/inter_module/nn_mgc_lf0_vuv_bap_199/lause01717.cmp
2025-05-09 14:06:20,417     INFO  acoustic_comp: processing file  217 of  249 : /home/meelis/merlin/egs/build_your_own_voice/s1/experiments/eva_laused/acoustic_model/inter_module/nn_mgc_lf0_vuv_bap_199/lause01738.cmp
2025-05-09 14:06:21,456     INFO  acoustic_comp: processing file  220 of  250 : /home/meelis/merlin/egs/build_your_own_voice/s1/experiments/eva_laused/acoustic_model/inter_module/nn_mgc_lf0_vuv_bap_199/lause01756.cmp
2025-05-09 14:06:21,613     INFO  acoustic_comp: processing file  218 of  249 : /home/meelis/merlin/egs/build_your_own_voice/s1/experiments/eva_laused/acoustic_model/inter_module/nn_mgc_lf0_vuv_bap_199/lause01746.cmp
2025-05-09 14:06:21,694     INFO  acoustic_comp: processing file  216 of  250 : /home/meelis/merlin/egs/build_your_own_voice/s1/experiments/eva_laused/acoustic_model/inter_module/nn_mgc_lf0_vuv_bap_199/lause01726.cmp
2025-05-09 14:06:21,819     INFO  acoustic_comp: processing file  219 of  250 : /home/meelis/merlin/egs/build_your_own_voice/s1/experiments/eva_laused/acoustic_model/inter_module/nn_mgc_lf0_vuv_bap_199/lause01753.cmp
2025-05-09 14:06:22,518     INFO  acoustic_comp: processing file  215 of  250 : /home/meelis/merlin/egs/build_your_own_voice/s1/experiments/eva_laused/acoustic_model/inter_module/nn_mgc_lf0_vuv_bap_199/lause01720.cmp
2025-05-09 14:06:22,879     INFO  acoustic_comp: processing file  219 of  249 : /home/meelis/merlin/egs/build_your_own_voice/s1/experiments/eva_laused/acoustic_model/inter_module/nn_mgc_lf0_vuv_bap_199/lause01754.cmp
2025-05-09 14:06:23,131     INFO  acoustic_comp: processing file  215 of  249 : /home/meelis/merlin/egs/build_your_own_voice/s1/experiments/eva_laused/acoustic_model/inter_module/nn_mgc_lf0_vuv_bap_199/lause01723.cmp
2025-05-09 14:06:23,198     INFO  acoustic_comp: processing file  223 of  250 : /home/meelis/merlin/egs/build_your_own_voice/s1/experiments/eva_laused/acoustic_model/inter_module/nn_mgc_lf0_vuv_bap_199/lause01783.cmp
2025-05-09 14:06:23,446     INFO  acoustic_comp: processing file  221 of  250 : /home/meelis/merlin/egs/build_your_own_voice/s1/experiments/eva_laused/acoustic_model/inter_module/nn_mgc_lf0_vuv_bap_199/lause01764.cmp
2025-05-09 14:06:23,730     INFO  acoustic_comp: processing file  217 of  250 : /home/meelis/merlin/egs/build_your_own_voice/s1/experiments/eva_laused/acoustic_model/inter_module/nn_mgc_lf0_vuv_bap_199/lause01734.cmp
2025-05-09 14:06:24,136     INFO  acoustic_comp: processing file  220 of  250 : /home/meelis/merlin/egs/build_your_own_voice/s1/experiments/eva_laused/acoustic_model/inter_module/nn_mgc_lf0_vuv_bap_199/lause01761.cmp
2025-05-09 14:06:25,086     INFO  acoustic_comp: processing file  222 of  250 : /home/meelis/merlin/egs/build_your_own_voice/s1/experiments/eva_laused/acoustic_model/inter_module/nn_mgc_lf0_vuv_bap_199/lause01772.cmp
2025-05-09 14:06:25,229     INFO  acoustic_comp: processing file  220 of  249 : /home/meelis/merlin/egs/build_your_own_voice/s1/experiments/eva_laused/acoustic_model/inter_module/nn_mgc_lf0_vuv_bap_199/lause01762.cmp
2025-05-09 14:06:25,373     INFO  acoustic_comp: processing file  216 of  249 : /home/meelis/merlin/egs/build_your_own_voice/s1/experiments/eva_laused/acoustic_model/inter_module/nn_mgc_lf0_vuv_bap_199/lause01731.cmp
2025-05-09 14:06:25,393     INFO  acoustic_comp: processing file  218 of  250 : /home/meelis/merlin/egs/build_your_own_voice/s1/experiments/eva_laused/acoustic_model/inter_module/nn_mgc_lf0_vuv_bap_199/lause01742.cmp
2025-05-09 14:06:25,465     INFO  acoustic_comp: processing file  216 of  250 : /home/meelis/merlin/egs/build_your_own_voice/s1/experiments/eva_laused/acoustic_model/inter_module/nn_mgc_lf0_vuv_bap_199/lause01728.cmp
2025-05-09 14:06:25,491     INFO  acoustic_comp: processing file  216 of  250 : /home/meelis/merlin/egs/build_your_own_voice/s1/experiments/eva_laused/acoustic_model/inter_module/nn_mgc_lf0_vuv_bap_199/lause01725.cmp
2025-05-09 14:06:25,555     INFO  acoustic_comp: processing file  221 of  250 : /home/meelis/merlin/egs/build_your_own_voice/s1/experiments/eva_laused/acoustic_model/inter_module/nn_mgc_lf0_vuv_bap_199/lause01769.cmp
2025-05-09 14:06:25,883     INFO  acoustic_comp: processing file  224 of  250 : /home/meelis/merlin/egs/build_your_own_voice/s1/experiments/eva_laused/acoustic_model/inter_module/nn_mgc_lf0_vuv_bap_199/lause01791.cmp
2025-05-09 14:06:26,222     INFO  acoustic_comp: processing file  219 of  250 : /home/meelis/merlin/egs/build_your_own_voice/s1/experiments/eva_laused/acoustic_model/inter_module/nn_mgc_lf0_vuv_bap_199/lause01750.cmp
2025-05-09 14:06:26,316     INFO  acoustic_comp: processing file  223 of  250 : /home/meelis/merlin/egs/build_your_own_voice/s1/experiments/eva_laused/acoustic_model/inter_module/nn_mgc_lf0_vuv_bap_199/lause01780.cmp
2025-05-09 14:06:26,544     INFO  acoustic_comp: processing file  217 of  249 : /home/meelis/merlin/egs/build_your_own_voice/s1/experiments/eva_laused/acoustic_model/inter_module/nn_mgc_lf0_vuv_bap_199/lause01739.cmp
2025-05-09 14:06:26,669     INFO  acoustic_comp: processing file  217 of  250 : /home/meelis/merlin/egs/build_your_own_voice/s1/experiments/eva_laused/acoustic_model/inter_module/nn_mgc_lf0_vuv_bap_199/lause01736.cmp
2025-05-09 14:06:27,211     INFO  acoustic_comp: processing file  220 of  250 : /home/meelis/merlin/egs/build_your_own_voice/s1/experiments/eva_laused/acoustic_model/inter_module/nn_mgc_lf0_vuv_bap_199/lause01758.cmp
2025-05-09 14:06:27,331     INFO  acoustic_comp: processing file  221 of  249 : /home/meelis/merlin/egs/build_your_own_voice/s1/experiments/eva_laused/acoustic_model/inter_module/nn_mgc_lf0_vuv_bap_199/lause01770.cmp
2025-05-09 14:06:27,344     INFO  acoustic_comp: processing file  218 of  250 : /home/meelis/merlin/egs/build_your_own_voice/s1/experiments/eva_laused/acoustic_model/inter_module/nn_mgc_lf0_vuv_bap_199/lause01744.cmp
2025-05-09 14:06:27,600     INFO  acoustic_comp: processing file  217 of  250 : /home/meelis/merlin/egs/build_your_own_voice/s1/experiments/eva_laused/acoustic_model/inter_module/nn_mgc_lf0_vuv_bap_199/lause01733.cmp
2025-05-09 14:06:27,612     INFO  acoustic_comp: processing file  218 of  249 : /home/meelis/merlin/egs/build_your_own_voice/s1/experiments/eva_laused/acoustic_model/inter_module/nn_mgc_lf0_vuv_bap_199/lause01747.cmp
2025-05-09 14:06:27,654     INFO  acoustic_comp: processing file  225 of  250 : /home/meelis/merlin/egs/build_your_own_voice/s1/experiments/eva_laused/acoustic_model/inter_module/nn_mgc_lf0_vuv_bap_199/lause01799.cmp
2025-05-09 14:06:27,837     INFO  acoustic_comp: processing file  222 of  250 : /home/meelis/merlin/egs/build_your_own_voice/s1/experiments/eva_laused/acoustic_model/inter_module/nn_mgc_lf0_vuv_bap_199/lause01777.cmp
2025-05-09 14:06:28,316     INFO  acoustic_comp: processing file  224 of  250 : /home/meelis/merlin/egs/build_your_own_voice/s1/experiments/eva_laused/acoustic_model/inter_module/nn_mgc_lf0_vuv_bap_199/lause01788.cmp
2025-05-09 14:06:28,690     INFO  acoustic_comp: processing file  219 of  249 : /home/meelis/merlin/egs/build_your_own_voice/s1/experiments/eva_laused/acoustic_model/inter_module/nn_mgc_lf0_vuv_bap_199/lause01755.cmp
2025-05-09 14:06:29,149     INFO  acoustic_comp: processing file  219 of  250 : /home/meelis/merlin/egs/build_your_own_voice/s1/experiments/eva_laused/acoustic_model/inter_module/nn_mgc_lf0_vuv_bap_199/lause01752.cmp
2025-05-09 14:06:29,228     INFO  acoustic_comp: processing file  218 of  250 : /home/meelis/merlin/egs/build_your_own_voice/s1/experiments/eva_laused/acoustic_model/inter_module/nn_mgc_lf0_vuv_bap_199/lause01741.cmp
2025-05-09 14:06:29,887     INFO  acoustic_comp: processing file  221 of  250 : /home/meelis/merlin/egs/build_your_own_voice/s1/experiments/eva_laused/acoustic_model/inter_module/nn_mgc_lf0_vuv_bap_199/lause01766.cmp
2025-05-09 14:06:29,937     INFO  acoustic_comp: processing file  223 of  250 : /home/meelis/merlin/egs/build_your_own_voice/s1/experiments/eva_laused/acoustic_model/inter_module/nn_mgc_lf0_vuv_bap_199/lause01785.cmp
2025-05-09 14:06:30,018     INFO  acoustic_comp: processing file  226 of  250 : /home/meelis/merlin/egs/build_your_own_voice/s1/experiments/eva_laused/acoustic_model/inter_module/nn_mgc_lf0_vuv_bap_199/lause01807.cmp
2025-05-09 14:06:30,120     INFO  acoustic_comp: processing file  219 of  250 : /home/meelis/merlin/egs/build_your_own_voice/s1/experiments/eva_laused/acoustic_model/inter_module/nn_mgc_lf0_vuv_bap_199/lause01749.cmp
2025-05-09 14:06:30,235     INFO  acoustic_comp: processing file  225 of  250 : /home/meelis/merlin/egs/build_your_own_voice/s1/experiments/eva_laused/acoustic_model/inter_module/nn_mgc_lf0_vuv_bap_199/lause01796.cmp
2025-05-09 14:06:30,559     INFO  acoustic_comp: processing file  220 of  249 : /home/meelis/merlin/egs/build_your_own_voice/s1/experiments/eva_laused/acoustic_model/inter_module/nn_mgc_lf0_vuv_bap_199/lause01763.cmp
2025-05-09 14:06:30,585     INFO  acoustic_comp: processing file  222 of  249 : /home/meelis/merlin/egs/build_your_own_voice/s1/experiments/eva_laused/acoustic_model/inter_module/nn_mgc_lf0_vuv_bap_199/lause01778.cmp
2025-05-09 14:06:30,648     INFO  acoustic_comp: processing file  220 of  250 : /home/meelis/merlin/egs/build_your_own_voice/s1/experiments/eva_laused/acoustic_model/inter_module/nn_mgc_lf0_vuv_bap_199/lause01760.cmp
2025-05-09 14:06:31,163     INFO  acoustic_comp: processing file  224 of  250 : /home/meelis/merlin/egs/build_your_own_voice/s1/experiments/eva_laused/acoustic_model/inter_module/nn_mgc_lf0_vuv_bap_199/lause01793.cmp
2025-05-09 14:06:31,400     INFO  acoustic_comp: processing file  220 of  250 : /home/meelis/merlin/egs/build_your_own_voice/s1/experiments/eva_laused/acoustic_model/inter_module/nn_mgc_lf0_vuv_bap_199/lause01757.cmp
2025-05-09 14:06:31,624     INFO  acoustic_comp: processing file  222 of  250 : /home/meelis/merlin/egs/build_your_own_voice/s1/experiments/eva_laused/acoustic_model/inter_module/nn_mgc_lf0_vuv_bap_199/lause01774.cmp
2025-05-09 14:06:32,186     INFO  acoustic_comp: processing file  226 of  250 : /home/meelis/merlin/egs/build_your_own_voice/s1/experiments/eva_laused/acoustic_model/inter_module/nn_mgc_lf0_vuv_bap_199/lause01804.cmp
2025-05-09 14:06:32,496     INFO  acoustic_comp: processing file  227 of  250 : /home/meelis/merlin/egs/build_your_own_voice/s1/experiments/eva_laused/acoustic_model/inter_module/nn_mgc_lf0_vuv_bap_199/lause01815.cmp
2025-05-09 14:06:32,715     INFO  acoustic_comp: processing file  221 of  250 : /home/meelis/merlin/egs/build_your_own_voice/s1/experiments/eva_laused/acoustic_model/inter_module/nn_mgc_lf0_vuv_bap_199/lause01765.cmp
2025-05-09 14:06:33,262     INFO  acoustic_comp: processing file  223 of  250 : /home/meelis/merlin/egs/build_your_own_voice/s1/experiments/eva_laused/acoustic_model/inter_module/nn_mgc_lf0_vuv_bap_199/lause01782.cmp
2025-05-09 14:06:33,324     INFO  acoustic_comp: processing file  221 of  249 : /home/meelis/merlin/egs/build_your_own_voice/s1/experiments/eva_laused/acoustic_model/inter_module/nn_mgc_lf0_vuv_bap_199/lause01771.cmp
2025-05-09 14:06:33,493     INFO  acoustic_comp: processing file  225 of  250 : /home/meelis/merlin/egs/build_your_own_voice/s1/experiments/eva_laused/acoustic_model/inter_module/nn_mgc_lf0_vuv_bap_199/lause01801.cmp
2025-05-09 14:06:33,841     INFO  acoustic_comp: processing file  223 of  249 : /home/meelis/merlin/egs/build_your_own_voice/s1/experiments/eva_laused/acoustic_model/inter_module/nn_mgc_lf0_vuv_bap_199/lause01786.cmp
2025-05-09 14:06:33,972     INFO  acoustic_comp: processing file  227 of  250 : /home/meelis/merlin/egs/build_your_own_voice/s1/experiments/eva_laused/acoustic_model/inter_module/nn_mgc_lf0_vuv_bap_199/lause01812.cmp
2025-05-09 14:06:34,127     INFO  acoustic_comp: processing file  221 of  250 : /home/meelis/merlin/egs/build_your_own_voice/s1/experiments/eva_laused/acoustic_model/inter_module/nn_mgc_lf0_vuv_bap_199/lause01768.cmp
2025-05-09 14:06:34,391     INFO  acoustic_comp: processing file  228 of  250 : /home/meelis/merlin/egs/build_your_own_voice/s1/experiments/eva_laused/acoustic_model/inter_module/nn_mgc_lf0_vuv_bap_199/lause01823.cmp
2025-05-09 14:06:34,819     INFO  acoustic_comp: processing file  222 of  249 : /home/meelis/merlin/egs/build_your_own_voice/s1/experiments/eva_laused/acoustic_model/inter_module/nn_mgc_lf0_vuv_bap_199/lause01779.cmp
2025-05-09 14:06:34,983     INFO  acoustic_comp: processing file  222 of  250 : /home/meelis/merlin/egs/build_your_own_voice/s1/experiments/eva_laused/acoustic_model/inter_module/nn_mgc_lf0_vuv_bap_199/lause01773.cmp
2025-05-09 14:06:35,173     INFO  acoustic_comp: processing file  226 of  250 : /home/meelis/merlin/egs/build_your_own_voice/s1/experiments/eva_laused/acoustic_model/inter_module/nn_mgc_lf0_vuv_bap_199/lause01809.cmp
2025-05-09 14:06:35,773     INFO  acoustic_comp: processing file  224 of  250 : /home/meelis/merlin/egs/build_your_own_voice/s1/experiments/eva_laused/acoustic_model/inter_module/nn_mgc_lf0_vuv_bap_199/lause01790.cmp
2025-05-09 14:06:36,072     INFO  acoustic_comp: processing file  223 of  250 : /home/meelis/merlin/egs/build_your_own_voice/s1/experiments/eva_laused/acoustic_model/inter_module/nn_mgc_lf0_vuv_bap_199/lause01781.cmp
2025-05-09 14:06:36,131     INFO  acoustic_comp: processing file  222 of  250 : /home/meelis/merlin/egs/build_your_own_voice/s1/experiments/eva_laused/acoustic_model/inter_module/nn_mgc_lf0_vuv_bap_199/lause01776.cmp
2025-05-09 14:06:36,148     INFO  acoustic_comp: processing file  228 of  250 : /home/meelis/merlin/egs/build_your_own_voice/s1/experiments/eva_laused/acoustic_model/inter_module/nn_mgc_lf0_vuv_bap_199/lause01820.cmp
2025-05-09 14:06:36,876     INFO  acoustic_comp: processing file  224 of  249 : /home/meelis/merlin/egs/build_your_own_voice/s1/experiments/eva_laused/acoustic_model/inter_module/nn_mgc_lf0_vuv_bap_199/lause01794.cmp
2025-05-09 14:06:37,345     INFO  acoustic_comp: processing file  223 of  249 : /home/meelis/merlin/egs/build_your_own_voice/s1/experiments/eva_laused/acoustic_model/inter_module/nn_mgc_lf0_vuv_bap_199/lause01787.cmp
2025-05-09 14:06:37,554     INFO  acoustic_comp: processing file  225 of  250 : /home/meelis/merlin/egs/build_your_own_voice/s1/experiments/eva_laused/acoustic_model/inter_module/nn_mgc_lf0_vuv_bap_199/lause01798.cmp
2025-05-09 14:06:37,797     INFO  acoustic_comp: processing file  229 of  250 : /home/meelis/merlin/egs/build_your_own_voice/s1/experiments/eva_laused/acoustic_model/inter_module/nn_mgc_lf0_vuv_bap_199/lause01828.cmp
2025-05-09 14:06:38,011     INFO  acoustic_comp: processing file  223 of  250 : /home/meelis/merlin/egs/build_your_own_voice/s1/experiments/eva_laused/acoustic_model/inter_module/nn_mgc_lf0_vuv_bap_199/lause01784.cmp
2025-05-09 14:06:38,157     INFO  acoustic_comp: processing file  227 of  250 : /home/meelis/merlin/egs/build_your_own_voice/s1/experiments/eva_laused/acoustic_model/inter_module/nn_mgc_lf0_vuv_bap_199/lause01817.cmp
2025-05-09 14:06:38,161     INFO  acoustic_comp: processing file  229 of  250 : /home/meelis/merlin/egs/build_your_own_voice/s1/experiments/eva_laused/acoustic_model/inter_module/nn_mgc_lf0_vuv_bap_199/lause01831.cmp
2025-05-09 14:06:38,382     INFO  acoustic_comp: processing file  224 of  250 : /home/meelis/merlin/egs/build_your_own_voice/s1/experiments/eva_laused/acoustic_model/inter_module/nn_mgc_lf0_vuv_bap_199/lause01789.cmp
2025-05-09 14:06:39,013     INFO  acoustic_comp: processing file  225 of  249 : /home/meelis/merlin/egs/build_your_own_voice/s1/experiments/eva_laused/acoustic_model/inter_module/nn_mgc_lf0_vuv_bap_199/lause01802.cmp
2025-05-09 14:06:39,149     INFO  acoustic_comp: processing file  226 of  250 : /home/meelis/merlin/egs/build_your_own_voice/s1/experiments/eva_laused/acoustic_model/inter_module/nn_mgc_lf0_vuv_bap_199/lause01806.cmp
2025-05-09 14:06:39,594     INFO  acoustic_comp: processing file  224 of  249 : /home/meelis/merlin/egs/build_your_own_voice/s1/experiments/eva_laused/acoustic_model/inter_module/nn_mgc_lf0_vuv_bap_199/lause01795.cmp
2025-05-09 14:06:40,272     INFO  acoustic_comp: processing file  225 of  250 : /home/meelis/merlin/egs/build_your_own_voice/s1/experiments/eva_laused/acoustic_model/inter_module/nn_mgc_lf0_vuv_bap_199/lause01797.cmp
2025-05-09 14:06:40,357     INFO  acoustic_comp: processing file  228 of  250 : /home/meelis/merlin/egs/build_your_own_voice/s1/experiments/eva_laused/acoustic_model/inter_module/nn_mgc_lf0_vuv_bap_199/lause01825.cmp
2025-05-09 14:06:40,496     INFO  acoustic_comp: processing file  230 of  250 : /home/meelis/merlin/egs/build_your_own_voice/s1/experiments/eva_laused/acoustic_model/inter_module/nn_mgc_lf0_vuv_bap_199/lause01836.cmp
2025-05-09 14:06:40,667     INFO  acoustic_comp: processing file  230 of  250 : /home/meelis/merlin/egs/build_your_own_voice/s1/experiments/eva_laused/acoustic_model/inter_module/nn_mgc_lf0_vuv_bap_199/lause01839.cmp
2025-05-09 14:06:40,925     INFO  acoustic_comp: processing file  224 of  250 : /home/meelis/merlin/egs/build_your_own_voice/s1/experiments/eva_laused/acoustic_model/inter_module/nn_mgc_lf0_vuv_bap_199/lause01792.cmp
2025-05-09 14:06:41,116     INFO  acoustic_comp: processing file  227 of  250 : /home/meelis/merlin/egs/build_your_own_voice/s1/experiments/eva_laused/acoustic_model/inter_module/nn_mgc_lf0_vuv_bap_199/lause01814.cmp
2025-05-09 14:06:41,680     INFO  acoustic_comp: processing file  225 of  249 : /home/meelis/merlin/egs/build_your_own_voice/s1/experiments/eva_laused/acoustic_model/inter_module/nn_mgc_lf0_vuv_bap_199/lause01803.cmp
2025-05-09 14:06:41,929     INFO  acoustic_comp: processing file  226 of  249 : /home/meelis/merlin/egs/build_your_own_voice/s1/experiments/eva_laused/acoustic_model/inter_module/nn_mgc_lf0_vuv_bap_199/lause01810.cmp
2025-05-09 14:06:42,334     INFO  acoustic_comp: processing file  226 of  250 : /home/meelis/merlin/egs/build_your_own_voice/s1/experiments/eva_laused/acoustic_model/inter_module/nn_mgc_lf0_vuv_bap_199/lause01805.cmp
2025-05-09 14:06:42,860     INFO  acoustic_comp: processing file  231 of  250 : /home/meelis/merlin/egs/build_your_own_voice/s1/experiments/eva_laused/acoustic_model/inter_module/nn_mgc_lf0_vuv_bap_199/lause01844.cmp
2025-05-09 14:06:43,070     INFO  acoustic_comp: processing file  231 of  250 : /home/meelis/merlin/egs/build_your_own_voice/s1/experiments/eva_laused/acoustic_model/inter_module/nn_mgc_lf0_vuv_bap_199/lause01847.cmp
2025-05-09 14:06:43,130     INFO  acoustic_comp: processing file  229 of  250 : /home/meelis/merlin/egs/build_your_own_voice/s1/experiments/eva_laused/acoustic_model/inter_module/nn_mgc_lf0_vuv_bap_199/lause01833.cmp
2025-05-09 14:06:43,155     INFO  acoustic_comp: processing file  225 of  250 : /home/meelis/merlin/egs/build_your_own_voice/s1/experiments/eva_laused/acoustic_model/inter_module/nn_mgc_lf0_vuv_bap_199/lause01800.cmp
2025-05-09 14:06:43,440     INFO  acoustic_comp: processing file  226 of  249 : /home/meelis/merlin/egs/build_your_own_voice/s1/experiments/eva_laused/acoustic_model/inter_module/nn_mgc_lf0_vuv_bap_199/lause01811.cmp
2025-05-09 14:06:44,216     INFO  acoustic_comp: processing file  227 of  249 : /home/meelis/merlin/egs/build_your_own_voice/s1/experiments/eva_laused/acoustic_model/inter_module/nn_mgc_lf0_vuv_bap_199/lause01818.cmp
2025-05-09 14:06:44,490     INFO  acoustic_comp: processing file  228 of  250 : /home/meelis/merlin/egs/build_your_own_voice/s1/experiments/eva_laused/acoustic_model/inter_module/nn_mgc_lf0_vuv_bap_199/lause01822.cmp
2025-05-09 14:06:44,843     INFO  acoustic_comp: processing file  232 of  250 : /home/meelis/merlin/egs/build_your_own_voice/s1/experiments/eva_laused/acoustic_model/inter_module/nn_mgc_lf0_vuv_bap_199/lause01852.cmp
2025-05-09 14:06:45,358     INFO  acoustic_comp: processing file  230 of  250 : /home/meelis/merlin/egs/build_your_own_voice/s1/experiments/eva_laused/acoustic_model/inter_module/nn_mgc_lf0_vuv_bap_199/lause01841.cmp
2025-05-09 14:06:45,419     INFO  acoustic_comp: processing file  226 of  250 : /home/meelis/merlin/egs/build_your_own_voice/s1/experiments/eva_laused/acoustic_model/inter_module/nn_mgc_lf0_vuv_bap_199/lause01808.cmp
2025-05-09 14:06:45,669     INFO  acoustic_comp: processing file  232 of  250 : /home/meelis/merlin/egs/build_your_own_voice/s1/experiments/eva_laused/acoustic_model/inter_module/nn_mgc_lf0_vuv_bap_199/lause01855.cmp
2025-05-09 14:06:45,689     INFO  acoustic_comp: processing file  227 of  249 : /home/meelis/merlin/egs/build_your_own_voice/s1/experiments/eva_laused/acoustic_model/inter_module/nn_mgc_lf0_vuv_bap_199/lause01819.cmp
2025-05-09 14:06:46,687     INFO  acoustic_comp: processing file  233 of  250 : /home/meelis/merlin/egs/build_your_own_voice/s1/experiments/eva_laused/acoustic_model/inter_module/nn_mgc_lf0_vuv_bap_199/lause01860.cmp
2025-05-09 14:06:46,725     INFO  acoustic_comp: processing file  228 of  249 : /home/meelis/merlin/egs/build_your_own_voice/s1/experiments/eva_laused/acoustic_model/inter_module/nn_mgc_lf0_vuv_bap_199/lause01826.cmp
2025-05-09 14:06:47,745     INFO  acoustic_comp: processing file  233 of  250 : /home/meelis/merlin/egs/build_your_own_voice/s1/experiments/eva_laused/acoustic_model/inter_module/nn_mgc_lf0_vuv_bap_199/lause01863.cmp
2025-05-09 14:06:48,017     INFO  acoustic_comp: processing file  234 of  250 : /home/meelis/merlin/egs/build_your_own_voice/s1/experiments/eva_laused/acoustic_model/inter_module/nn_mgc_lf0_vuv_bap_199/lause01868.cmp
2025-05-09 14:06:48,049     INFO  acoustic_comp: processing file  227 of  250 : /home/meelis/merlin/egs/build_your_own_voice/s1/experiments/eva_laused/acoustic_model/inter_module/nn_mgc_lf0_vuv_bap_199/lause01816.cmp
2025-05-09 14:06:48,061     INFO  acoustic_comp: processing file  227 of  250 : /home/meelis/merlin/egs/build_your_own_voice/s1/experiments/eva_laused/acoustic_model/inter_module/nn_mgc_lf0_vuv_bap_199/lause01813.cmp
2025-05-09 14:06:48,454     INFO  acoustic_comp: processing file  231 of  250 : /home/meelis/merlin/egs/build_your_own_voice/s1/experiments/eva_laused/acoustic_model/inter_module/nn_mgc_lf0_vuv_bap_199/lause01849.cmp
2025-05-09 14:06:48,648     INFO  acoustic_comp: processing file  229 of  249 : /home/meelis/merlin/egs/build_your_own_voice/s1/experiments/eva_laused/acoustic_model/inter_module/nn_mgc_lf0_vuv_bap_199/lause01834.cmp
2025-05-09 14:06:49,016     INFO  acoustic_comp: processing file  228 of  249 : /home/meelis/merlin/egs/build_your_own_voice/s1/experiments/eva_laused/acoustic_model/inter_module/nn_mgc_lf0_vuv_bap_199/lause01827.cmp
2025-05-09 14:06:49,030     INFO  acoustic_comp: processing file  229 of  250 : /home/meelis/merlin/egs/build_your_own_voice/s1/experiments/eva_laused/acoustic_model/inter_module/nn_mgc_lf0_vuv_bap_199/lause01830.cmp
2025-05-09 14:06:49,437     INFO  acoustic_comp: processing file  228 of  250 : /home/meelis/merlin/egs/build_your_own_voice/s1/experiments/eva_laused/acoustic_model/inter_module/nn_mgc_lf0_vuv_bap_199/lause01821.cmp
2025-05-09 14:06:49,605     INFO  acoustic_comp: processing file  234 of  250 : /home/meelis/merlin/egs/build_your_own_voice/s1/experiments/eva_laused/acoustic_model/inter_module/nn_mgc_lf0_vuv_bap_199/lause01871.cmp
2025-05-09 14:06:50,098     INFO  acoustic_comp: processing file  228 of  250 : /home/meelis/merlin/egs/build_your_own_voice/s1/experiments/eva_laused/acoustic_model/inter_module/nn_mgc_lf0_vuv_bap_199/lause01824.cmp
2025-05-09 14:06:50,148     INFO  acoustic_comp: processing file  232 of  250 : /home/meelis/merlin/egs/build_your_own_voice/s1/experiments/eva_laused/acoustic_model/inter_module/nn_mgc_lf0_vuv_bap_199/lause01857.cmp
2025-05-09 14:06:50,759     INFO  acoustic_comp: processing file  235 of  250 : /home/meelis/merlin/egs/build_your_own_voice/s1/experiments/eva_laused/acoustic_model/inter_module/nn_mgc_lf0_vuv_bap_199/lause01876.cmp
2025-05-09 14:06:51,085     INFO  acoustic_comp: processing file  230 of  249 : /home/meelis/merlin/egs/build_your_own_voice/s1/experiments/eva_laused/acoustic_model/inter_module/nn_mgc_lf0_vuv_bap_199/lause01842.cmp
2025-05-09 14:06:51,237     INFO  acoustic_comp: processing file  229 of  249 : /home/meelis/merlin/egs/build_your_own_voice/s1/experiments/eva_laused/acoustic_model/inter_module/nn_mgc_lf0_vuv_bap_199/lause01835.cmp
2025-05-09 14:06:51,362     INFO  acoustic_comp: processing file  230 of  250 : /home/meelis/merlin/egs/build_your_own_voice/s1/experiments/eva_laused/acoustic_model/inter_module/nn_mgc_lf0_vuv_bap_199/lause01838.cmp
2025-05-09 14:06:51,837     INFO  acoustic_comp: processing file  235 of  250 : /home/meelis/merlin/egs/build_your_own_voice/s1/experiments/eva_laused/acoustic_model/inter_module/nn_mgc_lf0_vuv_bap_199/lause01879.cmp
2025-05-09 14:06:52,346     INFO  acoustic_comp: processing file  233 of  250 : /home/meelis/merlin/egs/build_your_own_voice/s1/experiments/eva_laused/acoustic_model/inter_module/nn_mgc_lf0_vuv_bap_199/lause01865.cmp
2025-05-09 14:06:52,681     INFO  acoustic_comp: processing file  229 of  250 : /home/meelis/merlin/egs/build_your_own_voice/s1/experiments/eva_laused/acoustic_model/inter_module/nn_mgc_lf0_vuv_bap_199/lause01829.cmp
2025-05-09 14:06:52,959     INFO  acoustic_comp: processing file  229 of  250 : /home/meelis/merlin/egs/build_your_own_voice/s1/experiments/eva_laused/acoustic_model/inter_module/nn_mgc_lf0_vuv_bap_199/lause01832.cmp
2025-05-09 14:06:52,996     INFO  acoustic_comp: processing file  236 of  250 : /home/meelis/merlin/egs/build_your_own_voice/s1/experiments/eva_laused/acoustic_model/inter_module/nn_mgc_lf0_vuv_bap_199/lause01884.cmp
2025-05-09 14:06:53,636     INFO  acoustic_comp: processing file  236 of  250 : /home/meelis/merlin/egs/build_your_own_voice/s1/experiments/eva_laused/acoustic_model/inter_module/nn_mgc_lf0_vuv_bap_199/lause01887.cmp
2025-05-09 14:06:54,038     INFO  acoustic_comp: processing file  231 of  249 : /home/meelis/merlin/egs/build_your_own_voice/s1/experiments/eva_laused/acoustic_model/inter_module/nn_mgc_lf0_vuv_bap_199/lause01850.cmp
2025-05-09 14:06:54,190     INFO  acoustic_comp: processing file  231 of  250 : /home/meelis/merlin/egs/build_your_own_voice/s1/experiments/eva_laused/acoustic_model/inter_module/nn_mgc_lf0_vuv_bap_199/lause01846.cmp
2025-05-09 14:06:55,004     INFO  acoustic_comp: processing file  230 of  249 : /home/meelis/merlin/egs/build_your_own_voice/s1/experiments/eva_laused/acoustic_model/inter_module/nn_mgc_lf0_vuv_bap_199/lause01843.cmp
2025-05-09 14:06:55,164     INFO  acoustic_comp: processing file  230 of  250 : /home/meelis/merlin/egs/build_your_own_voice/s1/experiments/eva_laused/acoustic_model/inter_module/nn_mgc_lf0_vuv_bap_199/lause01840.cmp
2025-05-09 14:06:55,218     INFO  acoustic_comp: processing file  234 of  250 : /home/meelis/merlin/egs/build_your_own_voice/s1/experiments/eva_laused/acoustic_model/inter_module/nn_mgc_lf0_vuv_bap_199/lause01873.cmp
2025-05-09 14:06:55,237     INFO  acoustic_comp: processing file  237 of  250 : /home/meelis/merlin/egs/build_your_own_voice/s1/experiments/eva_laused/acoustic_model/inter_module/nn_mgc_lf0_vuv_bap_199/lause01892.cmp
2025-05-09 14:06:55,239     INFO  acoustic_comp: processing file  230 of  250 : /home/meelis/merlin/egs/build_your_own_voice/s1/experiments/eva_laused/acoustic_model/inter_module/nn_mgc_lf0_vuv_bap_199/lause01837.cmp
2025-05-09 14:06:55,654     INFO  acoustic_comp: processing file  232 of  249 : /home/meelis/merlin/egs/build_your_own_voice/s1/experiments/eva_laused/acoustic_model/inter_module/nn_mgc_lf0_vuv_bap_199/lause01858.cmp
2025-05-09 14:06:55,939     INFO  acoustic_comp: processing file  232 of  250 : /home/meelis/merlin/egs/build_your_own_voice/s1/experiments/eva_laused/acoustic_model/inter_module/nn_mgc_lf0_vuv_bap_199/lause01854.cmp
2025-05-09 14:06:56,869     INFO  acoustic_comp: processing file  237 of  250 : /home/meelis/merlin/egs/build_your_own_voice/s1/experiments/eva_laused/acoustic_model/inter_module/nn_mgc_lf0_vuv_bap_199/lause01895.cmp
2025-05-09 14:06:57,560     INFO  acoustic_comp: processing file  233 of  250 : /home/meelis/merlin/egs/build_your_own_voice/s1/experiments/eva_laused/acoustic_model/inter_module/nn_mgc_lf0_vuv_bap_199/lause01862.cmp
2025-05-09 14:06:57,761     INFO  acoustic_comp: processing file  231 of  249 : /home/meelis/merlin/egs/build_your_own_voice/s1/experiments/eva_laused/acoustic_model/inter_module/nn_mgc_lf0_vuv_bap_199/lause01851.cmp
2025-05-09 14:06:57,783     INFO  acoustic_comp: processing file  238 of  250 : /home/meelis/merlin/egs/build_your_own_voice/s1/experiments/eva_laused/acoustic_model/inter_module/nn_mgc_lf0_vuv_bap_199/lause01900.cmp
2025-05-09 14:06:57,790     INFO  acoustic_comp: processing file  235 of  250 : /home/meelis/merlin/egs/build_your_own_voice/s1/experiments/eva_laused/acoustic_model/inter_module/nn_mgc_lf0_vuv_bap_199/lause01881.cmp
2025-05-09 14:06:58,183     INFO  acoustic_comp: processing file  231 of  250 : /home/meelis/merlin/egs/build_your_own_voice/s1/experiments/eva_laused/acoustic_model/inter_module/nn_mgc_lf0_vuv_bap_199/lause01845.cmp
2025-05-09 14:06:58,276     INFO  acoustic_comp: processing file  231 of  250 : /home/meelis/merlin/egs/build_your_own_voice/s1/experiments/eva_laused/acoustic_model/inter_module/nn_mgc_lf0_vuv_bap_199/lause01848.cmp
2025-05-09 14:06:58,466     INFO  acoustic_comp: processing file  233 of  249 : /home/meelis/merlin/egs/build_your_own_voice/s1/experiments/eva_laused/acoustic_model/inter_module/nn_mgc_lf0_vuv_bap_199/lause01866.cmp
2025-05-09 14:06:58,785     INFO  acoustic_comp: processing file  238 of  250 : /home/meelis/merlin/egs/build_your_own_voice/s1/experiments/eva_laused/acoustic_model/inter_module/nn_mgc_lf0_vuv_bap_199/lause01903.cmp
2025-05-09 14:06:59,420     INFO  acoustic_comp: processing file  232 of  249 : /home/meelis/merlin/egs/build_your_own_voice/s1/experiments/eva_laused/acoustic_model/inter_module/nn_mgc_lf0_vuv_bap_199/lause01859.cmp
2025-05-09 14:06:59,819     INFO  acoustic_comp: processing file  232 of  250 : /home/meelis/merlin/egs/build_your_own_voice/s1/experiments/eva_laused/acoustic_model/inter_module/nn_mgc_lf0_vuv_bap_199/lause01856.cmp
2025-05-09 14:06:59,946     INFO  acoustic_comp: processing file  234 of  250 : /home/meelis/merlin/egs/build_your_own_voice/s1/experiments/eva_laused/acoustic_model/inter_module/nn_mgc_lf0_vuv_bap_199/lause01870.cmp
2025-05-09 14:07:00,204     INFO  acoustic_comp: processing file  239 of  250 : /home/meelis/merlin/egs/build_your_own_voice/s1/experiments/eva_laused/acoustic_model/inter_module/nn_mgc_lf0_vuv_bap_199/lause01908.cmp
2025-05-09 14:07:00,417     INFO  acoustic_comp: processing file  236 of  250 : /home/meelis/merlin/egs/build_your_own_voice/s1/experiments/eva_laused/acoustic_model/inter_module/nn_mgc_lf0_vuv_bap_199/lause01889.cmp
2025-05-09 14:07:00,698     INFO  acoustic_comp: processing file  232 of  250 : /home/meelis/merlin/egs/build_your_own_voice/s1/experiments/eva_laused/acoustic_model/inter_module/nn_mgc_lf0_vuv_bap_199/lause01853.cmp
2025-05-09 14:07:00,948     INFO  acoustic_comp: processing file  234 of  249 : /home/meelis/merlin/egs/build_your_own_voice/s1/experiments/eva_laused/acoustic_model/inter_module/nn_mgc_lf0_vuv_bap_199/lause01874.cmp
2025-05-09 14:07:01,009     INFO  acoustic_comp: processing file  239 of  250 : /home/meelis/merlin/egs/build_your_own_voice/s1/experiments/eva_laused/acoustic_model/inter_module/nn_mgc_lf0_vuv_bap_199/lause01911.cmp
2025-05-09 14:07:01,321     INFO  acoustic_comp: processing file  233 of  250 : /home/meelis/merlin/egs/build_your_own_voice/s1/experiments/eva_laused/acoustic_model/inter_module/nn_mgc_lf0_vuv_bap_199/lause01864.cmp
2025-05-09 14:07:01,770     INFO  acoustic_comp: processing file  233 of  249 : /home/meelis/merlin/egs/build_your_own_voice/s1/experiments/eva_laused/acoustic_model/inter_module/nn_mgc_lf0_vuv_bap_199/lause01867.cmp
2025-05-09 14:07:02,753     INFO  acoustic_comp: processing file  240 of  250 : /home/meelis/merlin/egs/build_your_own_voice/s1/experiments/eva_laused/acoustic_model/inter_module/nn_mgc_lf0_vuv_bap_199/lause01916.cmp
2025-05-09 14:07:03,009     INFO  acoustic_comp: processing file  240 of  250 : /home/meelis/merlin/egs/build_your_own_voice/s1/experiments/eva_laused/acoustic_model/inter_module/nn_mgc_lf0_vuv_bap_199/lause01919.cmp
2025-05-09 14:07:03,145     INFO  acoustic_comp: processing file  234 of  249 : /home/meelis/merlin/egs/build_your_own_voice/s1/experiments/eva_laused/acoustic_model/inter_module/nn_mgc_lf0_vuv_bap_199/lause01875.cmp
2025-05-09 14:07:03,285     INFO  acoustic_comp: processing file  233 of  250 : /home/meelis/merlin/egs/build_your_own_voice/s1/experiments/eva_laused/acoustic_model/inter_module/nn_mgc_lf0_vuv_bap_199/lause01861.cmp
2025-05-09 14:07:03,320     INFO  acoustic_comp: processing file  235 of  250 : /home/meelis/merlin/egs/build_your_own_voice/s1/experiments/eva_laused/acoustic_model/inter_module/nn_mgc_lf0_vuv_bap_199/lause01878.cmp
2025-05-09 14:07:03,731     INFO  acoustic_comp: processing file  235 of  249 : /home/meelis/merlin/egs/build_your_own_voice/s1/experiments/eva_laused/acoustic_model/inter_module/nn_mgc_lf0_vuv_bap_199/lause01882.cmp
2025-05-09 14:07:03,793     INFO  acoustic_comp: processing file  237 of  250 : /home/meelis/merlin/egs/build_your_own_voice/s1/experiments/eva_laused/acoustic_model/inter_module/nn_mgc_lf0_vuv_bap_199/lause01897.cmp
2025-05-09 14:07:04,389     INFO  acoustic_comp: processing file  234 of  250 : /home/meelis/merlin/egs/build_your_own_voice/s1/experiments/eva_laused/acoustic_model/inter_module/nn_mgc_lf0_vuv_bap_199/lause01872.cmp
2025-05-09 14:07:05,026     INFO  acoustic_comp: processing file  234 of  250 : /home/meelis/merlin/egs/build_your_own_voice/s1/experiments/eva_laused/acoustic_model/inter_module/nn_mgc_lf0_vuv_bap_199/lause01869.cmp
2025-05-09 14:07:05,259     INFO  acoustic_comp: processing file  241 of  250 : /home/meelis/merlin/egs/build_your_own_voice/s1/experiments/eva_laused/acoustic_model/inter_module/nn_mgc_lf0_vuv_bap_199/lause01927.cmp
2025-05-09 14:07:05,288     INFO  acoustic_comp: processing file  241 of  250 : /home/meelis/merlin/egs/build_your_own_voice/s1/experiments/eva_laused/acoustic_model/inter_module/nn_mgc_lf0_vuv_bap_199/lause01924.cmp
2025-05-09 14:07:05,389     INFO  acoustic_comp: processing file  238 of  250 : /home/meelis/merlin/egs/build_your_own_voice/s1/experiments/eva_laused/acoustic_model/inter_module/nn_mgc_lf0_vuv_bap_199/lause01905.cmp
2025-05-09 14:07:05,841     INFO  acoustic_comp: processing file  236 of  249 : /home/meelis/merlin/egs/build_your_own_voice/s1/experiments/eva_laused/acoustic_model/inter_module/nn_mgc_lf0_vuv_bap_199/lause01890.cmp
2025-05-09 14:07:06,590     INFO  acoustic_comp: processing file  235 of  249 : /home/meelis/merlin/egs/build_your_own_voice/s1/experiments/eva_laused/acoustic_model/inter_module/nn_mgc_lf0_vuv_bap_199/lause01883.cmp
2025-05-09 14:07:06,717     INFO  acoustic_comp: processing file  236 of  250 : /home/meelis/merlin/egs/build_your_own_voice/s1/experiments/eva_laused/acoustic_model/inter_module/nn_mgc_lf0_vuv_bap_199/lause01886.cmp
2025-05-09 14:07:07,004     INFO  acoustic_comp: processing file  235 of  250 : /home/meelis/merlin/egs/build_your_own_voice/s1/experiments/eva_laused/acoustic_model/inter_module/nn_mgc_lf0_vuv_bap_199/lause01877.cmp
2025-05-09 14:07:07,286     INFO  acoustic_comp: processing file  242 of  250 : /home/meelis/merlin/egs/build_your_own_voice/s1/experiments/eva_laused/acoustic_model/inter_module/nn_mgc_lf0_vuv_bap_199/lause01932.cmp
2025-05-09 14:07:07,442     INFO  acoustic_comp: processing file  239 of  250 : /home/meelis/merlin/egs/build_your_own_voice/s1/experiments/eva_laused/acoustic_model/inter_module/nn_mgc_lf0_vuv_bap_199/lause01913.cmp
2025-05-09 14:07:07,501     INFO  acoustic_comp: processing file  235 of  250 : /home/meelis/merlin/egs/build_your_own_voice/s1/experiments/eva_laused/acoustic_model/inter_module/nn_mgc_lf0_vuv_bap_199/lause01880.cmp
2025-05-09 14:07:07,639     INFO  acoustic_comp: processing file  242 of  250 : /home/meelis/merlin/egs/build_your_own_voice/s1/experiments/eva_laused/acoustic_model/inter_module/nn_mgc_lf0_vuv_bap_199/lause01935.cmp
2025-05-09 14:07:09,044     INFO  acoustic_comp: processing file  236 of  250 : /home/meelis/merlin/egs/build_your_own_voice/s1/experiments/eva_laused/acoustic_model/inter_module/nn_mgc_lf0_vuv_bap_199/lause01885.cmp
2025-05-09 14:07:09,696     INFO  acoustic_comp: processing file  236 of  249 : /home/meelis/merlin/egs/build_your_own_voice/s1/experiments/eva_laused/acoustic_model/inter_module/nn_mgc_lf0_vuv_bap_199/lause01891.cmp
2025-05-09 14:07:09,783     INFO  acoustic_comp: processing file  240 of  250 : /home/meelis/merlin/egs/build_your_own_voice/s1/experiments/eva_laused/acoustic_model/inter_module/nn_mgc_lf0_vuv_bap_199/lause01921.cmp
2025-05-09 14:07:09,960     INFO  acoustic_comp: processing file  237 of  249 : /home/meelis/merlin/egs/build_your_own_voice/s1/experiments/eva_laused/acoustic_model/inter_module/nn_mgc_lf0_vuv_bap_199/lause01898.cmp
2025-05-09 14:07:10,073     INFO  acoustic_comp: processing file  237 of  250 : /home/meelis/merlin/egs/build_your_own_voice/s1/experiments/eva_laused/acoustic_model/inter_module/nn_mgc_lf0_vuv_bap_199/lause01894.cmp
2025-05-09 14:07:10,246     INFO  acoustic_comp: processing file  236 of  250 : /home/meelis/merlin/egs/build_your_own_voice/s1/experiments/eva_laused/acoustic_model/inter_module/nn_mgc_lf0_vuv_bap_199/lause01888.cmp
2025-05-09 14:07:10,458     INFO  acoustic_comp: processing file  243 of  250 : /home/meelis/merlin/egs/build_your_own_voice/s1/experiments/eva_laused/acoustic_model/inter_module/nn_mgc_lf0_vuv_bap_199/lause01940.cmp
2025-05-09 14:07:10,756     INFO  acoustic_comp: processing file  243 of  250 : /home/meelis/merlin/egs/build_your_own_voice/s1/experiments/eva_laused/acoustic_model/inter_module/nn_mgc_lf0_vuv_bap_199/lause01943.cmp
2025-05-09 14:07:11,245     INFO  acoustic_comp: processing file  238 of  249 : /home/meelis/merlin/egs/build_your_own_voice/s1/experiments/eva_laused/acoustic_model/inter_module/nn_mgc_lf0_vuv_bap_199/lause01906.cmp
2025-05-09 14:07:11,402     INFO  acoustic_comp: processing file  237 of  250 : /home/meelis/merlin/egs/build_your_own_voice/s1/experiments/eva_laused/acoustic_model/inter_module/nn_mgc_lf0_vuv_bap_199/lause01893.cmp
2025-05-09 14:07:11,654     INFO  acoustic_comp: processing file  241 of  250 : /home/meelis/merlin/egs/build_your_own_voice/s1/experiments/eva_laused/acoustic_model/inter_module/nn_mgc_lf0_vuv_bap_199/lause01929.cmp
2025-05-09 14:07:12,038     INFO  acoustic_comp: processing file  237 of  249 : /home/meelis/merlin/egs/build_your_own_voice/s1/experiments/eva_laused/acoustic_model/inter_module/nn_mgc_lf0_vuv_bap_199/lause01899.cmp
2025-05-09 14:07:12,479     INFO  acoustic_comp: processing file  238 of  250 : /home/meelis/merlin/egs/build_your_own_voice/s1/experiments/eva_laused/acoustic_model/inter_module/nn_mgc_lf0_vuv_bap_199/lause01902.cmp
2025-05-09 14:07:12,670     INFO  acoustic_comp: processing file  244 of  250 : /home/meelis/merlin/egs/build_your_own_voice/s1/experiments/eva_laused/acoustic_model/inter_module/nn_mgc_lf0_vuv_bap_199/lause01948.cmp
2025-05-09 14:07:13,011     INFO  acoustic_comp: processing file  239 of  249 : /home/meelis/merlin/egs/build_your_own_voice/s1/experiments/eva_laused/acoustic_model/inter_module/nn_mgc_lf0_vuv_bap_199/lause01914.cmp
2025-05-09 14:07:13,415     INFO  acoustic_comp: processing file  238 of  250 : /home/meelis/merlin/egs/build_your_own_voice/s1/experiments/eva_laused/acoustic_model/inter_module/nn_mgc_lf0_vuv_bap_199/lause01901.cmp
2025-05-09 14:07:13,441     INFO  acoustic_comp: processing file  244 of  250 : /home/meelis/merlin/egs/build_your_own_voice/s1/experiments/eva_laused/acoustic_model/inter_module/nn_mgc_lf0_vuv_bap_199/lause01951.cmp
2025-05-09 14:07:13,557     INFO  acoustic_comp: processing file  242 of  250 : /home/meelis/merlin/egs/build_your_own_voice/s1/experiments/eva_laused/acoustic_model/inter_module/nn_mgc_lf0_vuv_bap_199/lause01937.cmp
2025-05-09 14:07:13,684     INFO  acoustic_comp: processing file  237 of  250 : /home/meelis/merlin/egs/build_your_own_voice/s1/experiments/eva_laused/acoustic_model/inter_module/nn_mgc_lf0_vuv_bap_199/lause01896.cmp
2025-05-09 14:07:14,064     INFO  acoustic_comp: processing file  238 of  249 : /home/meelis/merlin/egs/build_your_own_voice/s1/experiments/eva_laused/acoustic_model/inter_module/nn_mgc_lf0_vuv_bap_199/lause01907.cmp
2025-05-09 14:07:14,808     INFO  acoustic_comp: processing file  240 of  249 : /home/meelis/merlin/egs/build_your_own_voice/s1/experiments/eva_laused/acoustic_model/inter_module/nn_mgc_lf0_vuv_bap_199/lause01922.cmp
2025-05-09 14:07:15,159     INFO  acoustic_comp: processing file  239 of  250 : /home/meelis/merlin/egs/build_your_own_voice/s1/experiments/eva_laused/acoustic_model/inter_module/nn_mgc_lf0_vuv_bap_199/lause01909.cmp
2025-05-09 14:07:15,193     INFO  acoustic_comp: processing file  239 of  250 : /home/meelis/merlin/egs/build_your_own_voice/s1/experiments/eva_laused/acoustic_model/inter_module/nn_mgc_lf0_vuv_bap_199/lause01910.cmp
2025-05-09 14:07:15,208     INFO  acoustic_comp: processing file  238 of  250 : /home/meelis/merlin/egs/build_your_own_voice/s1/experiments/eva_laused/acoustic_model/inter_module/nn_mgc_lf0_vuv_bap_199/lause01904.cmp
2025-05-09 14:07:15,313     INFO  acoustic_comp: processing file  245 of  250 : /home/meelis/merlin/egs/build_your_own_voice/s1/experiments/eva_laused/acoustic_model/inter_module/nn_mgc_lf0_vuv_bap_199/lause01956.cmp
2025-05-09 14:07:16,256     INFO  acoustic_comp: processing file  243 of  250 : /home/meelis/merlin/egs/build_your_own_voice/s1/experiments/eva_laused/acoustic_model/inter_module/nn_mgc_lf0_vuv_bap_199/lause01945.cmp
2025-05-09 14:07:16,357     INFO  acoustic_comp: processing file  245 of  250 : /home/meelis/merlin/egs/build_your_own_voice/s1/experiments/eva_laused/acoustic_model/inter_module/nn_mgc_lf0_vuv_bap_199/lause01959.cmp
2025-05-09 14:07:16,422     INFO  acoustic_comp: processing file  239 of  249 : /home/meelis/merlin/egs/build_your_own_voice/s1/experiments/eva_laused/acoustic_model/inter_module/nn_mgc_lf0_vuv_bap_199/lause01915.cmp
2025-05-09 14:07:16,822     INFO  acoustic_comp: processing file  240 of  250 : /home/meelis/merlin/egs/build_your_own_voice/s1/experiments/eva_laused/acoustic_model/inter_module/nn_mgc_lf0_vuv_bap_199/lause01918.cmp
2025-05-09 14:07:17,093     INFO  acoustic_comp: processing file  240 of  250 : /home/meelis/merlin/egs/build_your_own_voice/s1/experiments/eva_laused/acoustic_model/inter_module/nn_mgc_lf0_vuv_bap_199/lause01917.cmp
2025-05-09 14:07:17,307     INFO  acoustic_comp: processing file  241 of  249 : /home/meelis/merlin/egs/build_your_own_voice/s1/experiments/eva_laused/acoustic_model/inter_module/nn_mgc_lf0_vuv_bap_199/lause01930.cmp
2025-05-09 14:07:17,733     INFO  acoustic_comp: processing file  239 of  250 : /home/meelis/merlin/egs/build_your_own_voice/s1/experiments/eva_laused/acoustic_model/inter_module/nn_mgc_lf0_vuv_bap_199/lause01912.cmp
2025-05-09 14:07:18,649     INFO  acoustic_comp: processing file  244 of  250 : /home/meelis/merlin/egs/build_your_own_voice/s1/experiments/eva_laused/acoustic_model/inter_module/nn_mgc_lf0_vuv_bap_199/lause01953.cmp
2025-05-09 14:07:18,692     INFO  acoustic_comp: processing file  240 of  249 : /home/meelis/merlin/egs/build_your_own_voice/s1/experiments/eva_laused/acoustic_model/inter_module/nn_mgc_lf0_vuv_bap_199/lause01923.cmp
2025-05-09 14:07:18,716     INFO  acoustic_comp: processing file  246 of  250 : /home/meelis/merlin/egs/build_your_own_voice/s1/experiments/eva_laused/acoustic_model/inter_module/nn_mgc_lf0_vuv_bap_199/lause01964.cmp
2025-05-09 14:07:19,090     INFO  acoustic_comp: processing file  241 of  250 : /home/meelis/merlin/egs/build_your_own_voice/s1/experiments/eva_laused/acoustic_model/inter_module/nn_mgc_lf0_vuv_bap_199/lause01925.cmp
2025-05-09 14:07:20,080     INFO  acoustic_comp: processing file  241 of  250 : /home/meelis/merlin/egs/build_your_own_voice/s1/experiments/eva_laused/acoustic_model/inter_module/nn_mgc_lf0_vuv_bap_199/lause01926.cmp
2025-05-09 14:07:20,084     INFO  acoustic_comp: processing file  246 of  250 : /home/meelis/merlin/egs/build_your_own_voice/s1/experiments/eva_laused/acoustic_model/inter_module/nn_mgc_lf0_vuv_bap_199/lause01967.cmp
2025-05-09 14:07:20,269     INFO  acoustic_comp: processing file  240 of  250 : /home/meelis/merlin/egs/build_your_own_voice/s1/experiments/eva_laused/acoustic_model/inter_module/nn_mgc_lf0_vuv_bap_199/lause01920.cmp
2025-05-09 14:07:20,562     INFO  acoustic_comp: processing file  242 of  249 : /home/meelis/merlin/egs/build_your_own_voice/s1/experiments/eva_laused/acoustic_model/inter_module/nn_mgc_lf0_vuv_bap_199/lause01938.cmp
2025-05-09 14:07:21,430     INFO  acoustic_comp: processing file  247 of  250 : /home/meelis/merlin/egs/build_your_own_voice/s1/experiments/eva_laused/acoustic_model/inter_module/nn_mgc_lf0_vuv_bap_199/lause01972.cmp
2025-05-09 14:07:21,657     INFO  acoustic_comp: processing file  245 of  250 : /home/meelis/merlin/egs/build_your_own_voice/s1/experiments/eva_laused/acoustic_model/inter_module/nn_mgc_lf0_vuv_bap_199/lause01961.cmp
2025-05-09 14:07:22,027     INFO  acoustic_comp: processing file  247 of  250 : /home/meelis/merlin/egs/build_your_own_voice/s1/experiments/eva_laused/acoustic_model/inter_module/nn_mgc_lf0_vuv_bap_199/lause01975.cmp
2025-05-09 14:07:22,639     INFO  acoustic_comp: processing file  242 of  250 : /home/meelis/merlin/egs/build_your_own_voice/s1/experiments/eva_laused/acoustic_model/inter_module/nn_mgc_lf0_vuv_bap_199/lause01933.cmp
2025-05-09 14:07:22,655     INFO  acoustic_comp: processing file  242 of  250 : /home/meelis/merlin/egs/build_your_own_voice/s1/experiments/eva_laused/acoustic_model/inter_module/nn_mgc_lf0_vuv_bap_199/lause01934.cmp
2025-05-09 14:07:22,772     INFO  acoustic_comp: processing file  241 of  249 : /home/meelis/merlin/egs/build_your_own_voice/s1/experiments/eva_laused/acoustic_model/inter_module/nn_mgc_lf0_vuv_bap_199/lause01931.cmp
2025-05-09 14:07:23,015     INFO  acoustic_comp: processing file  241 of  250 : /home/meelis/merlin/egs/build_your_own_voice/s1/experiments/eva_laused/acoustic_model/inter_module/nn_mgc_lf0_vuv_bap_199/lause01928.cmp
2025-05-09 14:07:23,447     INFO  acoustic_comp: processing file  248 of  250 : /home/meelis/merlin/egs/build_your_own_voice/s1/experiments/eva_laused/acoustic_model/inter_module/nn_mgc_lf0_vuv_bap_199/lause01980.cmp
2025-05-09 14:07:23,485     INFO  acoustic_comp: processing file  243 of  249 : /home/meelis/merlin/egs/build_your_own_voice/s1/experiments/eva_laused/acoustic_model/inter_module/nn_mgc_lf0_vuv_bap_199/lause01946.cmp
2025-05-09 14:07:24,387     INFO  acoustic_comp: processing file  243 of  250 : /home/meelis/merlin/egs/build_your_own_voice/s1/experiments/eva_laused/acoustic_model/inter_module/nn_mgc_lf0_vuv_bap_199/lause01941.cmp
2025-05-09 14:07:24,397     INFO  acoustic_comp: processing file  246 of  250 : /home/meelis/merlin/egs/build_your_own_voice/s1/experiments/eva_laused/acoustic_model/inter_module/nn_mgc_lf0_vuv_bap_199/lause01969.cmp
2025-05-09 14:07:24,438     INFO  acoustic_comp: processing file  248 of  250 : /home/meelis/merlin/egs/build_your_own_voice/s1/experiments/eva_laused/acoustic_model/inter_module/nn_mgc_lf0_vuv_bap_199/lause01983.cmp
2025-05-09 14:07:25,040     INFO  acoustic_comp: processing file  243 of  250 : /home/meelis/merlin/egs/build_your_own_voice/s1/experiments/eva_laused/acoustic_model/inter_module/nn_mgc_lf0_vuv_bap_199/lause01942.cmp
2025-05-09 14:07:25,501     INFO  acoustic_comp: processing file  242 of  250 : /home/meelis/merlin/egs/build_your_own_voice/s1/experiments/eva_laused/acoustic_model/inter_module/nn_mgc_lf0_vuv_bap_199/lause01936.cmp
2025-05-09 14:07:25,558     INFO  acoustic_comp: processing file  242 of  249 : /home/meelis/merlin/egs/build_your_own_voice/s1/experiments/eva_laused/acoustic_model/inter_module/nn_mgc_lf0_vuv_bap_199/lause01939.cmp
2025-05-09 14:07:25,665     INFO  acoustic_comp: processing file  249 of  250 : /home/meelis/merlin/egs/build_your_own_voice/s1/experiments/eva_laused/acoustic_model/inter_module/nn_mgc_lf0_vuv_bap_199/lause01988.cmp
2025-05-09 14:07:25,874     INFO  acoustic_comp: processing file  247 of  250 : /home/meelis/merlin/egs/build_your_own_voice/s1/experiments/eva_laused/acoustic_model/inter_module/nn_mgc_lf0_vuv_bap_199/lause01977.cmp
2025-05-09 14:07:25,934     INFO  acoustic_comp: processing file  244 of  249 : /home/meelis/merlin/egs/build_your_own_voice/s1/experiments/eva_laused/acoustic_model/inter_module/nn_mgc_lf0_vuv_bap_199/lause01954.cmp
2025-05-09 14:07:26,648     INFO  acoustic_comp: processing file  244 of  250 : /home/meelis/merlin/egs/build_your_own_voice/s1/experiments/eva_laused/acoustic_model/inter_module/nn_mgc_lf0_vuv_bap_199/lause01949.cmp
2025-05-09 14:07:26,681     INFO  acoustic_comp: processing file  249 of  250 : /home/meelis/merlin/egs/build_your_own_voice/s1/experiments/eva_laused/acoustic_model/inter_module/nn_mgc_lf0_vuv_bap_199/lause01991.cmp
2025-05-09 14:07:27,303     INFO  acoustic_comp: processing file  244 of  250 : /home/meelis/merlin/egs/build_your_own_voice/s1/experiments/eva_laused/acoustic_model/inter_module/nn_mgc_lf0_vuv_bap_199/lause01950.cmp
2025-05-09 14:07:27,402     INFO  acoustic_comp: processing file  250 of  250 : /home/meelis/merlin/egs/build_your_own_voice/s1/experiments/eva_laused/acoustic_model/inter_module/nn_mgc_lf0_vuv_bap_199/lause01996.cmp
2025-05-09 14:07:28,330     INFO  acoustic_comp: processing file  248 of  250 : /home/meelis/merlin/egs/build_your_own_voice/s1/experiments/eva_laused/acoustic_model/inter_module/nn_mgc_lf0_vuv_bap_199/lause01985.cmp
2025-05-09 14:07:28,417     INFO  acoustic_comp: processing file  245 of  249 : /home/meelis/merlin/egs/build_your_own_voice/s1/experiments/eva_laused/acoustic_model/inter_module/nn_mgc_lf0_vuv_bap_199/lause01962.cmp
2025-05-09 14:07:28,531     INFO  acoustic_comp: processing file  243 of  249 : /home/meelis/merlin/egs/build_your_own_voice/s1/experiments/eva_laused/acoustic_model/inter_module/nn_mgc_lf0_vuv_bap_199/lause01947.cmp
2025-05-09 14:07:28,581     INFO  acoustic_comp: processing file  243 of  250 : /home/meelis/merlin/egs/build_your_own_voice/s1/experiments/eva_laused/acoustic_model/inter_module/nn_mgc_lf0_vuv_bap_199/lause01944.cmp
2025-05-09 14:07:28,740     INFO  acoustic_comp: processing file  250 of  250 : /home/meelis/merlin/egs/build_your_own_voice/s1/experiments/eva_laused/acoustic_model/inter_module/nn_mgc_lf0_vuv_bap_199/lause01999.cmp
2025-05-09 14:07:28,994     INFO  acoustic_comp: processing file  245 of  250 : /home/meelis/merlin/egs/build_your_own_voice/s1/experiments/eva_laused/acoustic_model/inter_module/nn_mgc_lf0_vuv_bap_199/lause01958.cmp
2025-05-09 14:07:30,077     INFO  acoustic_comp: processing file  246 of  250 : /home/meelis/merlin/egs/build_your_own_voice/s1/experiments/eva_laused/acoustic_model/inter_module/nn_mgc_lf0_vuv_bap_199/lause01966.cmp
2025-05-09 14:07:30,131     INFO  acoustic_comp: processing file  245 of  250 : /home/meelis/merlin/egs/build_your_own_voice/s1/experiments/eva_laused/acoustic_model/inter_module/nn_mgc_lf0_vuv_bap_199/lause01957.cmp
2025-05-09 14:07:30,237     INFO  acoustic_comp: processing file  249 of  250 : /home/meelis/merlin/egs/build_your_own_voice/s1/experiments/eva_laused/acoustic_model/inter_module/nn_mgc_lf0_vuv_bap_199/lause01993.cmp
2025-05-09 14:07:30,728     INFO  acoustic_comp: processing file  247 of  250 : /home/meelis/merlin/egs/build_your_own_voice/s1/experiments/eva_laused/acoustic_model/inter_module/nn_mgc_lf0_vuv_bap_199/lause01974.cmp
2025-05-09 14:07:30,882     INFO  acoustic_comp: processing file  244 of  250 : /home/meelis/merlin/egs/build_your_own_voice/s1/experiments/eva_laused/acoustic_model/inter_module/nn_mgc_lf0_vuv_bap_199/lause01952.cmp
2025-05-09 14:07:30,960     INFO  acoustic_comp: processing file  244 of  249 : /home/meelis/merlin/egs/build_your_own_voice/s1/experiments/eva_laused/acoustic_model/inter_module/nn_mgc_lf0_vuv_bap_199/lause01955.cmp
2025-05-09 14:07:31,232     INFO  acoustic_comp: processing file  250 of  250 : /home/meelis/merlin/egs/build_your_own_voice/s1/experiments/eva_laused/acoustic_model/inter_module/nn_mgc_lf0_vuv_bap_199/lause02001.cmp
2025-05-09 14:07:31,382     INFO  acoustic_comp: processing file  248 of  250 : /home/meelis/merlin/egs/build_your_own_voice/s1/experiments/eva_laused/acoustic_model/inter_module/nn_mgc_lf0_vuv_bap_199/lause01982.cmp
2025-05-09 14:07:31,423     INFO  acoustic_comp: processing file  246 of  249 : /home/meelis/merlin/egs/build_your_own_voice/s1/experiments/eva_laused/acoustic_model/inter_module/nn_mgc_lf0_vuv_bap_199/lause01970.cmp
2025-05-09 14:07:32,111     INFO  acoustic_comp: processing file  249 of  250 : /home/meelis/merlin/egs/build_your_own_voice/s1/experiments/eva_laused/acoustic_model/inter_module/nn_mgc_lf0_vuv_bap_199/lause01990.cmp
2025-05-09 14:07:32,371     INFO  acoustic_comp: processing file  245 of  250 : /home/meelis/merlin/egs/build_your_own_voice/s1/experiments/eva_laused/acoustic_model/inter_module/nn_mgc_lf0_vuv_bap_199/lause01960.cmp
2025-05-09 14:07:32,731     INFO  acoustic_comp: processing file  250 of  250 : /home/meelis/merlin/egs/build_your_own_voice/s1/experiments/eva_laused/acoustic_model/inter_module/nn_mgc_lf0_vuv_bap_199/lause01998.cmp
2025-05-09 14:07:32,967     INFO  acoustic_comp: processing file  247 of  249 : /home/meelis/merlin/egs/build_your_own_voice/s1/experiments/eva_laused/acoustic_model/inter_module/nn_mgc_lf0_vuv_bap_199/lause01978.cmp
2025-05-09 14:07:33,244     INFO  acoustic_comp: processing file  245 of  249 : /home/meelis/merlin/egs/build_your_own_voice/s1/experiments/eva_laused/acoustic_model/inter_module/nn_mgc_lf0_vuv_bap_199/lause01963.cmp
2025-05-09 14:07:33,324     INFO  acoustic_comp: processing file  246 of  250 : /home/meelis/merlin/egs/build_your_own_voice/s1/experiments/eva_laused/acoustic_model/inter_module/nn_mgc_lf0_vuv_bap_199/lause01968.cmp
2025-05-09 14:07:33,395     INFO  acoustic_comp: processing file  246 of  250 : /home/meelis/merlin/egs/build_your_own_voice/s1/experiments/eva_laused/acoustic_model/inter_module/nn_mgc_lf0_vuv_bap_199/lause01965.cmp
2025-05-09 14:07:34,100     INFO  acoustic_comp: processing file  247 of  250 : /home/meelis/merlin/egs/build_your_own_voice/s1/experiments/eva_laused/acoustic_model/inter_module/nn_mgc_lf0_vuv_bap_199/lause01976.cmp
2025-05-09 14:07:34,169     INFO  acoustic_comp: processing file  246 of  249 : /home/meelis/merlin/egs/build_your_own_voice/s1/experiments/eva_laused/acoustic_model/inter_module/nn_mgc_lf0_vuv_bap_199/lause01971.cmp
2025-05-09 14:07:34,209     INFO  acoustic_comp: processing file  248 of  249 : /home/meelis/merlin/egs/build_your_own_voice/s1/experiments/eva_laused/acoustic_model/inter_module/nn_mgc_lf0_vuv_bap_199/lause01986.cmp
2025-05-09 14:07:34,650     INFO  acoustic_comp: processing file  247 of  250 : /home/meelis/merlin/egs/build_your_own_voice/s1/experiments/eva_laused/acoustic_model/inter_module/nn_mgc_lf0_vuv_bap_199/lause01973.cmp
2025-05-09 14:07:34,806     INFO  acoustic_comp: processing file  249 of  249 : /home/meelis/merlin/egs/build_your_own_voice/s1/experiments/eva_laused/acoustic_model/inter_module/nn_mgc_lf0_vuv_bap_199/lause01994.cmp
2025-05-09 14:07:35,055     INFO  acoustic_comp: processing file  248 of  250 : /home/meelis/merlin/egs/build_your_own_voice/s1/experiments/eva_laused/acoustic_model/inter_module/nn_mgc_lf0_vuv_bap_199/lause01984.cmp
2025-05-09 14:07:35,352     INFO  acoustic_comp: processing file  248 of  250 : /home/meelis/merlin/egs/build_your_own_voice/s1/experiments/eva_laused/acoustic_model/inter_module/nn_mgc_lf0_vuv_bap_199/lause01981.cmp
2025-05-09 14:07:35,415     INFO  acoustic_comp: processing file  247 of  249 : /home/meelis/merlin/egs/build_your_own_voice/s1/experiments/eva_laused/acoustic_model/inter_module/nn_mgc_lf0_vuv_bap_199/lause01979.cmp
2025-05-09 14:07:35,640     INFO  acoustic_comp: processing file  249 of  250 : /home/meelis/merlin/egs/build_your_own_voice/s1/experiments/eva_laused/acoustic_model/inter_module/nn_mgc_lf0_vuv_bap_199/lause01992.cmp
2025-05-09 14:07:36,328     INFO  acoustic_comp: processing file  249 of  250 : /home/meelis/merlin/egs/build_your_own_voice/s1/experiments/eva_laused/acoustic_model/inter_module/nn_mgc_lf0_vuv_bap_199/lause01989.cmp
2025-05-09 14:07:36,432     INFO  acoustic_comp: processing file  250 of  250 : /home/meelis/merlin/egs/build_your_own_voice/s1/experiments/eva_laused/acoustic_model/inter_module/nn_mgc_lf0_vuv_bap_199/lause02000.cmp
2025-05-09 14:07:36,646     INFO  acoustic_comp: processing file  248 of  249 : /home/meelis/merlin/egs/build_your_own_voice/s1/experiments/eva_laused/acoustic_model/inter_module/nn_mgc_lf0_vuv_bap_199/lause01987.cmp
2025-05-09 14:07:36,932     INFO  acoustic_comp: processing file  250 of  250 : /home/meelis/merlin/egs/build_your_own_voice/s1/experiments/eva_laused/acoustic_model/inter_module/nn_mgc_lf0_vuv_bap_199/lause01997.cmp
2025-05-09 14:07:37,172     INFO  acoustic_comp: processing file  249 of  249 : /home/meelis/merlin/egs/build_your_own_voice/s1/experiments/eva_laused/acoustic_model/inter_module/nn_mgc_lf0_vuv_bap_199/lause01995.cmp
2025-05-09 14:07:50,998     INFO           main: normalising acoustic (output) features using method MVN
2025-05-09 14:07:53,241     INFO           main: saved MVN vectors to /home/meelis/merlin/egs/build_your_own_voice/s1/experiments/eva_laused/acoustic_model/inter_module/norm_info__mgc_lf0_vuv_bap_199_MVN.dat
2025-05-09 14:07:53,241     INFO           main: saved mgc variance vector to /home/meelis/merlin/egs/build_your_own_voice/s1/experiments/eva_laused/acoustic_model/inter_module/var/mgc_180
2025-05-09 14:07:53,241     INFO           main: saved lf0 variance vector to /home/meelis/merlin/egs/build_your_own_voice/s1/experiments/eva_laused/acoustic_model/inter_module/var/lf0_3
2025-05-09 14:07:53,241     INFO           main: saved vuv variance vector to /home/meelis/merlin/egs/build_your_own_voice/s1/experiments/eva_laused/acoustic_model/inter_module/var/vuv_1
2025-05-09 14:07:53,241     INFO           main: saved bap variance vector to /home/meelis/merlin/egs/build_your_own_voice/s1/experiments/eva_laused/acoustic_model/inter_module/var/bap_15
2025-05-09 14:07:53,252     INFO           main: label dimension is 369
2025-05-09 14:07:53,252     INFO           main: training DNN
2025-05-09 14:07:58,804     INFO main.train_DNN: building the model
2025-05-09 14:08:00,783     INFO main.train_DNN: fine-tuning the DNN model
2025-05-09 14:13:42,242     INFO main.train_DNN: epoch 1, validation error 174.015640, train error 179.976807  time spent 341.46
2025-05-09 14:19:25,261     INFO main.train_DNN: epoch 2, validation error 170.045746, train error 173.610748  time spent 342.92
2025-05-09 14:25:15,683     INFO main.train_DNN: epoch 3, validation error 168.036102, train error 170.740524  time spent 349.53
2025-05-09 14:31:05,309     INFO main.train_DNN: epoch 4, validation error 166.698410, train error 168.977509  time spent 348.62
2025-05-09 14:36:56,927     INFO main.train_DNN: epoch 5, validation error 165.778534, train error 167.714127  time spent 350.57
2025-05-09 14:42:41,514     INFO main.train_DNN: epoch 6, validation error 165.102005, train error 166.739792  time spent 344.01
2025-05-09 14:48:34,872     INFO main.train_DNN: epoch 7, validation error 164.578400, train error 165.949219  time spent 352.73
2025-05-09 14:54:41,390     INFO main.train_DNN: epoch 8, validation error 164.163315, train error 165.282562  time spent 366.03
2025-05-09 15:00:25,378     INFO main.train_DNN: epoch 9, validation error 163.831131, train error 164.704147  time spent 343.39
2025-05-09 15:06:25,908     INFO main.train_DNN: epoch 10, validation error 163.561859, train error 164.191299  time spent 359.78
2025-05-09 15:12:24,979     INFO main.train_DNN: epoch 11, validation error 165.359222, train error 166.168701  time spent 358.45
2025-05-09 15:18:16,385     INFO main.train_DNN: epoch 12, validation error 163.669113, train error 163.311447  time spent 351.40
2025-05-09 15:24:11,845     INFO main.train_DNN: epoch 13, validation error 162.521561, train error 161.884094  time spent 355.46
2025-05-09 15:30:15,112     INFO main.train_DNN: epoch 14, validation error 161.941986, train error 161.109146  time spent 362.74
2025-05-09 15:36:06,375     INFO main.train_DNN: epoch 15, validation error 161.574020, train error 160.688599  time spent 350.65
2025-05-09 15:42:04,709     INFO main.train_DNN: epoch 16, validation error 161.370926, train error 160.465225  time spent 357.61
2025-05-09 15:48:08,893     INFO main.train_DNN: epoch 17, validation error 161.241318, train error 160.346924  time spent 363.61
2025-05-09 15:54:04,016     INFO main.train_DNN: epoch 18, validation error 161.175583, train error 160.284683  time spent 354.49
2025-05-09 16:00:03,714     INFO main.train_DNN: epoch 19, validation error 161.145248, train error 160.252335  time spent 359.10
2025-05-09 16:05:57,985     INFO main.train_DNN: epoch 20, validation error 161.132477, train error 160.235748  time spent 353.72
2025-05-09 16:11:58,285     INFO main.train_DNN: epoch 21, validation error 161.126312, train error 160.227600  time spent 359.68
2025-05-09 16:18:04,230     INFO main.train_DNN: epoch 22, validation error 161.123871, train error 160.223557  time spent 365.31
2025-05-09 16:24:02,282     INFO main.train_DNN: epoch 23, validation error 161.121979, train error 160.221268  time spent 357.43
2025-05-09 16:29:57,957     INFO main.train_DNN: epoch 24, validation error 161.120026, train error 160.219788  time spent 355.21
2025-05-09 16:35:46,060     INFO main.train_DNN: epoch 25, validation error 161.118546, train error 160.218842  time spent 347.64
2025-05-09 16:35:46,543     INFO main.train_DNN: overall  training time: 147.76m validation error 161.118546
2025-05-09 16:35:46,547     INFO           main: generating from DNN
2025-05-09 16:35:46,856     INFO dnn_generation: generating    1 of  148: /home/meelis/merlin/egs/build_your_own_voice/s1/experiments/eva_laused/acoustic_model/inter_module/nn_no_silence_lab_norm_369/lause01854.lab
2025-05-09 16:35:47,189     INFO dnn_generation: generating    2 of  148: /home/meelis/merlin/egs/build_your_own_voice/s1/experiments/eva_laused/acoustic_model/inter_module/nn_no_silence_lab_norm_369/lause01855.lab
2025-05-09 16:35:47,315     INFO dnn_generation: generating    3 of  148: /home/meelis/merlin/egs/build_your_own_voice/s1/experiments/eva_laused/acoustic_model/inter_module/nn_no_silence_lab_norm_369/lause01856.lab
2025-05-09 16:35:47,406     INFO dnn_generation: generating    4 of  148: /home/meelis/merlin/egs/build_your_own_voice/s1/experiments/eva_laused/acoustic_model/inter_module/nn_no_silence_lab_norm_369/lause01857.lab
2025-05-09 16:35:47,536     INFO dnn_generation: generating    5 of  148: /home/meelis/merlin/egs/build_your_own_voice/s1/experiments/eva_laused/acoustic_model/inter_module/nn_no_silence_lab_norm_369/lause01858.lab
2025-05-09 16:35:47,704     INFO dnn_generation: generating    6 of  148: /home/meelis/merlin/egs/build_your_own_voice/s1/experiments/eva_laused/acoustic_model/inter_module/nn_no_silence_lab_norm_369/lause01859.lab
2025-05-09 16:35:47,844     INFO dnn_generation: generating    7 of  148: /home/meelis/merlin/egs/build_your_own_voice/s1/experiments/eva_laused/acoustic_model/inter_module/nn_no_silence_lab_norm_369/lause01860.lab
2025-05-09 16:35:47,932     INFO dnn_generation: generating    8 of  148: /home/meelis/merlin/egs/build_your_own_voice/s1/experiments/eva_laused/acoustic_model/inter_module/nn_no_silence_lab_norm_369/lause01861.lab
2025-05-09 16:35:48,046     INFO dnn_generation: generating    9 of  148: /home/meelis/merlin/egs/build_your_own_voice/s1/experiments/eva_laused/acoustic_model/inter_module/nn_no_silence_lab_norm_369/lause01862.lab
2025-05-09 16:35:48,255     INFO dnn_generation: generating   10 of  148: /home/meelis/merlin/egs/build_your_own_voice/s1/experiments/eva_laused/acoustic_model/inter_module/nn_no_silence_lab_norm_369/lause01863.lab
2025-05-09 16:35:48,372     INFO dnn_generation: generating   11 of  148: /home/meelis/merlin/egs/build_your_own_voice/s1/experiments/eva_laused/acoustic_model/inter_module/nn_no_silence_lab_norm_369/lause01864.lab
2025-05-09 16:35:48,562     INFO dnn_generation: generating   12 of  148: /home/meelis/merlin/egs/build_your_own_voice/s1/experiments/eva_laused/acoustic_model/inter_module/nn_no_silence_lab_norm_369/lause01865.lab
2025-05-09 16:35:48,738     INFO dnn_generation: generating   13 of  148: /home/meelis/merlin/egs/build_your_own_voice/s1/experiments/eva_laused/acoustic_model/inter_module/nn_no_silence_lab_norm_369/lause01866.lab
2025-05-09 16:35:48,890     INFO dnn_generation: generating   14 of  148: /home/meelis/merlin/egs/build_your_own_voice/s1/experiments/eva_laused/acoustic_model/inter_module/nn_no_silence_lab_norm_369/lause01867.lab
2025-05-09 16:35:48,993     INFO dnn_generation: generating   15 of  148: /home/meelis/merlin/egs/build_your_own_voice/s1/experiments/eva_laused/acoustic_model/inter_module/nn_no_silence_lab_norm_369/lause01868.lab
2025-05-09 16:35:49,171     INFO dnn_generation: generating   16 of  148: /home/meelis/merlin/egs/build_your_own_voice/s1/experiments/eva_laused/acoustic_model/inter_module/nn_no_silence_lab_norm_369/lause01869.lab
2025-05-09 16:35:49,295     INFO dnn_generation: generating   17 of  148: /home/meelis/merlin/egs/build_your_own_voice/s1/experiments/eva_laused/acoustic_model/inter_module/nn_no_silence_lab_norm_369/lause01870.lab
2025-05-09 16:35:49,509     INFO dnn_generation: generating   18 of  148: /home/meelis/merlin/egs/build_your_own_voice/s1/experiments/eva_laused/acoustic_model/inter_module/nn_no_silence_lab_norm_369/lause01871.lab
2025-05-09 16:35:49,648     INFO dnn_generation: generating   19 of  148: /home/meelis/merlin/egs/build_your_own_voice/s1/experiments/eva_laused/acoustic_model/inter_module/nn_no_silence_lab_norm_369/lause01872.lab
2025-05-09 16:35:49,826     INFO dnn_generation: generating   20 of  148: /home/meelis/merlin/egs/build_your_own_voice/s1/experiments/eva_laused/acoustic_model/inter_module/nn_no_silence_lab_norm_369/lause01873.lab
2025-05-09 16:35:49,989     INFO dnn_generation: generating   21 of  148: /home/meelis/merlin/egs/build_your_own_voice/s1/experiments/eva_laused/acoustic_model/inter_module/nn_no_silence_lab_norm_369/lause01874.lab
2025-05-09 16:35:50,175     INFO dnn_generation: generating   22 of  148: /home/meelis/merlin/egs/build_your_own_voice/s1/experiments/eva_laused/acoustic_model/inter_module/nn_no_silence_lab_norm_369/lause01875.lab
2025-05-09 16:35:50,380     INFO dnn_generation: generating   23 of  148: /home/meelis/merlin/egs/build_your_own_voice/s1/experiments/eva_laused/acoustic_model/inter_module/nn_no_silence_lab_norm_369/lause01876.lab
2025-05-09 16:35:50,574     INFO dnn_generation: generating   24 of  148: /home/meelis/merlin/egs/build_your_own_voice/s1/experiments/eva_laused/acoustic_model/inter_module/nn_no_silence_lab_norm_369/lause01877.lab
2025-05-09 16:35:50,684     INFO dnn_generation: generating   25 of  148: /home/meelis/merlin/egs/build_your_own_voice/s1/experiments/eva_laused/acoustic_model/inter_module/nn_no_silence_lab_norm_369/lause01878.lab
2025-05-09 16:35:50,886     INFO dnn_generation: generating   26 of  148: /home/meelis/merlin/egs/build_your_own_voice/s1/experiments/eva_laused/acoustic_model/inter_module/nn_no_silence_lab_norm_369/lause01879.lab
2025-05-09 16:35:51,006     INFO dnn_generation: generating   27 of  148: /home/meelis/merlin/egs/build_your_own_voice/s1/experiments/eva_laused/acoustic_model/inter_module/nn_no_silence_lab_norm_369/lause01880.lab
2025-05-09 16:35:51,147     INFO dnn_generation: generating   28 of  148: /home/meelis/merlin/egs/build_your_own_voice/s1/experiments/eva_laused/acoustic_model/inter_module/nn_no_silence_lab_norm_369/lause01881.lab
2025-05-09 16:35:51,314     INFO dnn_generation: generating   29 of  148: /home/meelis/merlin/egs/build_your_own_voice/s1/experiments/eva_laused/acoustic_model/inter_module/nn_no_silence_lab_norm_369/lause01882.lab
2025-05-09 16:35:51,443     INFO dnn_generation: generating   30 of  148: /home/meelis/merlin/egs/build_your_own_voice/s1/experiments/eva_laused/acoustic_model/inter_module/nn_no_silence_lab_norm_369/lause01883.lab
2025-05-09 16:35:51,598     INFO dnn_generation: generating   31 of  148: /home/meelis/merlin/egs/build_your_own_voice/s1/experiments/eva_laused/acoustic_model/inter_module/nn_no_silence_lab_norm_369/lause01884.lab
2025-05-09 16:35:51,746     INFO dnn_generation: generating   32 of  148: /home/meelis/merlin/egs/build_your_own_voice/s1/experiments/eva_laused/acoustic_model/inter_module/nn_no_silence_lab_norm_369/lause01885.lab
2025-05-09 16:35:51,901     INFO dnn_generation: generating   33 of  148: /home/meelis/merlin/egs/build_your_own_voice/s1/experiments/eva_laused/acoustic_model/inter_module/nn_no_silence_lab_norm_369/lause01886.lab
2025-05-09 16:35:52,076     INFO dnn_generation: generating   34 of  148: /home/meelis/merlin/egs/build_your_own_voice/s1/experiments/eva_laused/acoustic_model/inter_module/nn_no_silence_lab_norm_369/lause01887.lab
2025-05-09 16:35:52,276     INFO dnn_generation: generating   35 of  148: /home/meelis/merlin/egs/build_your_own_voice/s1/experiments/eva_laused/acoustic_model/inter_module/nn_no_silence_lab_norm_369/lause01888.lab
2025-05-09 16:35:52,493     INFO dnn_generation: generating   36 of  148: /home/meelis/merlin/egs/build_your_own_voice/s1/experiments/eva_laused/acoustic_model/inter_module/nn_no_silence_lab_norm_369/lause01889.lab
2025-05-09 16:35:52,698     INFO dnn_generation: generating   37 of  148: /home/meelis/merlin/egs/build_your_own_voice/s1/experiments/eva_laused/acoustic_model/inter_module/nn_no_silence_lab_norm_369/lause01890.lab
2025-05-09 16:35:52,957     INFO dnn_generation: generating   38 of  148: /home/meelis/merlin/egs/build_your_own_voice/s1/experiments/eva_laused/acoustic_model/inter_module/nn_no_silence_lab_norm_369/lause01891.lab
2025-05-09 16:35:53,107     INFO dnn_generation: generating   39 of  148: /home/meelis/merlin/egs/build_your_own_voice/s1/experiments/eva_laused/acoustic_model/inter_module/nn_no_silence_lab_norm_369/lause01892.lab
2025-05-09 16:35:53,266     INFO dnn_generation: generating   40 of  148: /home/meelis/merlin/egs/build_your_own_voice/s1/experiments/eva_laused/acoustic_model/inter_module/nn_no_silence_lab_norm_369/lause01893.lab
2025-05-09 16:35:53,398     INFO dnn_generation: generating   41 of  148: /home/meelis/merlin/egs/build_your_own_voice/s1/experiments/eva_laused/acoustic_model/inter_module/nn_no_silence_lab_norm_369/lause01894.lab
2025-05-09 16:35:53,555     INFO dnn_generation: generating   42 of  148: /home/meelis/merlin/egs/build_your_own_voice/s1/experiments/eva_laused/acoustic_model/inter_module/nn_no_silence_lab_norm_369/lause01895.lab
2025-05-09 16:35:53,680     INFO dnn_generation: generating   43 of  148: /home/meelis/merlin/egs/build_your_own_voice/s1/experiments/eva_laused/acoustic_model/inter_module/nn_no_silence_lab_norm_369/lause01896.lab
2025-05-09 16:35:53,790     INFO dnn_generation: generating   44 of  148: /home/meelis/merlin/egs/build_your_own_voice/s1/experiments/eva_laused/acoustic_model/inter_module/nn_no_silence_lab_norm_369/lause01897.lab
2025-05-09 16:35:53,895     INFO dnn_generation: generating   45 of  148: /home/meelis/merlin/egs/build_your_own_voice/s1/experiments/eva_laused/acoustic_model/inter_module/nn_no_silence_lab_norm_369/lause01898.lab
2025-05-09 16:35:53,995     INFO dnn_generation: generating   46 of  148: /home/meelis/merlin/egs/build_your_own_voice/s1/experiments/eva_laused/acoustic_model/inter_module/nn_no_silence_lab_norm_369/lause01899.lab
2025-05-09 16:35:54,133     INFO dnn_generation: generating   47 of  148: /home/meelis/merlin/egs/build_your_own_voice/s1/experiments/eva_laused/acoustic_model/inter_module/nn_no_silence_lab_norm_369/lause01900.lab
2025-05-09 16:35:54,297     INFO dnn_generation: generating   48 of  148: /home/meelis/merlin/egs/build_your_own_voice/s1/experiments/eva_laused/acoustic_model/inter_module/nn_no_silence_lab_norm_369/lause01901.lab
2025-05-09 16:35:54,422     INFO dnn_generation: generating   49 of  148: /home/meelis/merlin/egs/build_your_own_voice/s1/experiments/eva_laused/acoustic_model/inter_module/nn_no_silence_lab_norm_369/lause01902.lab
2025-05-09 16:35:54,603     INFO dnn_generation: generating   50 of  148: /home/meelis/merlin/egs/build_your_own_voice/s1/experiments/eva_laused/acoustic_model/inter_module/nn_no_silence_lab_norm_369/lause01903.lab
2025-05-09 16:35:54,748     INFO dnn_generation: generating   51 of  148: /home/meelis/merlin/egs/build_your_own_voice/s1/experiments/eva_laused/acoustic_model/inter_module/nn_no_silence_lab_norm_369/lause01904.lab
2025-05-09 16:35:54,904     INFO dnn_generation: generating   52 of  148: /home/meelis/merlin/egs/build_your_own_voice/s1/experiments/eva_laused/acoustic_model/inter_module/nn_no_silence_lab_norm_369/lause01905.lab
2025-05-09 16:35:55,077     INFO dnn_generation: generating   53 of  148: /home/meelis/merlin/egs/build_your_own_voice/s1/experiments/eva_laused/acoustic_model/inter_module/nn_no_silence_lab_norm_369/lause01906.lab
2025-05-09 16:35:55,198     INFO dnn_generation: generating   54 of  148: /home/meelis/merlin/egs/build_your_own_voice/s1/experiments/eva_laused/acoustic_model/inter_module/nn_no_silence_lab_norm_369/lause01907.lab
2025-05-09 16:35:55,356     INFO dnn_generation: generating   55 of  148: /home/meelis/merlin/egs/build_your_own_voice/s1/experiments/eva_laused/acoustic_model/inter_module/nn_no_silence_lab_norm_369/lause01908.lab
2025-05-09 16:35:55,528     INFO dnn_generation: generating   56 of  148: /home/meelis/merlin/egs/build_your_own_voice/s1/experiments/eva_laused/acoustic_model/inter_module/nn_no_silence_lab_norm_369/lause01909.lab
2025-05-09 16:35:55,650     INFO dnn_generation: generating   57 of  148: /home/meelis/merlin/egs/build_your_own_voice/s1/experiments/eva_laused/acoustic_model/inter_module/nn_no_silence_lab_norm_369/lause01910.lab
2025-05-09 16:35:55,758     INFO dnn_generation: generating   58 of  148: /home/meelis/merlin/egs/build_your_own_voice/s1/experiments/eva_laused/acoustic_model/inter_module/nn_no_silence_lab_norm_369/lause01911.lab
2025-05-09 16:35:55,895     INFO dnn_generation: generating   59 of  148: /home/meelis/merlin/egs/build_your_own_voice/s1/experiments/eva_laused/acoustic_model/inter_module/nn_no_silence_lab_norm_369/lause01912.lab
2025-05-09 16:35:56,033     INFO dnn_generation: generating   60 of  148: /home/meelis/merlin/egs/build_your_own_voice/s1/experiments/eva_laused/acoustic_model/inter_module/nn_no_silence_lab_norm_369/lause01913.lab
2025-05-09 16:35:56,165     INFO dnn_generation: generating   61 of  148: /home/meelis/merlin/egs/build_your_own_voice/s1/experiments/eva_laused/acoustic_model/inter_module/nn_no_silence_lab_norm_369/lause01914.lab
2025-05-09 16:35:56,297     INFO dnn_generation: generating   62 of  148: /home/meelis/merlin/egs/build_your_own_voice/s1/experiments/eva_laused/acoustic_model/inter_module/nn_no_silence_lab_norm_369/lause01915.lab
2025-05-09 16:35:56,438     INFO dnn_generation: generating   63 of  148: /home/meelis/merlin/egs/build_your_own_voice/s1/experiments/eva_laused/acoustic_model/inter_module/nn_no_silence_lab_norm_369/lause01916.lab
2025-05-09 16:35:56,603     INFO dnn_generation: generating   64 of  148: /home/meelis/merlin/egs/build_your_own_voice/s1/experiments/eva_laused/acoustic_model/inter_module/nn_no_silence_lab_norm_369/lause01917.lab
2025-05-09 16:35:56,729     INFO dnn_generation: generating   65 of  148: /home/meelis/merlin/egs/build_your_own_voice/s1/experiments/eva_laused/acoustic_model/inter_module/nn_no_silence_lab_norm_369/lause01918.lab
2025-05-09 16:35:56,926     INFO dnn_generation: generating   66 of  148: /home/meelis/merlin/egs/build_your_own_voice/s1/experiments/eva_laused/acoustic_model/inter_module/nn_no_silence_lab_norm_369/lause01919.lab
2025-05-09 16:35:57,082     INFO dnn_generation: generating   67 of  148: /home/meelis/merlin/egs/build_your_own_voice/s1/experiments/eva_laused/acoustic_model/inter_module/nn_no_silence_lab_norm_369/lause01920.lab
2025-05-09 16:35:57,291     INFO dnn_generation: generating   68 of  148: /home/meelis/merlin/egs/build_your_own_voice/s1/experiments/eva_laused/acoustic_model/inter_module/nn_no_silence_lab_norm_369/lause01921.lab
2025-05-09 16:35:57,432     INFO dnn_generation: generating   69 of  148: /home/meelis/merlin/egs/build_your_own_voice/s1/experiments/eva_laused/acoustic_model/inter_module/nn_no_silence_lab_norm_369/lause01922.lab
2025-05-09 16:35:57,590     INFO dnn_generation: generating   70 of  148: /home/meelis/merlin/egs/build_your_own_voice/s1/experiments/eva_laused/acoustic_model/inter_module/nn_no_silence_lab_norm_369/lause01923.lab
2025-05-09 16:35:57,808     INFO dnn_generation: generating   71 of  148: /home/meelis/merlin/egs/build_your_own_voice/s1/experiments/eva_laused/acoustic_model/inter_module/nn_no_silence_lab_norm_369/lause01924.lab
2025-05-09 16:35:57,934     INFO dnn_generation: generating   72 of  148: /home/meelis/merlin/egs/build_your_own_voice/s1/experiments/eva_laused/acoustic_model/inter_module/nn_no_silence_lab_norm_369/lause01925.lab
2025-05-09 16:35:58,132     INFO dnn_generation: generating   73 of  148: /home/meelis/merlin/egs/build_your_own_voice/s1/experiments/eva_laused/acoustic_model/inter_module/nn_no_silence_lab_norm_369/lause01926.lab
2025-05-09 16:35:58,289     INFO dnn_generation: generating   74 of  148: /home/meelis/merlin/egs/build_your_own_voice/s1/experiments/eva_laused/acoustic_model/inter_module/nn_no_silence_lab_norm_369/lause01927.lab
2025-05-09 16:35:58,449     INFO dnn_generation: generating   75 of  148: /home/meelis/merlin/egs/build_your_own_voice/s1/experiments/eva_laused/acoustic_model/inter_module/nn_no_silence_lab_norm_369/lause01928.lab
2025-05-09 16:35:58,639     INFO dnn_generation: generating   76 of  148: /home/meelis/merlin/egs/build_your_own_voice/s1/experiments/eva_laused/acoustic_model/inter_module/nn_no_silence_lab_norm_369/lause01929.lab
2025-05-09 16:35:58,791     INFO dnn_generation: generating   77 of  148: /home/meelis/merlin/egs/build_your_own_voice/s1/experiments/eva_laused/acoustic_model/inter_module/nn_no_silence_lab_norm_369/lause01930.lab
2025-05-09 16:35:58,993     INFO dnn_generation: generating   78 of  148: /home/meelis/merlin/egs/build_your_own_voice/s1/experiments/eva_laused/acoustic_model/inter_module/nn_no_silence_lab_norm_369/lause01931.lab
2025-05-09 16:35:59,203     INFO dnn_generation: generating   79 of  148: /home/meelis/merlin/egs/build_your_own_voice/s1/experiments/eva_laused/acoustic_model/inter_module/nn_no_silence_lab_norm_369/lause01932.lab
2025-05-09 16:35:59,402     INFO dnn_generation: generating   80 of  148: /home/meelis/merlin/egs/build_your_own_voice/s1/experiments/eva_laused/acoustic_model/inter_module/nn_no_silence_lab_norm_369/lause01933.lab
2025-05-09 16:35:59,550     INFO dnn_generation: generating   81 of  148: /home/meelis/merlin/egs/build_your_own_voice/s1/experiments/eva_laused/acoustic_model/inter_module/nn_no_silence_lab_norm_369/lause01934.lab
2025-05-09 16:35:59,798     INFO dnn_generation: generating   82 of  148: /home/meelis/merlin/egs/build_your_own_voice/s1/experiments/eva_laused/acoustic_model/inter_module/nn_no_silence_lab_norm_369/lause01935.lab
2025-05-09 16:35:59,994     INFO dnn_generation: generating   83 of  148: /home/meelis/merlin/egs/build_your_own_voice/s1/experiments/eva_laused/acoustic_model/inter_module/nn_no_silence_lab_norm_369/lause01936.lab
2025-05-09 16:36:00,216     INFO dnn_generation: generating   84 of  148: /home/meelis/merlin/egs/build_your_own_voice/s1/experiments/eva_laused/acoustic_model/inter_module/nn_no_silence_lab_norm_369/lause01937.lab
2025-05-09 16:36:00,417     INFO dnn_generation: generating   85 of  148: /home/meelis/merlin/egs/build_your_own_voice/s1/experiments/eva_laused/acoustic_model/inter_module/nn_no_silence_lab_norm_369/lause01938.lab
2025-05-09 16:36:00,624     INFO dnn_generation: generating   86 of  148: /home/meelis/merlin/egs/build_your_own_voice/s1/experiments/eva_laused/acoustic_model/inter_module/nn_no_silence_lab_norm_369/lause01939.lab
2025-05-09 16:36:00,845     INFO dnn_generation: generating   87 of  148: /home/meelis/merlin/egs/build_your_own_voice/s1/experiments/eva_laused/acoustic_model/inter_module/nn_no_silence_lab_norm_369/lause01940.lab
2025-05-09 16:36:01,017     INFO dnn_generation: generating   88 of  148: /home/meelis/merlin/egs/build_your_own_voice/s1/experiments/eva_laused/acoustic_model/inter_module/nn_no_silence_lab_norm_369/lause01941.lab
2025-05-09 16:36:01,199     INFO dnn_generation: generating   89 of  148: /home/meelis/merlin/egs/build_your_own_voice/s1/experiments/eva_laused/acoustic_model/inter_module/nn_no_silence_lab_norm_369/lause01942.lab
2025-05-09 16:36:01,367     INFO dnn_generation: generating   90 of  148: /home/meelis/merlin/egs/build_your_own_voice/s1/experiments/eva_laused/acoustic_model/inter_module/nn_no_silence_lab_norm_369/lause01943.lab
2025-05-09 16:36:01,583     INFO dnn_generation: generating   91 of  148: /home/meelis/merlin/egs/build_your_own_voice/s1/experiments/eva_laused/acoustic_model/inter_module/nn_no_silence_lab_norm_369/lause01944.lab
2025-05-09 16:36:01,760     INFO dnn_generation: generating   92 of  148: /home/meelis/merlin/egs/build_your_own_voice/s1/experiments/eva_laused/acoustic_model/inter_module/nn_no_silence_lab_norm_369/lause01945.lab
2025-05-09 16:36:01,932     INFO dnn_generation: generating   93 of  148: /home/meelis/merlin/egs/build_your_own_voice/s1/experiments/eva_laused/acoustic_model/inter_module/nn_no_silence_lab_norm_369/lause01946.lab
2025-05-09 16:36:02,120     INFO dnn_generation: generating   94 of  148: /home/meelis/merlin/egs/build_your_own_voice/s1/experiments/eva_laused/acoustic_model/inter_module/nn_no_silence_lab_norm_369/lause01947.lab
2025-05-09 16:36:02,300     INFO dnn_generation: generating   95 of  148: /home/meelis/merlin/egs/build_your_own_voice/s1/experiments/eva_laused/acoustic_model/inter_module/nn_no_silence_lab_norm_369/lause01948.lab
2025-05-09 16:36:02,587     INFO dnn_generation: generating   96 of  148: /home/meelis/merlin/egs/build_your_own_voice/s1/experiments/eva_laused/acoustic_model/inter_module/nn_no_silence_lab_norm_369/lause01949.lab
2025-05-09 16:36:03,003     INFO dnn_generation: generating   97 of  148: /home/meelis/merlin/egs/build_your_own_voice/s1/experiments/eva_laused/acoustic_model/inter_module/nn_no_silence_lab_norm_369/lause01950.lab
2025-05-09 16:36:03,236     INFO dnn_generation: generating   98 of  148: /home/meelis/merlin/egs/build_your_own_voice/s1/experiments/eva_laused/acoustic_model/inter_module/nn_no_silence_lab_norm_369/lause01951.lab
2025-05-09 16:36:03,544     INFO dnn_generation: generating   99 of  148: /home/meelis/merlin/egs/build_your_own_voice/s1/experiments/eva_laused/acoustic_model/inter_module/nn_no_silence_lab_norm_369/lause01952.lab
2025-05-09 16:36:03,789     INFO dnn_generation: generating  100 of  148: /home/meelis/merlin/egs/build_your_own_voice/s1/experiments/eva_laused/acoustic_model/inter_module/nn_no_silence_lab_norm_369/lause01953.lab
2025-05-09 16:36:04,049     INFO dnn_generation: generating  101 of  148: /home/meelis/merlin/egs/build_your_own_voice/s1/experiments/eva_laused/acoustic_model/inter_module/nn_no_silence_lab_norm_369/lause01954.lab
2025-05-09 16:36:04,330     INFO dnn_generation: generating  102 of  148: /home/meelis/merlin/egs/build_your_own_voice/s1/experiments/eva_laused/acoustic_model/inter_module/nn_no_silence_lab_norm_369/lause01955.lab
2025-05-09 16:36:04,774     INFO dnn_generation: generating  103 of  148: /home/meelis/merlin/egs/build_your_own_voice/s1/experiments/eva_laused/acoustic_model/inter_module/nn_no_silence_lab_norm_369/lause01956.lab
2025-05-09 16:36:05,104     INFO dnn_generation: generating  104 of  148: /home/meelis/merlin/egs/build_your_own_voice/s1/experiments/eva_laused/acoustic_model/inter_module/nn_no_silence_lab_norm_369/lause01957.lab
2025-05-09 16:36:05,454     INFO dnn_generation: generating  105 of  148: /home/meelis/merlin/egs/build_your_own_voice/s1/experiments/eva_laused/acoustic_model/inter_module/nn_no_silence_lab_norm_369/lause01958.lab
2025-05-09 16:36:05,713     INFO dnn_generation: generating  106 of  148: /home/meelis/merlin/egs/build_your_own_voice/s1/experiments/eva_laused/acoustic_model/inter_module/nn_no_silence_lab_norm_369/lause01959.lab
2025-05-09 16:36:06,045     INFO dnn_generation: generating  107 of  148: /home/meelis/merlin/egs/build_your_own_voice/s1/experiments/eva_laused/acoustic_model/inter_module/nn_no_silence_lab_norm_369/lause01960.lab
2025-05-09 16:36:06,319     INFO dnn_generation: generating  108 of  148: /home/meelis/merlin/egs/build_your_own_voice/s1/experiments/eva_laused/acoustic_model/inter_module/nn_no_silence_lab_norm_369/lause01961.lab
2025-05-09 16:36:06,916     INFO dnn_generation: generating  109 of  148: /home/meelis/merlin/egs/build_your_own_voice/s1/experiments/eva_laused/acoustic_model/inter_module/nn_no_silence_lab_norm_369/lause01962.lab
2025-05-09 16:36:07,705     INFO dnn_generation: generating  110 of  148: /home/meelis/merlin/egs/build_your_own_voice/s1/experiments/eva_laused/acoustic_model/inter_module/nn_no_silence_lab_norm_369/lause01963.lab
2025-05-09 16:36:08,250     INFO dnn_generation: generating  111 of  148: /home/meelis/merlin/egs/build_your_own_voice/s1/experiments/eva_laused/acoustic_model/inter_module/nn_no_silence_lab_norm_369/lause01964.lab
2025-05-09 16:36:08,484     INFO dnn_generation: generating  112 of  148: /home/meelis/merlin/egs/build_your_own_voice/s1/experiments/eva_laused/acoustic_model/inter_module/nn_no_silence_lab_norm_369/lause01965.lab
2025-05-09 16:36:08,657     INFO dnn_generation: generating  113 of  148: /home/meelis/merlin/egs/build_your_own_voice/s1/experiments/eva_laused/acoustic_model/inter_module/nn_no_silence_lab_norm_369/lause01966.lab
2025-05-09 16:36:08,767     INFO dnn_generation: generating  114 of  148: /home/meelis/merlin/egs/build_your_own_voice/s1/experiments/eva_laused/acoustic_model/inter_module/nn_no_silence_lab_norm_369/lause01967.lab
2025-05-09 16:36:08,876     INFO dnn_generation: generating  115 of  148: /home/meelis/merlin/egs/build_your_own_voice/s1/experiments/eva_laused/acoustic_model/inter_module/nn_no_silence_lab_norm_369/lause01968.lab
2025-05-09 16:36:08,992     INFO dnn_generation: generating  116 of  148: /home/meelis/merlin/egs/build_your_own_voice/s1/experiments/eva_laused/acoustic_model/inter_module/nn_no_silence_lab_norm_369/lause01969.lab
2025-05-09 16:36:09,093     INFO dnn_generation: generating  117 of  148: /home/meelis/merlin/egs/build_your_own_voice/s1/experiments/eva_laused/acoustic_model/inter_module/nn_no_silence_lab_norm_369/lause01970.lab
2025-05-09 16:36:09,195     INFO dnn_generation: generating  118 of  148: /home/meelis/merlin/egs/build_your_own_voice/s1/experiments/eva_laused/acoustic_model/inter_module/nn_no_silence_lab_norm_369/lause01971.lab
2025-05-09 16:36:09,390     INFO dnn_generation: generating  119 of  148: /home/meelis/merlin/egs/build_your_own_voice/s1/experiments/eva_laused/acoustic_model/inter_module/nn_no_silence_lab_norm_369/lause01972.lab
2025-05-09 16:36:09,524     INFO dnn_generation: generating  120 of  148: /home/meelis/merlin/egs/build_your_own_voice/s1/experiments/eva_laused/acoustic_model/inter_module/nn_no_silence_lab_norm_369/lause01973.lab
2025-05-09 16:36:09,638     INFO dnn_generation: generating  121 of  148: /home/meelis/merlin/egs/build_your_own_voice/s1/experiments/eva_laused/acoustic_model/inter_module/nn_no_silence_lab_norm_369/lause01974.lab
2025-05-09 16:36:09,751     INFO dnn_generation: generating  122 of  148: /home/meelis/merlin/egs/build_your_own_voice/s1/experiments/eva_laused/acoustic_model/inter_module/nn_no_silence_lab_norm_369/lause01975.lab
2025-05-09 16:36:09,910     INFO dnn_generation: generating  123 of  148: /home/meelis/merlin/egs/build_your_own_voice/s1/experiments/eva_laused/acoustic_model/inter_module/nn_no_silence_lab_norm_369/lause01976.lab
2025-05-09 16:36:10,058     INFO dnn_generation: generating  124 of  148: /home/meelis/merlin/egs/build_your_own_voice/s1/experiments/eva_laused/acoustic_model/inter_module/nn_no_silence_lab_norm_369/lause01977.lab
2025-05-09 16:36:10,214     INFO dnn_generation: generating  125 of  148: /home/meelis/merlin/egs/build_your_own_voice/s1/experiments/eva_laused/acoustic_model/inter_module/nn_no_silence_lab_norm_369/lause01978.lab
2025-05-09 16:36:10,408     INFO dnn_generation: generating  126 of  148: /home/meelis/merlin/egs/build_your_own_voice/s1/experiments/eva_laused/acoustic_model/inter_module/nn_no_silence_lab_norm_369/lause01979.lab
2025-05-09 16:36:10,591     INFO dnn_generation: generating  127 of  148: /home/meelis/merlin/egs/build_your_own_voice/s1/experiments/eva_laused/acoustic_model/inter_module/nn_no_silence_lab_norm_369/lause01980.lab
2025-05-09 16:36:10,726     INFO dnn_generation: generating  128 of  148: /home/meelis/merlin/egs/build_your_own_voice/s1/experiments/eva_laused/acoustic_model/inter_module/nn_no_silence_lab_norm_369/lause01981.lab
2025-05-09 16:36:10,872     INFO dnn_generation: generating  129 of  148: /home/meelis/merlin/egs/build_your_own_voice/s1/experiments/eva_laused/acoustic_model/inter_module/nn_no_silence_lab_norm_369/lause01982.lab
2025-05-09 16:36:10,984     INFO dnn_generation: generating  130 of  148: /home/meelis/merlin/egs/build_your_own_voice/s1/experiments/eva_laused/acoustic_model/inter_module/nn_no_silence_lab_norm_369/lause01983.lab
2025-05-09 16:36:11,126     INFO dnn_generation: generating  131 of  148: /home/meelis/merlin/egs/build_your_own_voice/s1/experiments/eva_laused/acoustic_model/inter_module/nn_no_silence_lab_norm_369/lause01984.lab
2025-05-09 16:36:11,224     INFO dnn_generation: generating  132 of  148: /home/meelis/merlin/egs/build_your_own_voice/s1/experiments/eva_laused/acoustic_model/inter_module/nn_no_silence_lab_norm_369/lause01985.lab
2025-05-09 16:36:11,348     INFO dnn_generation: generating  133 of  148: /home/meelis/merlin/egs/build_your_own_voice/s1/experiments/eva_laused/acoustic_model/inter_module/nn_no_silence_lab_norm_369/lause01986.lab
2025-05-09 16:36:11,459     INFO dnn_generation: generating  134 of  148: /home/meelis/merlin/egs/build_your_own_voice/s1/experiments/eva_laused/acoustic_model/inter_module/nn_no_silence_lab_norm_369/lause01987.lab
2025-05-09 16:36:11,542     INFO dnn_generation: generating  135 of  148: /home/meelis/merlin/egs/build_your_own_voice/s1/experiments/eva_laused/acoustic_model/inter_module/nn_no_silence_lab_norm_369/lause01988.lab
2025-05-09 16:36:11,636     INFO dnn_generation: generating  136 of  148: /home/meelis/merlin/egs/build_your_own_voice/s1/experiments/eva_laused/acoustic_model/inter_module/nn_no_silence_lab_norm_369/lause01989.lab
2025-05-09 16:36:11,744     INFO dnn_generation: generating  137 of  148: /home/meelis/merlin/egs/build_your_own_voice/s1/experiments/eva_laused/acoustic_model/inter_module/nn_no_silence_lab_norm_369/lause01990.lab
2025-05-09 16:36:11,834     INFO dnn_generation: generating  138 of  148: /home/meelis/merlin/egs/build_your_own_voice/s1/experiments/eva_laused/acoustic_model/inter_module/nn_no_silence_lab_norm_369/lause01991.lab
2025-05-09 16:36:11,978     INFO dnn_generation: generating  139 of  148: /home/meelis/merlin/egs/build_your_own_voice/s1/experiments/eva_laused/acoustic_model/inter_module/nn_no_silence_lab_norm_369/lause01992.lab
2025-05-09 16:36:12,103     INFO dnn_generation: generating  140 of  148: /home/meelis/merlin/egs/build_your_own_voice/s1/experiments/eva_laused/acoustic_model/inter_module/nn_no_silence_lab_norm_369/lause01993.lab
2025-05-09 16:36:12,289     INFO dnn_generation: generating  141 of  148: /home/meelis/merlin/egs/build_your_own_voice/s1/experiments/eva_laused/acoustic_model/inter_module/nn_no_silence_lab_norm_369/lause01994.lab
2025-05-09 16:36:12,436     INFO dnn_generation: generating  142 of  148: /home/meelis/merlin/egs/build_your_own_voice/s1/experiments/eva_laused/acoustic_model/inter_module/nn_no_silence_lab_norm_369/lause01995.lab
2025-05-09 16:36:12,517     INFO dnn_generation: generating  143 of  148: /home/meelis/merlin/egs/build_your_own_voice/s1/experiments/eva_laused/acoustic_model/inter_module/nn_no_silence_lab_norm_369/lause01996.lab
2025-05-09 16:36:12,614     INFO dnn_generation: generating  144 of  148: /home/meelis/merlin/egs/build_your_own_voice/s1/experiments/eva_laused/acoustic_model/inter_module/nn_no_silence_lab_norm_369/lause01997.lab
2025-05-09 16:36:12,714     INFO dnn_generation: generating  145 of  148: /home/meelis/merlin/egs/build_your_own_voice/s1/experiments/eva_laused/acoustic_model/inter_module/nn_no_silence_lab_norm_369/lause01998.lab
2025-05-09 16:36:12,825     INFO dnn_generation: generating  146 of  148: /home/meelis/merlin/egs/build_your_own_voice/s1/experiments/eva_laused/acoustic_model/inter_module/nn_no_silence_lab_norm_369/lause01999.lab
2025-05-09 16:36:12,944     INFO dnn_generation: generating  147 of  148: /home/meelis/merlin/egs/build_your_own_voice/s1/experiments/eva_laused/acoustic_model/inter_module/nn_no_silence_lab_norm_369/lause02000.lab
2025-05-09 16:36:13,049     INFO dnn_generation: generating  148 of  148: /home/meelis/merlin/egs/build_your_own_voice/s1/experiments/eva_laused/acoustic_model/inter_module/nn_no_silence_lab_norm_369/lause02001.lab
2025-05-09 16:36:14,387     INFOparam_generation: processing    1 of  148: /home/meelis/merlin/egs/build_your_own_voice/s1/experiments/eva_laused/acoustic_model/gen/feed_forward_6_tanh/lause01854.cmp
2025-05-09 16:36:14,396     INFOparam_generation: processing    2 of  148: /home/meelis/merlin/egs/build_your_own_voice/s1/experiments/eva_laused/acoustic_model/gen/feed_forward_6_tanh/lause01855.cmp
2025-05-09 16:36:14,404     INFOparam_generation: processing    3 of  148: /home/meelis/merlin/egs/build_your_own_voice/s1/experiments/eva_laused/acoustic_model/gen/feed_forward_6_tanh/lause01856.cmp
2025-05-09 16:36:14,411     INFOparam_generation: processing    4 of  148: /home/meelis/merlin/egs/build_your_own_voice/s1/experiments/eva_laused/acoustic_model/gen/feed_forward_6_tanh/lause01857.cmp
2025-05-09 16:36:14,419     INFOparam_generation: processing    5 of  148: /home/meelis/merlin/egs/build_your_own_voice/s1/experiments/eva_laused/acoustic_model/gen/feed_forward_6_tanh/lause01858.cmp
2025-05-09 16:36:14,429     INFOparam_generation: processing    6 of  148: /home/meelis/merlin/egs/build_your_own_voice/s1/experiments/eva_laused/acoustic_model/gen/feed_forward_6_tanh/lause01859.cmp
2025-05-09 16:36:14,437     INFOparam_generation: processing    7 of  148: /home/meelis/merlin/egs/build_your_own_voice/s1/experiments/eva_laused/acoustic_model/gen/feed_forward_6_tanh/lause01860.cmp
2025-05-09 16:36:14,443     INFOparam_generation: processing    8 of  148: /home/meelis/merlin/egs/build_your_own_voice/s1/experiments/eva_laused/acoustic_model/gen/feed_forward_6_tanh/lause01861.cmp
2025-05-09 16:36:14,451     INFOparam_generation: processing    9 of  148: /home/meelis/merlin/egs/build_your_own_voice/s1/experiments/eva_laused/acoustic_model/gen/feed_forward_6_tanh/lause01862.cmp
2025-05-09 16:36:14,459     INFOparam_generation: processing   10 of  148: /home/meelis/merlin/egs/build_your_own_voice/s1/experiments/eva_laused/acoustic_model/gen/feed_forward_6_tanh/lause01863.cmp
2025-05-09 16:36:14,467     INFOparam_generation: processing   11 of  148: /home/meelis/merlin/egs/build_your_own_voice/s1/experiments/eva_laused/acoustic_model/gen/feed_forward_6_tanh/lause01864.cmp
2025-05-09 16:36:14,477     INFOparam_generation: processing   12 of  148: /home/meelis/merlin/egs/build_your_own_voice/s1/experiments/eva_laused/acoustic_model/gen/feed_forward_6_tanh/lause01865.cmp
2025-05-09 16:36:14,487     INFOparam_generation: processing   13 of  148: /home/meelis/merlin/egs/build_your_own_voice/s1/experiments/eva_laused/acoustic_model/gen/feed_forward_6_tanh/lause01866.cmp
2025-05-09 16:36:14,496     INFOparam_generation: processing   14 of  148: /home/meelis/merlin/egs/build_your_own_voice/s1/experiments/eva_laused/acoustic_model/gen/feed_forward_6_tanh/lause01867.cmp
2025-05-09 16:36:14,503     INFOparam_generation: processing   15 of  148: /home/meelis/merlin/egs/build_your_own_voice/s1/experiments/eva_laused/acoustic_model/gen/feed_forward_6_tanh/lause01868.cmp
2025-05-09 16:36:14,513     INFOparam_generation: processing   16 of  148: /home/meelis/merlin/egs/build_your_own_voice/s1/experiments/eva_laused/acoustic_model/gen/feed_forward_6_tanh/lause01869.cmp
2025-05-09 16:36:14,520     INFOparam_generation: processing   17 of  148: /home/meelis/merlin/egs/build_your_own_voice/s1/experiments/eva_laused/acoustic_model/gen/feed_forward_6_tanh/lause01870.cmp
2025-05-09 16:36:14,532     INFOparam_generation: processing   18 of  148: /home/meelis/merlin/egs/build_your_own_voice/s1/experiments/eva_laused/acoustic_model/gen/feed_forward_6_tanh/lause01871.cmp
2025-05-09 16:36:14,541     INFOparam_generation: processing   19 of  148: /home/meelis/merlin/egs/build_your_own_voice/s1/experiments/eva_laused/acoustic_model/gen/feed_forward_6_tanh/lause01872.cmp
2025-05-09 16:36:14,551     INFOparam_generation: processing   20 of  148: /home/meelis/merlin/egs/build_your_own_voice/s1/experiments/eva_laused/acoustic_model/gen/feed_forward_6_tanh/lause01873.cmp
2025-05-09 16:36:14,561     INFOparam_generation: processing   21 of  148: /home/meelis/merlin/egs/build_your_own_voice/s1/experiments/eva_laused/acoustic_model/gen/feed_forward_6_tanh/lause01874.cmp
2025-05-09 16:36:14,571     INFOparam_generation: processing   22 of  148: /home/meelis/merlin/egs/build_your_own_voice/s1/experiments/eva_laused/acoustic_model/gen/feed_forward_6_tanh/lause01875.cmp
2025-05-09 16:36:14,583     INFOparam_generation: processing   23 of  148: /home/meelis/merlin/egs/build_your_own_voice/s1/experiments/eva_laused/acoustic_model/gen/feed_forward_6_tanh/lause01876.cmp
2025-05-09 16:36:14,592     INFOparam_generation: processing   24 of  148: /home/meelis/merlin/egs/build_your_own_voice/s1/experiments/eva_laused/acoustic_model/gen/feed_forward_6_tanh/lause01877.cmp
2025-05-09 16:36:14,599     INFOparam_generation: processing   25 of  148: /home/meelis/merlin/egs/build_your_own_voice/s1/experiments/eva_laused/acoustic_model/gen/feed_forward_6_tanh/lause01878.cmp
2025-05-09 16:36:14,610     INFOparam_generation: processing   26 of  148: /home/meelis/merlin/egs/build_your_own_voice/s1/experiments/eva_laused/acoustic_model/gen/feed_forward_6_tanh/lause01879.cmp
2025-05-09 16:36:14,617     INFOparam_generation: processing   27 of  148: /home/meelis/merlin/egs/build_your_own_voice/s1/experiments/eva_laused/acoustic_model/gen/feed_forward_6_tanh/lause01880.cmp
2025-05-09 16:36:14,626     INFOparam_generation: processing   28 of  148: /home/meelis/merlin/egs/build_your_own_voice/s1/experiments/eva_laused/acoustic_model/gen/feed_forward_6_tanh/lause01881.cmp
2025-05-09 16:36:14,635     INFOparam_generation: processing   29 of  148: /home/meelis/merlin/egs/build_your_own_voice/s1/experiments/eva_laused/acoustic_model/gen/feed_forward_6_tanh/lause01882.cmp
2025-05-09 16:36:14,643     INFOparam_generation: processing   30 of  148: /home/meelis/merlin/egs/build_your_own_voice/s1/experiments/eva_laused/acoustic_model/gen/feed_forward_6_tanh/lause01883.cmp
2025-05-09 16:36:14,652     INFOparam_generation: processing   31 of  148: /home/meelis/merlin/egs/build_your_own_voice/s1/experiments/eva_laused/acoustic_model/gen/feed_forward_6_tanh/lause01884.cmp
2025-05-09 16:36:14,660     INFOparam_generation: processing   32 of  148: /home/meelis/merlin/egs/build_your_own_voice/s1/experiments/eva_laused/acoustic_model/gen/feed_forward_6_tanh/lause01885.cmp
2025-05-09 16:36:14,669     INFOparam_generation: processing   33 of  148: /home/meelis/merlin/egs/build_your_own_voice/s1/experiments/eva_laused/acoustic_model/gen/feed_forward_6_tanh/lause01886.cmp
2025-05-09 16:36:14,679     INFOparam_generation: processing   34 of  148: /home/meelis/merlin/egs/build_your_own_voice/s1/experiments/eva_laused/acoustic_model/gen/feed_forward_6_tanh/lause01887.cmp
2025-05-09 16:36:14,690     INFOparam_generation: processing   35 of  148: /home/meelis/merlin/egs/build_your_own_voice/s1/experiments/eva_laused/acoustic_model/gen/feed_forward_6_tanh/lause01888.cmp
2025-05-09 16:36:14,702     INFOparam_generation: processing   36 of  148: /home/meelis/merlin/egs/build_your_own_voice/s1/experiments/eva_laused/acoustic_model/gen/feed_forward_6_tanh/lause01889.cmp
2025-05-09 16:36:14,713     INFOparam_generation: processing   37 of  148: /home/meelis/merlin/egs/build_your_own_voice/s1/experiments/eva_laused/acoustic_model/gen/feed_forward_6_tanh/lause01890.cmp
2025-05-09 16:36:14,724     INFOparam_generation: processing   38 of  148: /home/meelis/merlin/egs/build_your_own_voice/s1/experiments/eva_laused/acoustic_model/gen/feed_forward_6_tanh/lause01891.cmp
2025-05-09 16:36:14,733     INFOparam_generation: processing   39 of  148: /home/meelis/merlin/egs/build_your_own_voice/s1/experiments/eva_laused/acoustic_model/gen/feed_forward_6_tanh/lause01892.cmp
2025-05-09 16:36:14,742     INFOparam_generation: processing   40 of  148: /home/meelis/merlin/egs/build_your_own_voice/s1/experiments/eva_laused/acoustic_model/gen/feed_forward_6_tanh/lause01893.cmp
2025-05-09 16:36:14,750     INFOparam_generation: processing   41 of  148: /home/meelis/merlin/egs/build_your_own_voice/s1/experiments/eva_laused/acoustic_model/gen/feed_forward_6_tanh/lause01894.cmp
2025-05-09 16:36:14,759     INFOparam_generation: processing   42 of  148: /home/meelis/merlin/egs/build_your_own_voice/s1/experiments/eva_laused/acoustic_model/gen/feed_forward_6_tanh/lause01895.cmp
2025-05-09 16:36:14,766     INFOparam_generation: processing   43 of  148: /home/meelis/merlin/egs/build_your_own_voice/s1/experiments/eva_laused/acoustic_model/gen/feed_forward_6_tanh/lause01896.cmp
2025-05-09 16:36:14,773     INFOparam_generation: processing   44 of  148: /home/meelis/merlin/egs/build_your_own_voice/s1/experiments/eva_laused/acoustic_model/gen/feed_forward_6_tanh/lause01897.cmp
2025-05-09 16:36:14,780     INFOparam_generation: processing   45 of  148: /home/meelis/merlin/egs/build_your_own_voice/s1/experiments/eva_laused/acoustic_model/gen/feed_forward_6_tanh/lause01898.cmp
2025-05-09 16:36:14,786     INFOparam_generation: processing   46 of  148: /home/meelis/merlin/egs/build_your_own_voice/s1/experiments/eva_laused/acoustic_model/gen/feed_forward_6_tanh/lause01899.cmp
2025-05-09 16:36:14,794     INFOparam_generation: processing   47 of  148: /home/meelis/merlin/egs/build_your_own_voice/s1/experiments/eva_laused/acoustic_model/gen/feed_forward_6_tanh/lause01900.cmp
2025-05-09 16:36:14,803     INFOparam_generation: processing   48 of  148: /home/meelis/merlin/egs/build_your_own_voice/s1/experiments/eva_laused/acoustic_model/gen/feed_forward_6_tanh/lause01901.cmp
2025-05-09 16:36:14,810     INFOparam_generation: processing   49 of  148: /home/meelis/merlin/egs/build_your_own_voice/s1/experiments/eva_laused/acoustic_model/gen/feed_forward_6_tanh/lause01902.cmp
2025-05-09 16:36:14,820     INFOparam_generation: processing   50 of  148: /home/meelis/merlin/egs/build_your_own_voice/s1/experiments/eva_laused/acoustic_model/gen/feed_forward_6_tanh/lause01903.cmp
2025-05-09 16:36:14,829     INFOparam_generation: processing   51 of  148: /home/meelis/merlin/egs/build_your_own_voice/s1/experiments/eva_laused/acoustic_model/gen/feed_forward_6_tanh/lause01904.cmp
2025-05-09 16:36:14,838     INFOparam_generation: processing   52 of  148: /home/meelis/merlin/egs/build_your_own_voice/s1/experiments/eva_laused/acoustic_model/gen/feed_forward_6_tanh/lause01905.cmp
2025-05-09 16:36:14,845     INFOparam_generation: processing   53 of  148: /home/meelis/merlin/egs/build_your_own_voice/s1/experiments/eva_laused/acoustic_model/gen/feed_forward_6_tanh/lause01906.cmp
2025-05-09 16:36:14,852     INFOparam_generation: processing   54 of  148: /home/meelis/merlin/egs/build_your_own_voice/s1/experiments/eva_laused/acoustic_model/gen/feed_forward_6_tanh/lause01907.cmp
2025-05-09 16:36:14,861     INFOparam_generation: processing   55 of  148: /home/meelis/merlin/egs/build_your_own_voice/s1/experiments/eva_laused/acoustic_model/gen/feed_forward_6_tanh/lause01908.cmp
2025-05-09 16:36:14,871     INFOparam_generation: processing   56 of  148: /home/meelis/merlin/egs/build_your_own_voice/s1/experiments/eva_laused/acoustic_model/gen/feed_forward_6_tanh/lause01909.cmp
2025-05-09 16:36:14,878     INFOparam_generation: processing   57 of  148: /home/meelis/merlin/egs/build_your_own_voice/s1/experiments/eva_laused/acoustic_model/gen/feed_forward_6_tanh/lause01910.cmp
2025-05-09 16:36:14,884     INFOparam_generation: processing   58 of  148: /home/meelis/merlin/egs/build_your_own_voice/s1/experiments/eva_laused/acoustic_model/gen/feed_forward_6_tanh/lause01911.cmp
2025-05-09 16:36:14,893     INFOparam_generation: processing   59 of  148: /home/meelis/merlin/egs/build_your_own_voice/s1/experiments/eva_laused/acoustic_model/gen/feed_forward_6_tanh/lause01912.cmp
2025-05-09 16:36:14,900     INFOparam_generation: processing   60 of  148: /home/meelis/merlin/egs/build_your_own_voice/s1/experiments/eva_laused/acoustic_model/gen/feed_forward_6_tanh/lause01913.cmp
2025-05-09 16:36:14,908     INFOparam_generation: processing   61 of  148: /home/meelis/merlin/egs/build_your_own_voice/s1/experiments/eva_laused/acoustic_model/gen/feed_forward_6_tanh/lause01914.cmp
2025-05-09 16:36:14,915     INFOparam_generation: processing   62 of  148: /home/meelis/merlin/egs/build_your_own_voice/s1/experiments/eva_laused/acoustic_model/gen/feed_forward_6_tanh/lause01915.cmp
2025-05-09 16:36:14,924     INFOparam_generation: processing   63 of  148: /home/meelis/merlin/egs/build_your_own_voice/s1/experiments/eva_laused/acoustic_model/gen/feed_forward_6_tanh/lause01916.cmp
2025-05-09 16:36:14,933     INFOparam_generation: processing   64 of  148: /home/meelis/merlin/egs/build_your_own_voice/s1/experiments/eva_laused/acoustic_model/gen/feed_forward_6_tanh/lause01917.cmp
2025-05-09 16:36:14,940     INFOparam_generation: processing   65 of  148: /home/meelis/merlin/egs/build_your_own_voice/s1/experiments/eva_laused/acoustic_model/gen/feed_forward_6_tanh/lause01918.cmp
2025-05-09 16:36:14,950     INFOparam_generation: processing   66 of  148: /home/meelis/merlin/egs/build_your_own_voice/s1/experiments/eva_laused/acoustic_model/gen/feed_forward_6_tanh/lause01919.cmp
2025-05-09 16:36:14,959     INFOparam_generation: processing   67 of  148: /home/meelis/merlin/egs/build_your_own_voice/s1/experiments/eva_laused/acoustic_model/gen/feed_forward_6_tanh/lause01920.cmp
2025-05-09 16:36:14,968     INFOparam_generation: processing   68 of  148: /home/meelis/merlin/egs/build_your_own_voice/s1/experiments/eva_laused/acoustic_model/gen/feed_forward_6_tanh/lause01921.cmp
2025-05-09 16:36:14,976     INFOparam_generation: processing   69 of  148: /home/meelis/merlin/egs/build_your_own_voice/s1/experiments/eva_laused/acoustic_model/gen/feed_forward_6_tanh/lause01922.cmp
2025-05-09 16:36:14,985     INFOparam_generation: processing   70 of  148: /home/meelis/merlin/egs/build_your_own_voice/s1/experiments/eva_laused/acoustic_model/gen/feed_forward_6_tanh/lause01923.cmp
2025-05-09 16:36:14,996     INFOparam_generation: processing   71 of  148: /home/meelis/merlin/egs/build_your_own_voice/s1/experiments/eva_laused/acoustic_model/gen/feed_forward_6_tanh/lause01924.cmp
2025-05-09 16:36:15,004     INFOparam_generation: processing   72 of  148: /home/meelis/merlin/egs/build_your_own_voice/s1/experiments/eva_laused/acoustic_model/gen/feed_forward_6_tanh/lause01925.cmp
2025-05-09 16:36:15,015     INFOparam_generation: processing   73 of  148: /home/meelis/merlin/egs/build_your_own_voice/s1/experiments/eva_laused/acoustic_model/gen/feed_forward_6_tanh/lause01926.cmp
2025-05-09 16:36:15,023     INFOparam_generation: processing   74 of  148: /home/meelis/merlin/egs/build_your_own_voice/s1/experiments/eva_laused/acoustic_model/gen/feed_forward_6_tanh/lause01927.cmp
2025-05-09 16:36:15,031     INFOparam_generation: processing   75 of  148: /home/meelis/merlin/egs/build_your_own_voice/s1/experiments/eva_laused/acoustic_model/gen/feed_forward_6_tanh/lause01928.cmp
2025-05-09 16:36:15,041     INFOparam_generation: processing   76 of  148: /home/meelis/merlin/egs/build_your_own_voice/s1/experiments/eva_laused/acoustic_model/gen/feed_forward_6_tanh/lause01929.cmp
2025-05-09 16:36:15,048     INFOparam_generation: processing   77 of  148: /home/meelis/merlin/egs/build_your_own_voice/s1/experiments/eva_laused/acoustic_model/gen/feed_forward_6_tanh/lause01930.cmp
2025-05-09 16:36:15,058     INFOparam_generation: processing   78 of  148: /home/meelis/merlin/egs/build_your_own_voice/s1/experiments/eva_laused/acoustic_model/gen/feed_forward_6_tanh/lause01931.cmp
2025-05-09 16:36:15,068     INFOparam_generation: processing   79 of  148: /home/meelis/merlin/egs/build_your_own_voice/s1/experiments/eva_laused/acoustic_model/gen/feed_forward_6_tanh/lause01932.cmp
2025-05-09 16:36:15,077     INFOparam_generation: processing   80 of  148: /home/meelis/merlin/egs/build_your_own_voice/s1/experiments/eva_laused/acoustic_model/gen/feed_forward_6_tanh/lause01933.cmp
2025-05-09 16:36:15,085     INFOparam_generation: processing   81 of  148: /home/meelis/merlin/egs/build_your_own_voice/s1/experiments/eva_laused/acoustic_model/gen/feed_forward_6_tanh/lause01934.cmp
2025-05-09 16:36:15,094     INFOparam_generation: processing   82 of  148: /home/meelis/merlin/egs/build_your_own_voice/s1/experiments/eva_laused/acoustic_model/gen/feed_forward_6_tanh/lause01935.cmp
2025-05-09 16:36:15,103     INFOparam_generation: processing   83 of  148: /home/meelis/merlin/egs/build_your_own_voice/s1/experiments/eva_laused/acoustic_model/gen/feed_forward_6_tanh/lause01936.cmp
2025-05-09 16:36:15,114     INFOparam_generation: processing   84 of  148: /home/meelis/merlin/egs/build_your_own_voice/s1/experiments/eva_laused/acoustic_model/gen/feed_forward_6_tanh/lause01937.cmp
2025-05-09 16:36:15,123     INFOparam_generation: processing   85 of  148: /home/meelis/merlin/egs/build_your_own_voice/s1/experiments/eva_laused/acoustic_model/gen/feed_forward_6_tanh/lause01938.cmp
2025-05-09 16:36:15,133     INFOparam_generation: processing   86 of  148: /home/meelis/merlin/egs/build_your_own_voice/s1/experiments/eva_laused/acoustic_model/gen/feed_forward_6_tanh/lause01939.cmp
2025-05-09 16:36:15,143     INFOparam_generation: processing   87 of  148: /home/meelis/merlin/egs/build_your_own_voice/s1/experiments/eva_laused/acoustic_model/gen/feed_forward_6_tanh/lause01940.cmp
2025-05-09 16:36:15,152     INFOparam_generation: processing   88 of  148: /home/meelis/merlin/egs/build_your_own_voice/s1/experiments/eva_laused/acoustic_model/gen/feed_forward_6_tanh/lause01941.cmp
2025-05-09 16:36:15,160     INFOparam_generation: processing   89 of  148: /home/meelis/merlin/egs/build_your_own_voice/s1/experiments/eva_laused/acoustic_model/gen/feed_forward_6_tanh/lause01942.cmp
2025-05-09 16:36:15,169     INFOparam_generation: processing   90 of  148: /home/meelis/merlin/egs/build_your_own_voice/s1/experiments/eva_laused/acoustic_model/gen/feed_forward_6_tanh/lause01943.cmp
2025-05-09 16:36:15,179     INFOparam_generation: processing   91 of  148: /home/meelis/merlin/egs/build_your_own_voice/s1/experiments/eva_laused/acoustic_model/gen/feed_forward_6_tanh/lause01944.cmp
2025-05-09 16:36:15,187     INFOparam_generation: processing   92 of  148: /home/meelis/merlin/egs/build_your_own_voice/s1/experiments/eva_laused/acoustic_model/gen/feed_forward_6_tanh/lause01945.cmp
2025-05-09 16:36:15,196     INFOparam_generation: processing   93 of  148: /home/meelis/merlin/egs/build_your_own_voice/s1/experiments/eva_laused/acoustic_model/gen/feed_forward_6_tanh/lause01946.cmp
2025-05-09 16:36:15,205     INFOparam_generation: processing   94 of  148: /home/meelis/merlin/egs/build_your_own_voice/s1/experiments/eva_laused/acoustic_model/gen/feed_forward_6_tanh/lause01947.cmp
2025-05-09 16:36:15,213     INFOparam_generation: processing   95 of  148: /home/meelis/merlin/egs/build_your_own_voice/s1/experiments/eva_laused/acoustic_model/gen/feed_forward_6_tanh/lause01948.cmp
2025-05-09 16:36:15,223     INFOparam_generation: processing   96 of  148: /home/meelis/merlin/egs/build_your_own_voice/s1/experiments/eva_laused/acoustic_model/gen/feed_forward_6_tanh/lause01949.cmp
2025-05-09 16:36:15,235     INFOparam_generation: processing   97 of  148: /home/meelis/merlin/egs/build_your_own_voice/s1/experiments/eva_laused/acoustic_model/gen/feed_forward_6_tanh/lause01950.cmp
2025-05-09 16:36:15,243     INFOparam_generation: processing   98 of  148: /home/meelis/merlin/egs/build_your_own_voice/s1/experiments/eva_laused/acoustic_model/gen/feed_forward_6_tanh/lause01951.cmp
2025-05-09 16:36:15,253     INFOparam_generation: processing   99 of  148: /home/meelis/merlin/egs/build_your_own_voice/s1/experiments/eva_laused/acoustic_model/gen/feed_forward_6_tanh/lause01952.cmp
2025-05-09 16:36:15,262     INFOparam_generation: processing  100 of  148: /home/meelis/merlin/egs/build_your_own_voice/s1/experiments/eva_laused/acoustic_model/gen/feed_forward_6_tanh/lause01953.cmp
2025-05-09 16:36:15,271     INFOparam_generation: processing  101 of  148: /home/meelis/merlin/egs/build_your_own_voice/s1/experiments/eva_laused/acoustic_model/gen/feed_forward_6_tanh/lause01954.cmp
2025-05-09 16:36:15,280     INFOparam_generation: processing  102 of  148: /home/meelis/merlin/egs/build_your_own_voice/s1/experiments/eva_laused/acoustic_model/gen/feed_forward_6_tanh/lause01955.cmp
2025-05-09 16:36:15,294     INFOparam_generation: processing  103 of  148: /home/meelis/merlin/egs/build_your_own_voice/s1/experiments/eva_laused/acoustic_model/gen/feed_forward_6_tanh/lause01956.cmp
2025-05-09 16:36:15,305     INFOparam_generation: processing  104 of  148: /home/meelis/merlin/egs/build_your_own_voice/s1/experiments/eva_laused/acoustic_model/gen/feed_forward_6_tanh/lause01957.cmp
2025-05-09 16:36:15,317     INFOparam_generation: processing  105 of  148: /home/meelis/merlin/egs/build_your_own_voice/s1/experiments/eva_laused/acoustic_model/gen/feed_forward_6_tanh/lause01958.cmp
2025-05-09 16:36:15,326     INFOparam_generation: processing  106 of  148: /home/meelis/merlin/egs/build_your_own_voice/s1/experiments/eva_laused/acoustic_model/gen/feed_forward_6_tanh/lause01959.cmp
2025-05-09 16:36:15,337     INFOparam_generation: processing  107 of  148: /home/meelis/merlin/egs/build_your_own_voice/s1/experiments/eva_laused/acoustic_model/gen/feed_forward_6_tanh/lause01960.cmp
2025-05-09 16:36:15,346     INFOparam_generation: processing  108 of  148: /home/meelis/merlin/egs/build_your_own_voice/s1/experiments/eva_laused/acoustic_model/gen/feed_forward_6_tanh/lause01961.cmp
2025-05-09 16:36:15,356     INFOparam_generation: processing  109 of  148: /home/meelis/merlin/egs/build_your_own_voice/s1/experiments/eva_laused/acoustic_model/gen/feed_forward_6_tanh/lause01962.cmp
2025-05-09 16:36:15,367     INFOparam_generation: processing  110 of  148: /home/meelis/merlin/egs/build_your_own_voice/s1/experiments/eva_laused/acoustic_model/gen/feed_forward_6_tanh/lause01963.cmp
2025-05-09 16:36:15,375     INFOparam_generation: processing  111 of  148: /home/meelis/merlin/egs/build_your_own_voice/s1/experiments/eva_laused/acoustic_model/gen/feed_forward_6_tanh/lause01964.cmp
2025-05-09 16:36:15,383     INFOparam_generation: processing  112 of  148: /home/meelis/merlin/egs/build_your_own_voice/s1/experiments/eva_laused/acoustic_model/gen/feed_forward_6_tanh/lause01965.cmp
2025-05-09 16:36:15,393     INFOparam_generation: processing  113 of  148: /home/meelis/merlin/egs/build_your_own_voice/s1/experiments/eva_laused/acoustic_model/gen/feed_forward_6_tanh/lause01966.cmp
2025-05-09 16:36:15,400     INFOparam_generation: processing  114 of  148: /home/meelis/merlin/egs/build_your_own_voice/s1/experiments/eva_laused/acoustic_model/gen/feed_forward_6_tanh/lause01967.cmp
2025-05-09 16:36:15,407     INFOparam_generation: processing  115 of  148: /home/meelis/merlin/egs/build_your_own_voice/s1/experiments/eva_laused/acoustic_model/gen/feed_forward_6_tanh/lause01968.cmp
2025-05-09 16:36:15,414     INFOparam_generation: processing  116 of  148: /home/meelis/merlin/egs/build_your_own_voice/s1/experiments/eva_laused/acoustic_model/gen/feed_forward_6_tanh/lause01969.cmp
2025-05-09 16:36:15,421     INFOparam_generation: processing  117 of  148: /home/meelis/merlin/egs/build_your_own_voice/s1/experiments/eva_laused/acoustic_model/gen/feed_forward_6_tanh/lause01970.cmp
2025-05-09 16:36:15,427     INFOparam_generation: processing  118 of  148: /home/meelis/merlin/egs/build_your_own_voice/s1/experiments/eva_laused/acoustic_model/gen/feed_forward_6_tanh/lause01971.cmp
2025-05-09 16:36:15,439     INFOparam_generation: processing  119 of  148: /home/meelis/merlin/egs/build_your_own_voice/s1/experiments/eva_laused/acoustic_model/gen/feed_forward_6_tanh/lause01972.cmp
2025-05-09 16:36:15,447     INFOparam_generation: processing  120 of  148: /home/meelis/merlin/egs/build_your_own_voice/s1/experiments/eva_laused/acoustic_model/gen/feed_forward_6_tanh/lause01973.cmp
2025-05-09 16:36:15,454     INFOparam_generation: processing  121 of  148: /home/meelis/merlin/egs/build_your_own_voice/s1/experiments/eva_laused/acoustic_model/gen/feed_forward_6_tanh/lause01974.cmp
2025-05-09 16:36:15,461     INFOparam_generation: processing  122 of  148: /home/meelis/merlin/egs/build_your_own_voice/s1/experiments/eva_laused/acoustic_model/gen/feed_forward_6_tanh/lause01975.cmp
2025-05-09 16:36:15,471     INFOparam_generation: processing  123 of  148: /home/meelis/merlin/egs/build_your_own_voice/s1/experiments/eva_laused/acoustic_model/gen/feed_forward_6_tanh/lause01976.cmp
2025-05-09 16:36:15,479     INFOparam_generation: processing  124 of  148: /home/meelis/merlin/egs/build_your_own_voice/s1/experiments/eva_laused/acoustic_model/gen/feed_forward_6_tanh/lause01977.cmp
2025-05-09 16:36:15,488     INFOparam_generation: processing  125 of  148: /home/meelis/merlin/egs/build_your_own_voice/s1/experiments/eva_laused/acoustic_model/gen/feed_forward_6_tanh/lause01978.cmp
2025-05-09 16:36:15,497     INFOparam_generation: processing  126 of  148: /home/meelis/merlin/egs/build_your_own_voice/s1/experiments/eva_laused/acoustic_model/gen/feed_forward_6_tanh/lause01979.cmp
2025-05-09 16:36:15,507     INFOparam_generation: processing  127 of  148: /home/meelis/merlin/egs/build_your_own_voice/s1/experiments/eva_laused/acoustic_model/gen/feed_forward_6_tanh/lause01980.cmp
2025-05-09 16:36:15,515     INFOparam_generation: processing  128 of  148: /home/meelis/merlin/egs/build_your_own_voice/s1/experiments/eva_laused/acoustic_model/gen/feed_forward_6_tanh/lause01981.cmp
2025-05-09 16:36:15,524     INFOparam_generation: processing  129 of  148: /home/meelis/merlin/egs/build_your_own_voice/s1/experiments/eva_laused/acoustic_model/gen/feed_forward_6_tanh/lause01982.cmp
2025-05-09 16:36:15,530     INFOparam_generation: processing  130 of  148: /home/meelis/merlin/egs/build_your_own_voice/s1/experiments/eva_laused/acoustic_model/gen/feed_forward_6_tanh/lause01983.cmp
2025-05-09 16:36:15,539     INFOparam_generation: processing  131 of  148: /home/meelis/merlin/egs/build_your_own_voice/s1/experiments/eva_laused/acoustic_model/gen/feed_forward_6_tanh/lause01984.cmp
2025-05-09 16:36:15,545     INFOparam_generation: processing  132 of  148: /home/meelis/merlin/egs/build_your_own_voice/s1/experiments/eva_laused/acoustic_model/gen/feed_forward_6_tanh/lause01985.cmp
2025-05-09 16:36:15,552     INFOparam_generation: processing  133 of  148: /home/meelis/merlin/egs/build_your_own_voice/s1/experiments/eva_laused/acoustic_model/gen/feed_forward_6_tanh/lause01986.cmp
2025-05-09 16:36:15,559     INFOparam_generation: processing  134 of  148: /home/meelis/merlin/egs/build_your_own_voice/s1/experiments/eva_laused/acoustic_model/gen/feed_forward_6_tanh/lause01987.cmp
2025-05-09 16:36:15,564     INFOparam_generation: processing  135 of  148: /home/meelis/merlin/egs/build_your_own_voice/s1/experiments/eva_laused/acoustic_model/gen/feed_forward_6_tanh/lause01988.cmp
2025-05-09 16:36:15,571     INFOparam_generation: processing  136 of  148: /home/meelis/merlin/egs/build_your_own_voice/s1/experiments/eva_laused/acoustic_model/gen/feed_forward_6_tanh/lause01989.cmp
2025-05-09 16:36:15,577     INFOparam_generation: processing  137 of  148: /home/meelis/merlin/egs/build_your_own_voice/s1/experiments/eva_laused/acoustic_model/gen/feed_forward_6_tanh/lause01990.cmp
2025-05-09 16:36:15,583     INFOparam_generation: processing  138 of  148: /home/meelis/merlin/egs/build_your_own_voice/s1/experiments/eva_laused/acoustic_model/gen/feed_forward_6_tanh/lause01991.cmp
2025-05-09 16:36:15,591     INFOparam_generation: processing  139 of  148: /home/meelis/merlin/egs/build_your_own_voice/s1/experiments/eva_laused/acoustic_model/gen/feed_forward_6_tanh/lause01992.cmp
2025-05-09 16:36:15,598     INFOparam_generation: processing  140 of  148: /home/meelis/merlin/egs/build_your_own_voice/s1/experiments/eva_laused/acoustic_model/gen/feed_forward_6_tanh/lause01993.cmp
2025-05-09 16:36:15,606     INFOparam_generation: processing  141 of  148: /home/meelis/merlin/egs/build_your_own_voice/s1/experiments/eva_laused/acoustic_model/gen/feed_forward_6_tanh/lause01994.cmp
2025-05-09 16:36:15,615     INFOparam_generation: processing  142 of  148: /home/meelis/merlin/egs/build_your_own_voice/s1/experiments/eva_laused/acoustic_model/gen/feed_forward_6_tanh/lause01995.cmp
2025-05-09 16:36:15,620     INFOparam_generation: processing  143 of  148: /home/meelis/merlin/egs/build_your_own_voice/s1/experiments/eva_laused/acoustic_model/gen/feed_forward_6_tanh/lause01996.cmp
2025-05-09 16:36:15,626     INFOparam_generation: processing  144 of  148: /home/meelis/merlin/egs/build_your_own_voice/s1/experiments/eva_laused/acoustic_model/gen/feed_forward_6_tanh/lause01997.cmp
2025-05-09 16:36:15,632     INFOparam_generation: processing  145 of  148: /home/meelis/merlin/egs/build_your_own_voice/s1/experiments/eva_laused/acoustic_model/gen/feed_forward_6_tanh/lause01998.cmp
2025-05-09 16:36:15,639     INFOparam_generation: processing  146 of  148: /home/meelis/merlin/egs/build_your_own_voice/s1/experiments/eva_laused/acoustic_model/gen/feed_forward_6_tanh/lause01999.cmp
2025-05-09 16:36:15,646     INFOparam_generation: processing  147 of  148: /home/meelis/merlin/egs/build_your_own_voice/s1/experiments/eva_laused/acoustic_model/gen/feed_forward_6_tanh/lause02000.cmp
2025-05-09 16:36:15,652     INFOparam_generation: processing  148 of  148: /home/meelis/merlin/egs/build_your_own_voice/s1/experiments/eva_laused/acoustic_model/gen/feed_forward_6_tanh/lause02001.cmp
2025-05-09 16:36:15,658     INFO           main: reconstructing waveform(s)
2025-05-09 16:36:15,658     INFO wav_generation: creating waveform for    1 of  148: lause01854
2025-05-09 16:36:16,542     INFO wav_generation: creating waveform for    2 of  148: lause01855
2025-05-09 16:36:17,655     INFO wav_generation: creating waveform for    3 of  148: lause01856
2025-05-09 16:36:18,373     INFO wav_generation: creating waveform for    4 of  148: lause01857
2025-05-09 16:36:19,541     INFO wav_generation: creating waveform for    5 of  148: lause01858
2025-05-09 16:36:21,110     INFO wav_generation: creating waveform for    6 of  148: lause01859
2025-05-09 16:36:22,343     INFO wav_generation: creating waveform for    7 of  148: lause01860
2025-05-09 16:36:23,009     INFO wav_generation: creating waveform for    8 of  148: lause01861
2025-05-09 16:36:23,938     INFO wav_generation: creating waveform for    9 of  148: lause01862
2025-05-09 16:36:25,268     INFO wav_generation: creating waveform for   10 of  148: lause01863
2025-05-09 16:36:26,246     INFO wav_generation: creating waveform for   11 of  148: lause01864
2025-05-09 16:36:27,968     INFO wav_generation: creating waveform for   12 of  148: lause01865
2025-05-09 16:36:29,563     INFO wav_generation: creating waveform for   13 of  148: lause01866
2025-05-09 16:36:30,891     INFO wav_generation: creating waveform for   14 of  148: lause01867
2025-05-09 16:36:31,723     INFO wav_generation: creating waveform for   15 of  148: lause01868
2025-05-09 16:36:33,388     INFO wav_generation: creating waveform for   16 of  148: lause01869
2025-05-09 16:36:34,472     INFO wav_generation: creating waveform for   17 of  148: lause01870
2025-05-09 16:36:36,812     INFO wav_generation: creating waveform for   18 of  148: lause01871
2025-05-09 16:36:38,134     INFO wav_generation: creating waveform for   19 of  148: lause01872
2025-05-09 16:36:39,885     INFO wav_generation: creating waveform for   20 of  148: lause01873
2025-05-09 16:36:41,329     INFO wav_generation: creating waveform for   21 of  148: lause01874
2025-05-09 16:36:43,012     INFO wav_generation: creating waveform for   22 of  148: lause01875
2025-05-09 16:36:44,881     INFO wav_generation: creating waveform for   23 of  148: lause01876
2025-05-09 16:36:46,177     INFO wav_generation: creating waveform for   24 of  148: lause01877
2025-05-09 16:36:47,033     INFO wav_generation: creating waveform for   25 of  148: lause01878
2025-05-09 16:36:48,837     INFO wav_generation: creating waveform for   26 of  148: lause01879
2025-05-09 16:36:49,818     INFO wav_generation: creating waveform for   27 of  148: lause01880
2025-05-09 16:36:51,001     INFO wav_generation: creating waveform for   28 of  148: lause01881
2025-05-09 16:36:52,451     INFO wav_generation: creating waveform for   29 of  148: lause01882
2025-05-09 16:36:53,522     INFO wav_generation: creating waveform for   30 of  148: lause01883
2025-05-09 16:36:54,865     INFO wav_generation: creating waveform for   31 of  148: lause01884
2025-05-09 16:36:56,128     INFO wav_generation: creating waveform for   32 of  148: lause01885
2025-05-09 16:36:57,465     INFO wav_generation: creating waveform for   33 of  148: lause01886
2025-05-09 16:36:58,991     INFO wav_generation: creating waveform for   34 of  148: lause01887
2025-05-09 16:37:00,771     INFO wav_generation: creating waveform for   35 of  148: lause01888
2025-05-09 16:37:02,724     INFO wav_generation: creating waveform for   36 of  148: lause01889
2025-05-09 16:37:04,541     INFO wav_generation: creating waveform for   37 of  148: lause01890
2025-05-09 16:37:06,438     INFO wav_generation: creating waveform for   38 of  148: lause01891
2025-05-09 16:37:07,770     INFO wav_generation: creating waveform for   39 of  148: lause01892
2025-05-09 16:37:09,163     INFO wav_generation: creating waveform for   40 of  148: lause01893
2025-05-09 16:37:10,259     INFO wav_generation: creating waveform for   41 of  148: lause01894
2025-05-09 16:37:11,702     INFO wav_generation: creating waveform for   42 of  148: lause01895
2025-05-09 16:37:12,774     INFO wav_generation: creating waveform for   43 of  148: lause01896
2025-05-09 16:37:13,672     INFO wav_generation: creating waveform for   44 of  148: lause01897
2025-05-09 16:37:14,487     INFO wav_generation: creating waveform for   45 of  148: lause01898
2025-05-09 16:37:15,194     INFO wav_generation: creating waveform for   46 of  148: lause01899
2025-05-09 16:37:16,309     INFO wav_generation: creating waveform for   47 of  148: lause01900
2025-05-09 16:37:17,700     INFO wav_generation: creating waveform for   48 of  148: lause01901
2025-05-09 16:37:18,688     INFO wav_generation: creating waveform for   49 of  148: lause01902
2025-05-09 16:37:20,252     INFO wav_generation: creating waveform for   50 of  148: lause01903
2025-05-09 16:37:21,491     INFO wav_generation: creating waveform for   51 of  148: lause01904
2025-05-09 16:37:22,831     INFO wav_generation: creating waveform for   52 of  148: lause01905
2025-05-09 16:37:23,854     INFO wav_generation: creating waveform for   53 of  148: lause01906
2025-05-09 16:37:24,815     INFO wav_generation: creating waveform for   54 of  148: lause01907
2025-05-09 16:37:26,168     INFO wav_generation: creating waveform for   55 of  148: lause01908
2025-05-09 16:37:27,616     INFO wav_generation: creating waveform for   56 of  148: lause01909
2025-05-09 16:37:28,593     INFO wav_generation: creating waveform for   57 of  148: lause01910
2025-05-09 16:37:29,421     INFO wav_generation: creating waveform for   58 of  148: lause01911
2025-05-09 16:37:30,556     INFO wav_generation: creating waveform for   59 of  148: lause01912
2025-05-09 16:37:31,680     INFO wav_generation: creating waveform for   60 of  148: lause01913
2025-05-09 16:37:32,713     INFO wav_generation: creating waveform for   61 of  148: lause01914
2025-05-09 16:37:33,761     INFO wav_generation: creating waveform for   62 of  148: lause01915
2025-05-09 16:37:34,929     INFO wav_generation: creating waveform for   63 of  148: lause01916
2025-05-09 16:37:36,335     INFO wav_generation: creating waveform for   64 of  148: lause01917
2025-05-09 16:37:37,386     INFO wav_generation: creating waveform for   65 of  148: lause01918
2025-05-09 16:37:38,973     INFO wav_generation: creating waveform for   66 of  148: lause01919
2025-05-09 16:37:40,190     INFO wav_generation: creating waveform for   67 of  148: lause01920
2025-05-09 16:37:41,579     INFO wav_generation: creating waveform for   68 of  148: lause01921
2025-05-09 16:37:42,744     INFO wav_generation: creating waveform for   69 of  148: lause01922
2025-05-09 16:37:44,062     INFO wav_generation: creating waveform for   70 of  148: lause01923
2025-05-09 16:37:46,032     INFO wav_generation: creating waveform for   71 of  148: lause01924
2025-05-09 16:37:47,097     INFO wav_generation: creating waveform for   72 of  148: lause01925
2025-05-09 16:37:48,812     INFO wav_generation: creating waveform for   73 of  148: lause01926
2025-05-09 16:37:50,142     INFO wav_generation: creating waveform for   74 of  148: lause01927
2025-05-09 16:37:51,288     INFO wav_generation: creating waveform for   75 of  148: lause01928
2025-05-09 16:37:52,682     INFO wav_generation: creating waveform for   76 of  148: lause01929
2025-05-09 16:37:53,742     INFO wav_generation: creating waveform for   77 of  148: lause01930
2025-05-09 16:37:55,236     INFO wav_generation: creating waveform for   78 of  148: lause01931
2025-05-09 16:37:56,800     INFO wav_generation: creating waveform for   79 of  148: lause01932
2025-05-09 16:37:58,257     INFO wav_generation: creating waveform for   80 of  148: lause01933
2025-05-09 16:37:59,268     INFO wav_generation: creating waveform for   81 of  148: lause01934
2025-05-09 16:38:00,693     INFO wav_generation: creating waveform for   82 of  148: lause01935
2025-05-09 16:38:02,140     INFO wav_generation: creating waveform for   83 of  148: lause01936
2025-05-09 16:38:03,828     INFO wav_generation: creating waveform for   84 of  148: lause01937
2025-05-09 16:38:05,315     INFO wav_generation: creating waveform for   85 of  148: lause01938
2025-05-09 16:38:06,866     INFO wav_generation: creating waveform for   86 of  148: lause01939
2025-05-09 16:38:08,521     INFO wav_generation: creating waveform for   87 of  148: lause01940
2025-05-09 16:38:09,771     INFO wav_generation: creating waveform for   88 of  148: lause01941
2025-05-09 16:38:11,022     INFO wav_generation: creating waveform for   89 of  148: lause01942
2025-05-09 16:38:12,212     INFO wav_generation: creating waveform for   90 of  148: lause01943
2025-05-09 16:38:13,819     INFO wav_generation: creating waveform for   91 of  148: lause01944
2025-05-09 16:38:15,085     INFO wav_generation: creating waveform for   92 of  148: lause01945
2025-05-09 16:38:16,348     INFO wav_generation: creating waveform for   93 of  148: lause01946
2025-05-09 16:38:17,702     INFO wav_generation: creating waveform for   94 of  148: lause01947
2025-05-09 16:38:18,999     INFO wav_generation: creating waveform for   95 of  148: lause01948
2025-05-09 16:38:20,507     INFO wav_generation: creating waveform for   96 of  148: lause01949
2025-05-09 16:38:22,434     INFO wav_generation: creating waveform for   97 of  148: lause01950
2025-05-09 16:38:23,587     INFO wav_generation: creating waveform for   98 of  148: lause01951
2025-05-09 16:38:25,218     INFO wav_generation: creating waveform for   99 of  148: lause01952
2025-05-09 16:38:26,450     INFO wav_generation: creating waveform for  100 of  148: lause01953
2025-05-09 16:38:27,778     INFO wav_generation: creating waveform for  101 of  148: lause01954
2025-05-09 16:38:29,231     INFO wav_generation: creating waveform for  102 of  148: lause01955
2025-05-09 16:38:31,737     INFO wav_generation: creating waveform for  103 of  148: lause01956
2025-05-09 16:38:33,508     INFO wav_generation: creating waveform for  104 of  148: lause01957
2025-05-09 16:38:35,422     INFO wav_generation: creating waveform for  105 of  148: lause01958
2025-05-09 16:38:36,752     INFO wav_generation: creating waveform for  106 of  148: lause01959
2025-05-09 16:38:38,553     INFO wav_generation: creating waveform for  107 of  148: lause01960
2025-05-09 16:38:40,010     INFO wav_generation: creating waveform for  108 of  148: lause01961
2025-05-09 16:38:41,621     INFO wav_generation: creating waveform for  109 of  148: lause01962
2025-05-09 16:38:43,259     INFO wav_generation: creating waveform for  110 of  148: lause01963
2025-05-09 16:38:44,394     INFO wav_generation: creating waveform for  111 of  148: lause01964
2025-05-09 16:38:45,609     INFO wav_generation: creating waveform for  112 of  148: lause01965
2025-05-09 16:38:47,235     INFO wav_generation: creating waveform for  113 of  148: lause01966
2025-05-09 16:38:48,124     INFO wav_generation: creating waveform for  114 of  148: lause01967
2025-05-09 16:38:49,023     INFO wav_generation: creating waveform for  115 of  148: lause01968
2025-05-09 16:38:50,015     INFO wav_generation: creating waveform for  116 of  148: lause01969
2025-05-09 16:38:50,819     INFO wav_generation: creating waveform for  117 of  148: lause01970
2025-05-09 16:38:51,642     INFO wav_generation: creating waveform for  118 of  148: lause01971
2025-05-09 16:38:53,469     INFO wav_generation: creating waveform for  119 of  148: lause01972
2025-05-09 16:38:54,678     INFO wav_generation: creating waveform for  120 of  148: lause01973
2025-05-09 16:38:55,642     INFO wav_generation: creating waveform for  121 of  148: lause01974
2025-05-09 16:38:56,572     INFO wav_generation: creating waveform for  122 of  148: lause01975
2025-05-09 16:38:57,990     INFO wav_generation: creating waveform for  123 of  148: lause01976
2025-05-09 16:38:59,301     INFO wav_generation: creating waveform for  124 of  148: lause01977
2025-05-09 16:39:00,663     INFO wav_generation: creating waveform for  125 of  148: lause01978
2025-05-09 16:39:01,950     INFO wav_generation: creating waveform for  126 of  148: lause01979
2025-05-09 16:39:03,609     INFO wav_generation: creating waveform for  127 of  148: lause01980
2025-05-09 16:39:04,748     INFO wav_generation: creating waveform for  128 of  148: lause01981
2025-05-09 16:39:05,971     INFO wav_generation: creating waveform for  129 of  148: lause01982
2025-05-09 16:39:06,841     INFO wav_generation: creating waveform for  130 of  148: lause01983
2025-05-09 16:39:08,071     INFO wav_generation: creating waveform for  131 of  148: lause01984
2025-05-09 16:39:08,806     INFO wav_generation: creating waveform for  132 of  148: lause01985
2025-05-09 16:39:09,794     INFO wav_generation: creating waveform for  133 of  148: lause01986
2025-05-09 16:39:10,666     INFO wav_generation: creating waveform for  134 of  148: lause01987
2025-05-09 16:39:11,225     INFO wav_generation: creating waveform for  135 of  148: lause01988
2025-05-09 16:39:11,939     INFO wav_generation: creating waveform for  136 of  148: lause01989
2025-05-09 16:39:12,769     INFO wav_generation: creating waveform for  137 of  148: lause01990
2025-05-09 16:39:13,405     INFO wav_generation: creating waveform for  138 of  148: lause01991
2025-05-09 16:39:14,610     INFO wav_generation: creating waveform for  139 of  148: lause01992
2025-05-09 16:39:15,589     INFO wav_generation: creating waveform for  140 of  148: lause01993
2025-05-09 16:39:16,738     INFO wav_generation: creating waveform for  141 of  148: lause01994
2025-05-09 16:39:17,971     INFO wav_generation: creating waveform for  142 of  148: lause01995
2025-05-09 16:39:18,522     INFO wav_generation: creating waveform for  143 of  148: lause01996
2025-05-09 16:39:19,227     INFO wav_generation: creating waveform for  144 of  148: lause01997
2025-05-09 16:39:19,945     INFO wav_generation: creating waveform for  145 of  148: lause01998
2025-05-09 16:39:20,762     INFO wav_generation: creating waveform for  146 of  148: lause01999
2025-05-09 16:39:21,698     INFO wav_generation: creating waveform for  147 of  148: lause02000
2025-05-09 16:39:22,467     INFO wav_generation: creating waveform for  148 of  148: lause02001
2025-05-09 16:39:23,188     INFO           main: calculating MCD
2025-05-09 16:39:24,636     INFO           main: Develop: DNN -- MCD: 4.285 dB; BAP: 0.343 dB; F0:- RMSE: 15.095 Hz; CORR: 0.878; VUV: 4.203%
2025-05-09 16:39:24,636     INFO           main: Test   : DNN -- MCD: 5.320 dB; BAP: 0.336 dB; F0:- RMSE: 21.536 Hz; CORR: 0.590; VUV: 10.490%
